Log file open, 02/11/22 19:12:20
LogWindows: Failed to load 'aqProf.dll' (GetLastError=126)
LogWindows: File 'aqProf.dll' does not exist
LogWindows: Failed to load 'VtuneApi.dll' (GetLastError=126)
LogWindows: File 'VtuneApi.dll' does not exist
LogWindows: Failed to load 'VtuneApi32e.dll' (GetLastError=126)
LogWindows: File 'VtuneApi32e.dll' does not exist
LogConsoleResponse: Display: Failed to find resolution value strings in scalability ini. Falling back to default.
LogConsoleResponse: Display: Failed to find resolution value strings in scalability ini. Falling back to default.
LogInit: Display: Running engine for game: FastArenaShooter
LogPlatformFile: Not using cached read wrapper
LogTaskGraph: Started task graph with 5 named threads and 35 total threads with 3 sets of task threads.
LogStats: Stats thread started at 1.041208
LogICUInternationalization: ICU TimeZone Detection - Raw Offset: +1:00, Platform Override: ''
LogInit: Display: Loading text-based GConfig....
LogPluginManager: Mounting plugin MeshPainting
LogPluginManager: Mounting plugin XGEController
LogPluginManager: Mounting plugin Paper2D
LogPluginManager: Mounting plugin AISupport
LogPluginManager: Mounting plugin LightPropagationVolume
LogPluginManager: Mounting plugin EnvironmentQueryEditor
LogPluginManager: Mounting plugin LiveLink
LogPluginManager: Mounting plugin AssetManagerEditor
LogPluginManager: Mounting plugin CryptoKeys
LogPluginManager: Mounting plugin CurveEditorTools
LogPluginManager: Mounting plugin DataValidation
LogPluginManager: Mounting plugin FacialAnimation
LogPluginManager: Mounting plugin GameplayTagsEditor
LogPluginManager: Mounting plugin GeometryMode
LogPluginManager: Mounting plugin MacGraphicsSwitching
LogPluginManager: Mounting plugin MaterialAnalyzer
LogPluginManager: Mounting plugin CameraShakePreviewer
LogPluginManager: Mounting plugin MobileLauncherProfileWizard
LogPluginManager: Mounting plugin PluginBrowser
LogPluginManager: Mounting plugin GameplayCameras
LogPluginManager: Mounting plugin SpeedTreeImporter
LogPluginManager: Mounting plugin DatasmithContent
LogPluginManager: Mounting plugin VariantManagerContent
LogPluginManager: Mounting plugin AnimationSharing
LogPluginManager: Mounting plugin CLionSourceCodeAccess
LogPluginManager: Mounting plugin CodeLiteSourceCodeAccess
LogPluginManager: Mounting plugin GitSourceControl
LogPluginManager: Mounting plugin KDevelopSourceCodeAccess
LogPluginManager: Mounting plugin NullSourceCodeAccess
LogPluginManager: Mounting plugin PerforceSourceControl
LogPluginManager: Mounting plugin PixWinPlugin
LogPluginManager: Mounting plugin PlasticSourceControl
LogPluginManager: Mounting plugin PluginUtils
LogPluginManager: Mounting plugin PropertyAccessNode
LogPluginManager: Mounting plugin RiderLink
LogPluginManager: Mounting plugin RiderSourceCodeAccess
LogPluginManager: Mounting plugin SubversionSourceControl
LogPluginManager: Mounting plugin TextureFormatOodle
LogPluginManager: Mounting plugin UObjectPlugin
LogPluginManager: Mounting plugin VisualStudioCodeSourceCodeAccess
LogPluginManager: Mounting plugin VisualStudioSourceCodeAccess
LogPluginManager: Mounting plugin XCodeSourceCodeAccess
LogPluginManager: Mounting plugin Niagara
LogPluginManager: Mounting plugin AlembicImporter
LogPluginManager: Mounting plugin AutomationUtils
LogPluginManager: Mounting plugin BackChannel
LogPluginManager: Mounting plugin ChaosCloth
LogPluginManager: Mounting plugin ChaosClothEditor
LogPluginManager: Mounting plugin ChaosEditor
LogPluginManager: Mounting plugin ChaosNiagara
LogPluginManager: Mounting plugin ChaosSolverPlugin
LogPluginManager: Mounting plugin CharacterAI
LogPluginManager: Mounting plugin GeometryCache
LogPluginManager: Mounting plugin GeometryCollectionPlugin
LogPluginManager: Mounting plugin GeometryProcessing
LogPluginManager: Mounting plugin MotoSynth
LogPluginManager: Mounting plugin OpenImageDenoise
LogPluginManager: Mounting plugin PlanarCut
LogPluginManager: Mounting plugin PlatformCrypto
LogPluginManager: Mounting plugin ProxyLODPlugin
LogPluginManager: Mounting plugin PythonScriptPlugin
LogPluginManager: Mounting plugin SkeletalReduction
LogPluginManager: Mounting plugin LuminPlatformFeatures
LogPluginManager: Mounting plugin MagicLeap
LogPluginManager: Mounting plugin MagicLeapMedia
LogPluginManager: Mounting plugin MagicLeapLightEstimation
LogPluginManager: Mounting plugin MagicLeapPassableWorld
LogPluginManager: Mounting plugin MLSDK
LogPluginManager: Mounting plugin TcpMessaging
LogPluginManager: Mounting plugin UdpMessaging
LogPluginManager: Mounting plugin AndroidMedia
LogPluginManager: Mounting plugin AvfMedia
LogPluginManager: Mounting plugin ImgMedia
LogPluginManager: Mounting plugin MediaCompositing
LogPluginManager: Mounting plugin MediaPlayerEditor
LogPluginManager: Mounting plugin WebMMedia
LogPluginManager: Mounting plugin WmfMedia
LogPluginManager: Mounting plugin ActorSequence
LogPluginManager: Mounting plugin LevelSequenceEditor
LogPluginManager: Mounting plugin MatineeToLevelSequence
LogPluginManager: Mounting plugin TemplateSequence
LogPluginManager: Mounting plugin OnlineSubsystem
LogPluginManager: Mounting plugin OnlineSubsystemNull
LogPluginManager: Mounting plugin OnlineSubsystemUtils
LogPluginManager: Mounting plugin ActorLayerUtilities
LogPluginManager: Mounting plugin AndroidDeviceProfileSelector
LogPluginManager: Mounting plugin AndroidMoviePlayer
LogPluginManager: Mounting plugin AndroidPermission
LogPluginManager: Mounting plugin AppleImageUtils
LogPluginManager: Mounting plugin AppleMoviePlayer
LogPluginManager: Mounting plugin ArchVisCharacter
LogPluginManager: Mounting plugin AssetTags
LogPluginManager: Mounting plugin AudioCapture
LogPluginManager: Mounting plugin AudioSynesthesia
LogPluginManager: Mounting plugin CableComponent
LogPluginManager: Mounting plugin ChunkDownloader
LogPluginManager: Mounting plugin CustomMeshComponent
LogPluginManager: Mounting plugin EditableMesh
LogPluginManager: Mounting plugin ExampleDeviceProfileSelector
LogPluginManager: Mounting plugin GoogleCloudMessaging
LogPluginManager: Mounting plugin GooglePAD
LogPluginManager: Mounting plugin IOSDeviceProfileSelector
LogPluginManager: Mounting plugin LinuxDeviceProfileSelector
LogPluginManager: Mounting plugin LocationServicesBPLibrary
LogPluginManager: Mounting plugin MobilePatchingUtils
LogPluginManager: Mounting plugin OpenXREyeTracker
LogPluginManager: Mounting plugin OpenXRHandTracking
LogPluginManager: Mounting plugin OpenXR
LogPluginManager: Mounting plugin PhysXVehicles
LogPluginManager: Mounting plugin ProceduralMeshComponent
LogPluginManager: Mounting plugin PropertyAccessEditor
LogPluginManager: Mounting plugin RuntimePhysXCooking
LogPluginManager: Mounting plugin SignificanceManager
LogPluginManager: Mounting plugin SoundFields
LogPluginManager: Mounting plugin PostSplashScreen
LogPluginManager: Mounting plugin Synthesis
LogPluginManager: Mounting plugin LauncherChunkInstaller
LogPluginManager: Mounting plugin WebMMoviePlayer
LogPluginManager: Mounting plugin WindowsMoviePlayer
LogPluginManager: Mounting plugin ScreenshotTools
LogPluginManager: Mounting plugin OodleData
LogPluginManager: Mounting plugin OodleNetwork
LogPluginManager: Mounting plugin Takes
LogPluginManager: Mounting plugin ContentBrowserAssetDataSource
LogPluginManager: Mounting plugin ContentBrowserClassDataSource
LogPluginManager: Mounting plugin ContentBrowserFileDataSource
LogPluginManager: Mounting plugin OnlineSubsystemGooglePlay
LogPluginManager: Mounting plugin OnlineSubsystemIOS
LogPluginManager: Mounting plugin OculusVR
LogPluginManager: Mounting plugin FMODStudio
PixWinPlugin: PIX capture plugin failed to initialize! Check that the process is launched from PIX.
LogInit: Using libcurl 7.55.1-DEV
LogInit:  - built for x86_64-pc-win32
LogInit:  - supports SSL with OpenSSL/1.1.1
LogInit:  - supports HTTP deflate (compression) using libz 1.2.8
LogInit:  - other features:
LogInit:      CURL_VERSION_SSL
LogInit:      CURL_VERSION_LIBZ
LogInit:      CURL_VERSION_IPV6
LogInit:      CURL_VERSION_ASYNCHDNS
LogInit:      CURL_VERSION_LARGEFILE
LogInit:      CURL_VERSION_IDN
LogInit:  CurlRequestOptions (configurable via config and command line):
LogInit:  - bVerifyPeer = true  - Libcurl will verify peer certificate
LogInit:  - bUseHttpProxy = false  - Libcurl will NOT use HTTP proxy
LogInit:  - bDontReuseConnections = false  - Libcurl will reuse connections
LogInit:  - MaxHostConnections = 16  - Libcurl will limit the number of connections to a host
LogInit:  - LocalHostAddr = Default
LogInit:  - BufferSize = 65536
LogOnline: OSS: Creating online subsystem instance for: NULL
LogInit: WinSock: version 1.1 (2.2), MaxSocks=32767, MaxUdp=65467
LogOnline: OSS: TryLoadSubsystemAndSetDefault: Loaded subsystem for module [NULL]
LogOculusPluginWrapper: OculusPlugin initialized successfully
LogHMD: Failed initializing OVRPlugin 1.59.0
LogInit: Build: ++UE4+Release-4.27-CL-17735300
LogInit: Engine Version: 4.27.1-17735300+++UE4+Release-4.27
LogInit: Compatible Engine Version: 4.27.0-17155196+++UE4+Release-4.27
LogInit: Net CL: 17155196
LogInit: OS: Windows 10 (Release 2009) (), CPU: Intel(R) Core(TM) i7-8750H CPU @ 2.20GHz, GPU: Intel(R) UHD Graphics 630
LogInit: Compiled (64-bit): Oct  6 2021 14:42:51
LogInit: Compiled with Visual C++: 19.24.28315.00
LogInit: Build Configuration: Development
LogInit: Branch Name: ++UE4+Release-4.27
LogInit: Command Line:  -skipcompile
LogInit: Base Directory: D:/UnrealEnginee/UE_4.27/Engine/Binaries/Win64/
LogInit: Allocator: TBB
LogInit: Installed Engine Build: 1
LogDevObjectVersion: Number of dev versions registered: 29
LogDevObjectVersion:   Dev-Blueprints (B0D832E4-1F89-4F0D-ACCF-7EB736FD4AA2): 10
LogDevObjectVersion:   Dev-Build (E1C64328-A22C-4D53-A36C-8E866417BD8C): 0
LogDevObjectVersion:   Dev-Core (375EC13C-06E4-48FB-B500-84F0262A717E): 4
LogDevObjectVersion:   Dev-Editor (E4B068ED-F494-42E9-A231-DA0B2E46BB41): 40
LogDevObjectVersion:   Dev-Framework (CFFC743F-43B0-4480-9391-14DF171D2073): 37
LogDevObjectVersion:   Dev-Mobile (B02B49B5-BB20-44E9-A304-32B752E40360): 3
LogDevObjectVersion:   Dev-Networking (A4E4105C-59A1-49B5-A7C5-40C4547EDFEE): 0
LogDevObjectVersion:   Dev-Online (39C831C9-5AE6-47DC-9A44-9C173E1C8E7C): 0
LogDevObjectVersion:   Dev-Physics (78F01B33-EBEA-4F98-B9B4-84EACCB95AA2): 14
LogDevObjectVersion:   Dev-Platform (6631380F-2D4D-43E0-8009-CF276956A95A): 0
LogDevObjectVersion:   Dev-Rendering (12F88B9F-8875-4AFC-A67C-D90C383ABD29): 45
LogDevObjectVersion:   Dev-Sequencer (7B5AE74C-D270-4C10-A958-57980B212A5A): 13
LogDevObjectVersion:   Dev-VR (D7296918-1DD6-4BDD-9DE2-64A83CC13884): 3
LogDevObjectVersion:   Dev-LoadTimes (C2A15278-BFE7-4AFE-6C17-90FF531DF755): 1
LogDevObjectVersion:   Private-Geometry (6EACA3D4-40EC-4CC1-B786-8BED09428FC5): 3
LogDevObjectVersion:   Dev-AnimPhys (29E575DD-E0A3-4627-9D10-D276232CDCEA): 17
LogDevObjectVersion:   Dev-Anim (AF43A65D-7FD3-4947-9873-3E8ED9C1BB05): 15
LogDevObjectVersion:   Dev-ReflectionCapture (6B266CEC-1EC7-4B8F-A30B-E4D90942FC07): 1
LogDevObjectVersion:   Dev-Automation (0DF73D61-A23F-47EA-B727-89E90C41499A): 1
LogDevObjectVersion:   FortniteMain (601D1886-AC64-4F84-AA16-D3DE0DEAC7D6): 47
LogDevObjectVersion:   FortniteRelease (E7086368-6B23-4C58-8439-1B7016265E91): 1
LogDevObjectVersion:   Dev-Enterprise (9DFFBCD6-494F-0158-E221-12823C92A888): 10
LogDevObjectVersion:   Dev-Niagara (F2AED0AC-9AFE-416F-8664-AA7FFA26D6FC): 1
LogDevObjectVersion:   Dev-Destruction (174F1F0B-B4C6-45A5-B13F-2EE8D0FB917D): 10
LogDevObjectVersion:   Dev-Physics-Ext (35F94A83-E258-406C-A318-09F59610247C): 41
LogDevObjectVersion:   Dev-PhysicsMaterial-Chaos (B68FC16E-8B1B-42E2-B453-215C058844FE): 1
LogDevObjectVersion:   Dev-CineCamera (B2E18506-4273-CFC2-A54E-F4BB758BBA07): 1
LogDevObjectVersion:   Dev-VirtualProduction (64F58936-FD1B-42BA-BA96-7289D5D0FA4E): 1
LogDevObjectVersion:   Dev-MediaFramework (6F0ED827-A609-4895-9C91-998D90180EA4): 2
LogInit: Presizing for max 25165824 objects, including 0 objects not considered by GC, pre-allocating 0 bytes for permanent pool.
LogConfig: Applying CVar settings from Section [/Script/Engine.StreamingSettings] File [D:/Ican/Cour ican/ICAN Mastere 1 GP/Projet_FastArenaShooter/Projet_FastArenaShooter_Trimestre2/FastArenaShooter/Saved/Config/Windows/Engine.ini]
LogConfig: Setting CVar [[s.MinBulkDataSizeForAsyncLoading:131072]]
LogConfig: Setting CVar [[s.AsyncLoadingThreadEnabled:0]]
LogConfig: Setting CVar [[s.EventDrivenLoaderEnabled:1]]
LogConfig: Setting CVar [[s.WarnIfTimeLimitExceeded:0]]
LogConfig: Setting CVar [[s.TimeLimitExceededMultiplier:1.5]]
LogConfig: Setting CVar [[s.TimeLimitExceededMinTime:0.005]]
LogConfig: Setting CVar [[s.UseBackgroundLevelStreaming:1]]
LogConfig: Setting CVar [[s.PriorityAsyncLoadingExtraTime:15.0]]
LogConfig: Setting CVar [[s.LevelStreamingActorsUpdateTimeLimit:5.0]]
LogConfig: Setting CVar [[s.PriorityLevelStreamingActorsUpdateExtraTime:5.0]]
LogConfig: Setting CVar [[s.LevelStreamingComponentsRegistrationGranularity:10]]
LogConfig: Setting CVar [[s.UnregisterComponentsTimeLimit:1.0]]
LogConfig: Setting CVar [[s.LevelStreamingComponentsUnregistrationGranularity:5]]
LogConfig: Setting CVar [[s.FlushStreamingOnExit:1]]
LogInit: Object subsystem initialized
LogConfig: Setting CVar [[con.DebugEarlyDefault:1]]
LogConfig: Setting CVar [[r.setres:1280x720]]
[2022.02.11-18.12.30:373][  0]LogConfig: Setting CVar [[r.VSync:0]]
[2022.02.11-18.12.30:373][  0]LogConfig: Setting CVar [[r.RHICmdBypass:0]]
[2022.02.11-18.12.30:378][  0]LogConfig: Applying CVar settings from Section [/Script/Engine.RendererSettings] File [D:/Ican/Cour ican/ICAN Mastere 1 GP/Projet_FastArenaShooter/Projet_FastArenaShooter_Trimestre2/FastArenaShooter/Saved/Config/Windows/Engine.ini]
[2022.02.11-18.12.30:378][  0]LogConfig: Setting CVar [[r.GPUCrashDebugging:0]]
[2022.02.11-18.12.30:378][  0]LogConfig: Applying CVar settings from Section [/Script/Engine.RendererOverrideSettings] File [D:/Ican/Cour ican/ICAN Mastere 1 GP/Projet_FastArenaShooter/Projet_FastArenaShooter_Trimestre2/FastArenaShooter/Saved/Config/Windows/Engine.ini]
[2022.02.11-18.12.30:379][  0]LogConfig: Applying CVar settings from Section [/Script/Engine.StreamingSettings] File [D:/Ican/Cour ican/ICAN Mastere 1 GP/Projet_FastArenaShooter/Projet_FastArenaShooter_Trimestre2/FastArenaShooter/Saved/Config/Windows/Engine.ini]
[2022.02.11-18.12.30:379][  0]LogConfig: Setting CVar [[s.MinBulkDataSizeForAsyncLoading:131072]]
[2022.02.11-18.12.30:379][  0]LogConfig: Setting CVar [[s.AsyncLoadingThreadEnabled:0]]
[2022.02.11-18.12.30:379][  0]LogConfig: Setting CVar [[s.EventDrivenLoaderEnabled:1]]
[2022.02.11-18.12.30:379][  0]LogConfig: Setting CVar [[s.WarnIfTimeLimitExceeded:0]]
[2022.02.11-18.12.30:379][  0]LogConfig: Setting CVar [[s.TimeLimitExceededMultiplier:1.5]]
[2022.02.11-18.12.30:379][  0]LogConfig: Setting CVar [[s.TimeLimitExceededMinTime:0.005]]
[2022.02.11-18.12.30:379][  0]LogConfig: Setting CVar [[s.UseBackgroundLevelStreaming:1]]
[2022.02.11-18.12.30:379][  0]LogConfig: Setting CVar [[s.PriorityAsyncLoadingExtraTime:15.0]]
[2022.02.11-18.12.30:380][  0]LogConfig: Setting CVar [[s.LevelStreamingActorsUpdateTimeLimit:5.0]]
[2022.02.11-18.12.30:380][  0]LogConfig: Setting CVar [[s.PriorityLevelStreamingActorsUpdateExtraTime:5.0]]
[2022.02.11-18.12.30:380][  0]LogConfig: Setting CVar [[s.LevelStreamingComponentsRegistrationGranularity:10]]
[2022.02.11-18.12.30:380][  0]LogConfig: Setting CVar [[s.UnregisterComponentsTimeLimit:1.0]]
[2022.02.11-18.12.30:380][  0]LogConfig: Setting CVar [[s.LevelStreamingComponentsUnregistrationGranularity:5]]
[2022.02.11-18.12.30:380][  0]LogConfig: Setting CVar [[s.FlushStreamingOnExit:1]]
[2022.02.11-18.12.30:380][  0]LogConfig: Applying CVar settings from Section [/Script/Engine.GarbageCollectionSettings] File [D:/Ican/Cour ican/ICAN Mastere 1 GP/Projet_FastArenaShooter/Projet_FastArenaShooter_Trimestre2/FastArenaShooter/Saved/Config/Windows/Engine.ini]
[2022.02.11-18.12.30:380][  0]LogConfig: Setting CVar [[gc.MaxObjectsNotConsideredByGC:1]]
[2022.02.11-18.12.30:380][  0]LogConfig: Setting CVar [[gc.SizeOfPermanentObjectPool:0]]
[2022.02.11-18.12.30:380][  0]LogConfig: Setting CVar [[gc.FlushStreamingOnGC:0]]
[2022.02.11-18.12.30:380][  0]LogConfig: Setting CVar [[gc.NumRetriesBeforeForcingGC:10]]
[2022.02.11-18.12.30:380][  0]LogConfig: Setting CVar [[gc.AllowParallelGC:1]]
[2022.02.11-18.12.30:381][  0]LogConfig: Setting CVar [[gc.TimeBetweenPurgingPendingKillObjects:61.1]]
[2022.02.11-18.12.30:381][  0]LogConfig: Setting CVar [[gc.MaxObjectsInEditor:25165824]]
[2022.02.11-18.12.30:381][  0]LogConfig: Setting CVar [[gc.IncrementalBeginDestroyEnabled:1]]
[2022.02.11-18.12.30:381][  0]LogConfig: Setting CVar [[gc.CreateGCClusters:1]]
[2022.02.11-18.12.30:381][  0]LogConfig: Setting CVar [[gc.MinGCClusterSize:5]]
[2022.02.11-18.12.30:381][  0]LogConfig: Setting CVar [[gc.ActorClusteringEnabled:0]]
[2022.02.11-18.12.30:381][  0]LogConfig: Setting CVar [[gc.BlueprintClusteringEnabled:0]]
[2022.02.11-18.12.30:381][  0]LogConfig: Setting CVar [[gc.UseDisregardForGCOnDedicatedServers:0]]
[2022.02.11-18.12.30:381][  0]LogConfig: Setting CVar [[gc.MultithreadedDestructionEnabled:1]]
[2022.02.11-18.12.30:381][  0]LogConfig: Applying CVar settings from Section [/Script/Engine.NetworkSettings] File [D:/Ican/Cour ican/ICAN Mastere 1 GP/Projet_FastArenaShooter/Projet_FastArenaShooter_Trimestre2/FastArenaShooter/Saved/Config/Windows/Engine.ini]
[2022.02.11-18.12.30:381][  0]LogConfig: Applying CVar settings from Section [/Script/UnrealEd.CookerSettings] File [D:/Ican/Cour ican/ICAN Mastere 1 GP/Projet_FastArenaShooter/Projet_FastArenaShooter_Trimestre2/FastArenaShooter/Saved/Config/Windows/Engine.ini]
[2022.02.11-18.12.30:531][  0]LogConfig: Applying CVar settings from Section [ViewDistanceQuality@3] File [D:/Ican/Cour ican/ICAN Mastere 1 GP/Projet_FastArenaShooter/Projet_FastArenaShooter_Trimestre2/FastArenaShooter/Saved/Config/Windows/Scalability.ini]
[2022.02.11-18.12.30:531][  0]LogConfig: Setting CVar [[r.SkeletalMeshLODBias:0]]
[2022.02.11-18.12.30:532][  0]LogConfig: Setting CVar [[r.ViewDistanceScale:1.0]]
[2022.02.11-18.12.30:532][  0]LogConfig: Applying CVar settings from Section [AntiAliasingQuality@3] File [D:/Ican/Cour ican/ICAN Mastere 1 GP/Projet_FastArenaShooter/Projet_FastArenaShooter_Trimestre2/FastArenaShooter/Saved/Config/Windows/Scalability.ini]
[2022.02.11-18.12.30:532][  0]LogConfig: Setting CVar [[r.PostProcessAAQuality:4]]
[2022.02.11-18.12.30:532][  0]LogConfig: Applying CVar settings from Section [ShadowQuality@3] File [D:/Ican/Cour ican/ICAN Mastere 1 GP/Projet_FastArenaShooter/Projet_FastArenaShooter_Trimestre2/FastArenaShooter/Saved/Config/Windows/Scalability.ini]
[2022.02.11-18.12.30:532][  0]LogConfig: Setting CVar [[r.LightFunctionQuality:1]]
[2022.02.11-18.12.30:532][  0]LogConfig: Setting CVar [[r.ShadowQuality:5]]
[2022.02.11-18.12.30:532][  0]LogConfig: Setting CVar [[r.Shadow.CSM.MaxCascades:10]]
[2022.02.11-18.12.30:532][  0]LogConfig: Setting CVar [[r.Shadow.MaxResolution:2048]]
[2022.02.11-18.12.30:532][  0]LogConfig: Setting CVar [[r.Shadow.MaxCSMResolution:2048]]
[2022.02.11-18.12.30:532][  0]LogConfig: Setting CVar [[r.Shadow.RadiusThreshold:0.01]]
[2022.02.11-18.12.30:532][  0]LogConfig: Setting CVar [[r.Shadow.DistanceScale:1.0]]
[2022.02.11-18.12.30:533][  0]LogConfig: Setting CVar [[r.Shadow.CSM.TransitionScale:1.0]]
[2022.02.11-18.12.30:533][  0]LogConfig: Setting CVar [[r.Shadow.PreShadowResolutionFactor:1.0]]
[2022.02.11-18.12.30:533][  0]LogConfig: Setting CVar [[r.DistanceFieldShadowing:1]]
[2022.02.11-18.12.30:533][  0]LogConfig: Setting CVar [[r.DistanceFieldAO:1]]
[2022.02.11-18.12.30:533][  0]LogConfig: Setting CVar [[r.AOQuality:2]]
[2022.02.11-18.12.30:533][  0]LogConfig: Setting CVar [[r.VolumetricFog:1]]
[2022.02.11-18.12.30:533][  0]LogConfig: Setting CVar [[r.VolumetricFog.GridPixelSize:8]]
[2022.02.11-18.12.30:533][  0]LogConfig: Setting CVar [[r.VolumetricFog.GridSizeZ:128]]
[2022.02.11-18.12.30:533][  0]LogConfig: Setting CVar [[r.VolumetricFog.HistoryMissSupersampleCount:4]]
[2022.02.11-18.12.30:534][  0]LogConfig: Setting CVar [[r.LightMaxDrawDistanceScale:1]]
[2022.02.11-18.12.30:534][  0]LogConfig: Setting CVar [[r.CapsuleShadows:1]]
[2022.02.11-18.12.30:534][  0]LogConfig: Applying CVar settings from Section [PostProcessQuality@3] File [D:/Ican/Cour ican/ICAN Mastere 1 GP/Projet_FastArenaShooter/Projet_FastArenaShooter_Trimestre2/FastArenaShooter/Saved/Config/Windows/Scalability.ini]
[2022.02.11-18.12.30:534][  0]LogConfig: Setting CVar [[r.MotionBlurQuality:4]]
[2022.02.11-18.12.30:534][  0]LogConfig: Setting CVar [[r.AmbientOcclusionMipLevelFactor:0.4]]
[2022.02.11-18.12.30:534][  0]LogConfig: Setting CVar [[r.AmbientOcclusionMaxQuality:100]]
[2022.02.11-18.12.30:534][  0]LogConfig: Setting CVar [[r.AmbientOcclusionLevels:-1]]
[2022.02.11-18.12.30:534][  0]LogConfig: Setting CVar [[r.AmbientOcclusionRadiusScale:1.0]]
[2022.02.11-18.12.30:534][  0]LogConfig: Setting CVar [[r.DepthOfFieldQuality:2]]
[2022.02.11-18.12.30:534][  0]LogConfig: Setting CVar [[r.RenderTargetPoolMin:400]]
[2022.02.11-18.12.30:535][  0]LogConfig: Setting CVar [[r.LensFlareQuality:2]]
[2022.02.11-18.12.30:535][  0]LogConfig: Setting CVar [[r.SceneColorFringeQuality:1]]
[2022.02.11-18.12.30:535][  0]LogConfig: Setting CVar [[r.EyeAdaptationQuality:2]]
[2022.02.11-18.12.30:535][  0]LogConfig: Setting CVar [[r.BloomQuality:5]]
[2022.02.11-18.12.30:535][  0]LogConfig: Setting CVar [[r.FastBlurThreshold:100]]
[2022.02.11-18.12.30:535][  0]LogConfig: Setting CVar [[r.Upscale.Quality:3]]
[2022.02.11-18.12.30:535][  0]LogConfig: Setting CVar [[r.Tonemapper.GrainQuantization:1]]
[2022.02.11-18.12.30:535][  0]LogConfig: Setting CVar [[r.LightShaftQuality:1]]
[2022.02.11-18.12.30:535][  0]LogConfig: Setting CVar [[r.Filter.SizeScale:1]]
[2022.02.11-18.12.30:535][  0]LogConfig: Setting CVar [[r.Tonemapper.Quality:5]]
[2022.02.11-18.12.30:535][  0]LogConfig: Setting CVar [[r.DOF.Gather.AccumulatorQuality:1        ; higher gathering accumulator quality]]
[2022.02.11-18.12.30:536][  0]LogConfig: Setting CVar [[r.DOF.Gather.PostfilterMethod:1          ; Median3x3 postfilering method]]
[2022.02.11-18.12.30:536][  0]LogConfig: Setting CVar [[r.DOF.Gather.EnableBokehSettings:0       ; no bokeh simulation when gathering]]
[2022.02.11-18.12.30:536][  0]LogConfig: Setting CVar [[r.DOF.Gather.RingCount:4                 ; medium number of samples when gathering]]
[2022.02.11-18.12.30:536][  0]LogConfig: Setting CVar [[r.DOF.Scatter.ForegroundCompositing:1    ; additive foreground scattering]]
[2022.02.11-18.12.30:536][  0]LogConfig: Setting CVar [[r.DOF.Scatter.BackgroundCompositing:2    ; additive background scattering]]
[2022.02.11-18.12.30:536][  0]LogConfig: Setting CVar [[r.DOF.Scatter.EnableBokehSettings:1      ; bokeh simulation when scattering]]
[2022.02.11-18.12.30:536][  0]LogConfig: Setting CVar [[r.DOF.Scatter.MaxSpriteRatio:0.1         ; only a maximum of 10% of scattered bokeh]]
[2022.02.11-18.12.30:536][  0]LogConfig: Setting CVar [[r.DOF.Recombine.Quality:1                ; cheap slight out of focus]]
[2022.02.11-18.12.30:536][  0]LogConfig: Setting CVar [[r.DOF.Recombine.EnableBokehSettings:0    ; no bokeh simulation on slight out of focus]]
[2022.02.11-18.12.30:536][  0]LogConfig: Setting CVar [[r.DOF.TemporalAAQuality:1                ; more stable temporal accumulation]]
[2022.02.11-18.12.30:537][  0]LogConfig: Setting CVar [[r.DOF.Kernel.MaxForegroundRadius:0.025]]
[2022.02.11-18.12.30:537][  0]LogConfig: Setting CVar [[r.DOF.Kernel.MaxBackgroundRadius:0.025]]
[2022.02.11-18.12.30:537][  0]LogConfig: Applying CVar settings from Section [TextureQuality@3] File [D:/Ican/Cour ican/ICAN Mastere 1 GP/Projet_FastArenaShooter/Projet_FastArenaShooter_Trimestre2/FastArenaShooter/Saved/Config/Windows/Scalability.ini]
[2022.02.11-18.12.30:537][  0]LogConfig: Setting CVar [[r.Streaming.MipBias:0]]
[2022.02.11-18.12.30:537][  0]LogConfig: Setting CVar [[r.Streaming.AmortizeCPUToGPUCopy:0]]
[2022.02.11-18.12.30:537][  0]LogConfig: Setting CVar [[r.Streaming.MaxNumTexturesToStreamPerFrame:0]]
[2022.02.11-18.12.30:537][  0]LogConfig: Setting CVar [[r.Streaming.Boost:1]]
[2022.02.11-18.12.30:537][  0]LogConfig: Setting CVar [[r.MaxAnisotropy:8]]
[2022.02.11-18.12.30:537][  0]LogConfig: Setting CVar [[r.VT.MaxAnisotropy:8]]
[2022.02.11-18.12.30:537][  0]LogConfig: Setting CVar [[r.Streaming.LimitPoolSizeToVRAM:0]]
[2022.02.11-18.12.30:537][  0]LogConfig: Setting CVar [[r.Streaming.PoolSize:1000]]
[2022.02.11-18.12.30:537][  0]LogConfig: Setting CVar [[r.Streaming.MaxEffectiveScreenSize:0]]
[2022.02.11-18.12.30:538][  0]LogConfig: Applying CVar settings from Section [EffectsQuality@3] File [D:/Ican/Cour ican/ICAN Mastere 1 GP/Projet_FastArenaShooter/Projet_FastArenaShooter_Trimestre2/FastArenaShooter/Saved/Config/Windows/Scalability.ini]
[2022.02.11-18.12.30:538][  0]LogConfig: Setting CVar [[r.TranslucencyLightingVolumeDim:64]]
[2022.02.11-18.12.30:538][  0]LogConfig: Setting CVar [[r.RefractionQuality:2]]
[2022.02.11-18.12.30:538][  0]LogConfig: Setting CVar [[r.SSR.Quality:3]]
[2022.02.11-18.12.30:538][  0]LogConfig: Setting CVar [[r.SSR.HalfResSceneColor:0]]
[2022.02.11-18.12.30:538][  0]LogConfig: Setting CVar [[r.SceneColorFormat:4]]
[2022.02.11-18.12.30:538][  0]LogConfig: Setting CVar [[r.DetailMode:2]]
[2022.02.11-18.12.30:538][  0]LogConfig: Setting CVar [[r.TranslucencyVolumeBlur:1]]
[2022.02.11-18.12.30:538][  0]LogConfig: Setting CVar [[r.MaterialQualityLevel:1 ; High quality]]
[2022.02.11-18.12.30:538][  0]LogConfig: Setting CVar [[r.AnisotropicMaterials:1]]
[2022.02.11-18.12.30:539][  0]LogConfig: Setting CVar [[r.SSS.Scale:1]]
[2022.02.11-18.12.30:539][  0]LogConfig: Setting CVar [[r.SSS.SampleSet:2]]
[2022.02.11-18.12.30:539][  0]LogConfig: Setting CVar [[r.SSS.Quality:1]]
[2022.02.11-18.12.30:539][  0]LogConfig: Setting CVar [[r.SSS.HalfRes:0]]
[2022.02.11-18.12.30:539][  0]LogConfig: Setting CVar [[r.SSGI.Quality:3]]
[2022.02.11-18.12.30:539][  0]LogConfig: Setting CVar [[r.EmitterSpawnRateScale:1.0]]
[2022.02.11-18.12.30:539][  0]LogConfig: Setting CVar [[r.ParticleLightQuality:2]]
[2022.02.11-18.12.30:539][  0]LogConfig: Setting CVar [[r.SkyAtmosphere.AerialPerspectiveLUT.FastApplyOnOpaque:1 ; Always have FastSkyLUT 1 in this case to avoid wrong sky]]
[2022.02.11-18.12.30:539][  0]LogConfig: Setting CVar [[r.SkyAtmosphere.AerialPerspectiveLUT.SampleCountMaxPerSlice:4]]
[2022.02.11-18.12.30:539][  0]LogConfig: Setting CVar [[r.SkyAtmosphere.AerialPerspectiveLUT.DepthResolution:16.0]]
[2022.02.11-18.12.30:539][  0]LogConfig: Setting CVar [[r.SkyAtmosphere.FastSkyLUT:1]]
[2022.02.11-18.12.30:540][  0]LogConfig: Setting CVar [[r.SkyAtmosphere.FastSkyLUT.SampleCountMin:4.0]]
[2022.02.11-18.12.30:540][  0]LogConfig: Setting CVar [[r.SkyAtmosphere.FastSkyLUT.SampleCountMax:128.0]]
[2022.02.11-18.12.30:540][  0]LogConfig: Setting CVar [[r.SkyAtmosphere.SampleCountMin:4.0]]
[2022.02.11-18.12.30:540][  0]LogConfig: Setting CVar [[r.SkyAtmosphere.SampleCountMax:128.0]]
[2022.02.11-18.12.30:540][  0]LogConfig: Setting CVar [[r.SkyAtmosphere.TransmittanceLUT.UseSmallFormat:0]]
[2022.02.11-18.12.30:540][  0]LogConfig: Setting CVar [[r.SkyAtmosphere.TransmittanceLUT.SampleCount:10.0]]
[2022.02.11-18.12.30:540][  0]LogConfig: Setting CVar [[r.SkyAtmosphere.MultiScatteringLUT.SampleCount:15.0]]
[2022.02.11-18.12.30:540][  0]LogConfig: Setting CVar [[r.SkyLight.RealTimeReflectionCapture:1]]
[2022.02.11-18.12.30:540][  0]LogConfig: Applying CVar settings from Section [FoliageQuality@3] File [D:/Ican/Cour ican/ICAN Mastere 1 GP/Projet_FastArenaShooter/Projet_FastArenaShooter_Trimestre2/FastArenaShooter/Saved/Config/Windows/Scalability.ini]
[2022.02.11-18.12.30:540][  0]LogConfig: Setting CVar [[foliage.DensityScale:1.0]]
[2022.02.11-18.12.30:541][  0]LogConfig: Setting CVar [[grass.DensityScale:1.0]]
[2022.02.11-18.12.30:541][  0]LogConfig: Applying CVar settings from Section [ShadingQuality@3] File [D:/Ican/Cour ican/ICAN Mastere 1 GP/Projet_FastArenaShooter/Projet_FastArenaShooter_Trimestre2/FastArenaShooter/Saved/Config/Windows/Scalability.ini]
[2022.02.11-18.12.30:541][  0]LogConfig: Setting CVar [[r.HairStrands.SkyLighting.IntegrationType:2]]
[2022.02.11-18.12.30:541][  0]LogConfig: Setting CVar [[r.HairStrands.SkyAO.SampleCount:4]]
[2022.02.11-18.12.30:541][  0]LogConfig: Setting CVar [[r.HairStrands.Visibility.MSAA.SamplePerPixel:4]]
[2022.02.11-18.12.30:622][  0]LogInit: Selected Device Profile: [Windows]
[2022.02.11-18.12.30:636][  0]LogInit: Applying CVar settings loaded from the selected device profile: [Windows]
[2022.02.11-18.12.30:699][  0]LogHAL: Display: Platform has ~ 16 GB [17014509568 / 17179869184 / 16], which maps to Larger [LargestMinGB=32, LargerMinGB=12, DefaultMinGB=8, SmallerMinGB=6, SmallestMinGB=0)
[2022.02.11-18.12.30:727][  0]LogInit: Going up to parent DeviceProfile []
[2022.02.11-18.12.30:739][  0]LogConfig: Applying CVar settings from Section [ViewDistanceQuality@3] File [D:/Ican/Cour ican/ICAN Mastere 1 GP/Projet_FastArenaShooter/Projet_FastArenaShooter_Trimestre2/FastArenaShooter/Saved/Config/Windows/Scalability.ini]
[2022.02.11-18.12.30:740][  0]LogConfig: Setting CVar [[r.SkeletalMeshLODBias:0]]
[2022.02.11-18.12.30:740][  0]LogConfig: Setting CVar [[r.ViewDistanceScale:1.0]]
[2022.02.11-18.12.30:740][  0]LogConfig: Applying CVar settings from Section [AntiAliasingQuality@3] File [D:/Ican/Cour ican/ICAN Mastere 1 GP/Projet_FastArenaShooter/Projet_FastArenaShooter_Trimestre2/FastArenaShooter/Saved/Config/Windows/Scalability.ini]
[2022.02.11-18.12.30:740][  0]LogConfig: Setting CVar [[r.PostProcessAAQuality:4]]
[2022.02.11-18.12.30:740][  0]LogConfig: Applying CVar settings from Section [ShadowQuality@3] File [D:/Ican/Cour ican/ICAN Mastere 1 GP/Projet_FastArenaShooter/Projet_FastArenaShooter_Trimestre2/FastArenaShooter/Saved/Config/Windows/Scalability.ini]
[2022.02.11-18.12.30:740][  0]LogConfig: Setting CVar [[r.LightFunctionQuality:1]]
[2022.02.11-18.12.30:740][  0]LogConfig: Setting CVar [[r.ShadowQuality:5]]
[2022.02.11-18.12.30:740][  0]LogConfig: Setting CVar [[r.Shadow.CSM.MaxCascades:10]]
[2022.02.11-18.12.30:740][  0]LogConfig: Setting CVar [[r.Shadow.MaxResolution:2048]]
[2022.02.11-18.12.30:740][  0]LogConfig: Setting CVar [[r.Shadow.MaxCSMResolution:2048]]
[2022.02.11-18.12.30:740][  0]LogConfig: Setting CVar [[r.Shadow.RadiusThreshold:0.01]]
[2022.02.11-18.12.30:740][  0]LogConfig: Setting CVar [[r.Shadow.DistanceScale:1.0]]
[2022.02.11-18.12.30:741][  0]LogConfig: Setting CVar [[r.Shadow.CSM.TransitionScale:1.0]]
[2022.02.11-18.12.30:741][  0]LogConfig: Setting CVar [[r.Shadow.PreShadowResolutionFactor:1.0]]
[2022.02.11-18.12.30:741][  0]LogConfig: Setting CVar [[r.DistanceFieldShadowing:1]]
[2022.02.11-18.12.30:741][  0]LogConfig: Setting CVar [[r.DistanceFieldAO:1]]
[2022.02.11-18.12.30:741][  0]LogConfig: Setting CVar [[r.AOQuality:2]]
[2022.02.11-18.12.30:741][  0]LogConfig: Setting CVar [[r.VolumetricFog:1]]
[2022.02.11-18.12.30:741][  0]LogConfig: Setting CVar [[r.VolumetricFog.GridPixelSize:8]]
[2022.02.11-18.12.30:741][  0]LogConfig: Setting CVar [[r.VolumetricFog.GridSizeZ:128]]
[2022.02.11-18.12.30:742][  0]LogConfig: Setting CVar [[r.VolumetricFog.HistoryMissSupersampleCount:4]]
[2022.02.11-18.12.30:742][  0]LogConfig: Setting CVar [[r.LightMaxDrawDistanceScale:1]]
[2022.02.11-18.12.30:742][  0]LogConfig: Setting CVar [[r.CapsuleShadows:1]]
[2022.02.11-18.12.30:742][  0]LogConfig: Applying CVar settings from Section [PostProcessQuality@3] File [D:/Ican/Cour ican/ICAN Mastere 1 GP/Projet_FastArenaShooter/Projet_FastArenaShooter_Trimestre2/FastArenaShooter/Saved/Config/Windows/Scalability.ini]
[2022.02.11-18.12.30:742][  0]LogConfig: Setting CVar [[r.MotionBlurQuality:4]]
[2022.02.11-18.12.30:742][  0]LogConfig: Setting CVar [[r.AmbientOcclusionMipLevelFactor:0.4]]
[2022.02.11-18.12.30:742][  0]LogConfig: Setting CVar [[r.AmbientOcclusionMaxQuality:100]]
[2022.02.11-18.12.30:742][  0]LogConfig: Setting CVar [[r.AmbientOcclusionLevels:-1]]
[2022.02.11-18.12.30:742][  0]LogConfig: Setting CVar [[r.AmbientOcclusionRadiusScale:1.0]]
[2022.02.11-18.12.30:742][  0]LogConfig: Setting CVar [[r.DepthOfFieldQuality:2]]
[2022.02.11-18.12.30:742][  0]LogConfig: Setting CVar [[r.RenderTargetPoolMin:400]]
[2022.02.11-18.12.30:742][  0]LogConfig: Setting CVar [[r.LensFlareQuality:2]]
[2022.02.11-18.12.30:742][  0]LogConfig: Setting CVar [[r.SceneColorFringeQuality:1]]
[2022.02.11-18.12.30:743][  0]LogConfig: Setting CVar [[r.EyeAdaptationQuality:2]]
[2022.02.11-18.12.30:743][  0]LogConfig: Setting CVar [[r.BloomQuality:5]]
[2022.02.11-18.12.30:743][  0]LogConfig: Setting CVar [[r.FastBlurThreshold:100]]
[2022.02.11-18.12.30:743][  0]LogConfig: Setting CVar [[r.Upscale.Quality:3]]
[2022.02.11-18.12.30:743][  0]LogConfig: Setting CVar [[r.Tonemapper.GrainQuantization:1]]
[2022.02.11-18.12.30:743][  0]LogConfig: Setting CVar [[r.LightShaftQuality:1]]
[2022.02.11-18.12.30:743][  0]LogConfig: Setting CVar [[r.Filter.SizeScale:1]]
[2022.02.11-18.12.30:743][  0]LogConfig: Setting CVar [[r.Tonemapper.Quality:5]]
[2022.02.11-18.12.30:743][  0]LogConfig: Setting CVar [[r.DOF.Gather.AccumulatorQuality:1        ; higher gathering accumulator quality]]
[2022.02.11-18.12.30:744][  0]LogConfig: Setting CVar [[r.DOF.Gather.PostfilterMethod:1          ; Median3x3 postfilering method]]
[2022.02.11-18.12.30:744][  0]LogConfig: Setting CVar [[r.DOF.Gather.EnableBokehSettings:0       ; no bokeh simulation when gathering]]
[2022.02.11-18.12.30:744][  0]LogConfig: Setting CVar [[r.DOF.Gather.RingCount:4                 ; medium number of samples when gathering]]
[2022.02.11-18.12.30:744][  0]LogConfig: Setting CVar [[r.DOF.Scatter.ForegroundCompositing:1    ; additive foreground scattering]]
[2022.02.11-18.12.30:744][  0]LogConfig: Setting CVar [[r.DOF.Scatter.BackgroundCompositing:2    ; additive background scattering]]
[2022.02.11-18.12.30:744][  0]LogConfig: Setting CVar [[r.DOF.Scatter.EnableBokehSettings:1      ; bokeh simulation when scattering]]
[2022.02.11-18.12.30:744][  0]LogConfig: Setting CVar [[r.DOF.Scatter.MaxSpriteRatio:0.1         ; only a maximum of 10% of scattered bokeh]]
[2022.02.11-18.12.30:744][  0]LogConfig: Setting CVar [[r.DOF.Recombine.Quality:1                ; cheap slight out of focus]]
[2022.02.11-18.12.30:744][  0]LogConfig: Setting CVar [[r.DOF.Recombine.EnableBokehSettings:0    ; no bokeh simulation on slight out of focus]]
[2022.02.11-18.12.30:744][  0]LogConfig: Setting CVar [[r.DOF.TemporalAAQuality:1                ; more stable temporal accumulation]]
[2022.02.11-18.12.30:745][  0]LogConfig: Setting CVar [[r.DOF.Kernel.MaxForegroundRadius:0.025]]
[2022.02.11-18.12.30:745][  0]LogConfig: Setting CVar [[r.DOF.Kernel.MaxBackgroundRadius:0.025]]
[2022.02.11-18.12.30:745][  0]LogConfig: Applying CVar settings from Section [TextureQuality@3] File [D:/Ican/Cour ican/ICAN Mastere 1 GP/Projet_FastArenaShooter/Projet_FastArenaShooter_Trimestre2/FastArenaShooter/Saved/Config/Windows/Scalability.ini]
[2022.02.11-18.12.30:745][  0]LogConfig: Setting CVar [[r.Streaming.MipBias:0]]
[2022.02.11-18.12.30:745][  0]LogConfig: Setting CVar [[r.Streaming.AmortizeCPUToGPUCopy:0]]
[2022.02.11-18.12.30:745][  0]LogConfig: Setting CVar [[r.Streaming.MaxNumTexturesToStreamPerFrame:0]]
[2022.02.11-18.12.30:745][  0]LogConfig: Setting CVar [[r.Streaming.Boost:1]]
[2022.02.11-18.12.30:745][  0]LogConfig: Setting CVar [[r.MaxAnisotropy:8]]
[2022.02.11-18.12.30:745][  0]LogConfig: Setting CVar [[r.VT.MaxAnisotropy:8]]
[2022.02.11-18.12.30:745][  0]LogConfig: Setting CVar [[r.Streaming.LimitPoolSizeToVRAM:0]]
[2022.02.11-18.12.30:746][  0]LogConfig: Setting CVar [[r.Streaming.PoolSize:1000]]
[2022.02.11-18.12.30:746][  0]LogConfig: Setting CVar [[r.Streaming.MaxEffectiveScreenSize:0]]
[2022.02.11-18.12.30:746][  0]LogConfig: Applying CVar settings from Section [EffectsQuality@3] File [D:/Ican/Cour ican/ICAN Mastere 1 GP/Projet_FastArenaShooter/Projet_FastArenaShooter_Trimestre2/FastArenaShooter/Saved/Config/Windows/Scalability.ini]
[2022.02.11-18.12.30:746][  0]LogConfig: Setting CVar [[r.TranslucencyLightingVolumeDim:64]]
[2022.02.11-18.12.30:746][  0]LogConfig: Setting CVar [[r.RefractionQuality:2]]
[2022.02.11-18.12.30:746][  0]LogConfig: Setting CVar [[r.SSR.Quality:3]]
[2022.02.11-18.12.30:746][  0]LogConfig: Setting CVar [[r.SSR.HalfResSceneColor:0]]
[2022.02.11-18.12.30:746][  0]LogConfig: Setting CVar [[r.SceneColorFormat:4]]
[2022.02.11-18.12.30:746][  0]LogConfig: Setting CVar [[r.DetailMode:2]]
[2022.02.11-18.12.30:746][  0]LogConfig: Setting CVar [[r.TranslucencyVolumeBlur:1]]
[2022.02.11-18.12.30:746][  0]LogConfig: Setting CVar [[r.MaterialQualityLevel:1 ; High quality]]
[2022.02.11-18.12.30:746][  0]LogConfig: Setting CVar [[r.AnisotropicMaterials:1]]
[2022.02.11-18.12.30:747][  0]LogConfig: Setting CVar [[r.SSS.Scale:1]]
[2022.02.11-18.12.30:747][  0]LogConfig: Setting CVar [[r.SSS.SampleSet:2]]
[2022.02.11-18.12.30:747][  0]LogConfig: Setting CVar [[r.SSS.Quality:1]]
[2022.02.11-18.12.30:747][  0]LogConfig: Setting CVar [[r.SSS.HalfRes:0]]
[2022.02.11-18.12.30:747][  0]LogConfig: Setting CVar [[r.SSGI.Quality:3]]
[2022.02.11-18.12.30:747][  0]LogConfig: Setting CVar [[r.EmitterSpawnRateScale:1.0]]
[2022.02.11-18.12.30:747][  0]LogConfig: Setting CVar [[r.ParticleLightQuality:2]]
[2022.02.11-18.12.30:747][  0]LogConfig: Setting CVar [[r.SkyAtmosphere.AerialPerspectiveLUT.FastApplyOnOpaque:1 ; Always have FastSkyLUT 1 in this case to avoid wrong sky]]
[2022.02.11-18.12.30:747][  0]LogConfig: Setting CVar [[r.SkyAtmosphere.AerialPerspectiveLUT.SampleCountMaxPerSlice:4]]
[2022.02.11-18.12.30:748][  0]LogConfig: Setting CVar [[r.SkyAtmosphere.AerialPerspectiveLUT.DepthResolution:16.0]]
[2022.02.11-18.12.30:748][  0]LogConfig: Setting CVar [[r.SkyAtmosphere.FastSkyLUT:1]]
[2022.02.11-18.12.30:748][  0]LogConfig: Setting CVar [[r.SkyAtmosphere.FastSkyLUT.SampleCountMin:4.0]]
[2022.02.11-18.12.30:748][  0]LogConfig: Setting CVar [[r.SkyAtmosphere.FastSkyLUT.SampleCountMax:128.0]]
[2022.02.11-18.12.30:748][  0]LogConfig: Setting CVar [[r.SkyAtmosphere.SampleCountMin:4.0]]
[2022.02.11-18.12.30:748][  0]LogConfig: Setting CVar [[r.SkyAtmosphere.SampleCountMax:128.0]]
[2022.02.11-18.12.30:748][  0]LogConfig: Setting CVar [[r.SkyAtmosphere.TransmittanceLUT.UseSmallFormat:0]]
[2022.02.11-18.12.30:748][  0]LogConfig: Setting CVar [[r.SkyAtmosphere.TransmittanceLUT.SampleCount:10.0]]
[2022.02.11-18.12.30:748][  0]LogConfig: Setting CVar [[r.SkyAtmosphere.MultiScatteringLUT.SampleCount:15.0]]
[2022.02.11-18.12.30:748][  0]LogConfig: Setting CVar [[r.SkyLight.RealTimeReflectionCapture:1]]
[2022.02.11-18.12.30:748][  0]LogConfig: Applying CVar settings from Section [FoliageQuality@3] File [D:/Ican/Cour ican/ICAN Mastere 1 GP/Projet_FastArenaShooter/Projet_FastArenaShooter_Trimestre2/FastArenaShooter/Saved/Config/Windows/Scalability.ini]
[2022.02.11-18.12.30:748][  0]LogConfig: Setting CVar [[foliage.DensityScale:1.0]]
[2022.02.11-18.12.30:749][  0]LogConfig: Setting CVar [[grass.DensityScale:1.0]]
[2022.02.11-18.12.30:749][  0]LogConfig: Applying CVar settings from Section [ShadingQuality@3] File [D:/Ican/Cour ican/ICAN Mastere 1 GP/Projet_FastArenaShooter/Projet_FastArenaShooter_Trimestre2/FastArenaShooter/Saved/Config/Windows/Scalability.ini]
[2022.02.11-18.12.30:749][  0]LogConfig: Setting CVar [[r.HairStrands.SkyLighting.IntegrationType:2]]
[2022.02.11-18.12.30:750][  0]LogConfig: Setting CVar [[r.HairStrands.SkyAO.SampleCount:4]]
[2022.02.11-18.12.30:750][  0]LogConfig: Setting CVar [[r.HairStrands.Visibility.MSAA.SamplePerPixel:4]]
[2022.02.11-18.12.30:750][  0]LogConfig: Applying CVar settings from Section [Startup] File [../../../Engine/Config/ConsoleVariables.ini]
[2022.02.11-18.12.30:765][  0]LogConfig: Setting CVar [[net.UseAdaptiveNetUpdateFrequency:0]]
[2022.02.11-18.12.30:765][  0]LogConfig: Setting CVar [[p.chaos.AllowCreatePhysxBodies:1]]
[2022.02.11-18.12.30:765][  0]LogConfig: Setting CVar [[fx.SkipVectorVMBackendOptimizations:1]]
[2022.02.11-18.12.30:765][  0]LogConfig: Applying CVar settings from Section [ConsoleVariables] File [D:/Ican/Cour ican/ICAN Mastere 1 GP/Projet_FastArenaShooter/Projet_FastArenaShooter_Trimestre2/FastArenaShooter/Saved/Config/Windows/Engine.ini]
[2022.02.11-18.12.30:765][  0]LogConfig: Applying CVar settings from Section [ConsoleVariables] File [D:/Ican/Cour ican/ICAN Mastere 1 GP/Projet_FastArenaShooter/Projet_FastArenaShooter_Trimestre2/FastArenaShooter/Saved/Config/Windows/Editor.ini]
[2022.02.11-18.12.30:903][  0]LogInit: Computer: LAPTOP-JECMT6JK
[2022.02.11-18.12.30:904][  0]LogInit: User: diasa
[2022.02.11-18.12.30:904][  0]LogInit: CPU Page size=4096, Cores=6
[2022.02.11-18.12.30:904][  0]LogInit: High frequency timer resolution =10.000000 MHz
[2022.02.11-18.12.30:904][  0]LogMemory: Memory total: Physical=15.8GB (16GB approx)
[2022.02.11-18.12.30:929][  0]LogMemory: Platform Memory Stats for Windows
[2022.02.11-18.12.30:929][  0]LogMemory: Process Physical Memory: 143.36 MB used, 143.36 MB peak
[2022.02.11-18.12.30:929][  0]LogMemory: Process Virtual Memory: 127.60 MB used, 127.60 MB peak
[2022.02.11-18.12.30:929][  0]LogMemory: Physical Memory: 9629.31 MB used,  6596.99 MB free, 16226.30 MB total
[2022.02.11-18.12.30:929][  0]LogMemory: Virtual Memory: 134204120.00 MB used,  13609.22 MB free, 134217728.00 MB total
[2022.02.11-18.12.30:967][  0]LogWindows: WindowsPlatformFeatures enabled
[2022.02.11-18.12.33:789][  0]LogInit: Physics initialised using underlying interface: PhysX
[2022.02.11-18.12.33:840][  0]LogInit: Using OS detected language (fr-FR).
[2022.02.11-18.12.33:840][  0]LogInit: Using OS detected locale (fr-FR).
[2022.02.11-18.12.34:082][  0]LogTextLocalizationManager: No specific localization for 'fr-FR' exists, so the 'fr' localization will be used.
[2022.02.11-18.12.34:088][  0]LogTextLocalizationResource: LocRes '../../../Engine/Content/Localization/Editor/fr/Editor.locres' could not be opened for reading!
[2022.02.11-18.12.34:089][  0]LogTextLocalizationResource: LocRes '../../../Engine/Content/Localization/EditorTutorials/fr/EditorTutorials.locres' could not be opened for reading!
[2022.02.11-18.12.34:089][  0]LogTextLocalizationResource: LocRes '../../../Engine/Content/Localization/Keywords/fr/Keywords.locres' could not be opened for reading!
[2022.02.11-18.12.34:089][  0]LogTextLocalizationResource: LocRes '../../../Engine/Content/Localization/Category/fr/Category.locres' could not be opened for reading!
[2022.02.11-18.12.34:105][  0]LogTextLocalizationResource: LocRes '../../../Engine/Content/Localization/ToolTips/fr/ToolTips.locres' could not be opened for reading!
[2022.02.11-18.12.34:113][  0]LogTextLocalizationResource: LocRes '../../../Engine/Content/Localization/PropertyNames/fr/PropertyNames.locres' could not be opened for reading!
[2022.02.11-18.12.34:113][  0]LogTextLocalizationResource: LocRes '../../../Engine/Content/Localization/Engine/fr/Engine.locres' could not be opened for reading!
[2022.02.11-18.12.34:246][  0]LogInit: Setting process to per monitor DPI aware
[2022.02.11-18.12.34:723][  0]LogWindowsTextInputMethodSystem: Display: IME system deactivated.
[2022.02.11-18.12.35:329][  0]LogSlate: New Slate User Created.  User Index 0, Is Virtual User: 0
[2022.02.11-18.12.35:330][  0]LogSlate: Slate User Registered.  User Index 0, Is Virtual User: 0
[2022.02.11-18.12.36:717][  0]LogD3D11RHI: Loaded GFSDK_Aftermath_Lib.x64.dll
[2022.02.11-18.12.36:941][  0]LogHMD: Failed to enumerate extensions. Please check that you have a valid OpenXR runtime installed.
[2022.02.11-18.12.36:941][  0]LogD3D11RHI: D3D11 min allowed feature level: 11_0
[2022.02.11-18.12.36:941][  0]LogD3D11RHI: D3D11 max allowed feature level: 11_0
[2022.02.11-18.12.36:941][  0]LogD3D11RHI: D3D11 adapters:
[2022.02.11-18.12.38:171][  0]LogD3D11RHI:    0. 'NVIDIA GeForce GTX 1060' (Feature Level 11_0)
[2022.02.11-18.12.38:171][  0]LogD3D11RHI:       6052/0/8113 MB DedicatedVideo/DedicatedSystem/SharedSystem, Outputs:1, VendorId:0x10de
[2022.02.11-18.12.38:231][  0]LogD3D11RHI:    1. 'Intel(R) UHD Graphics 630' (Feature Level 11_0)
[2022.02.11-18.12.38:231][  0]LogD3D11RHI:       128/0/8113 MB DedicatedVideo/DedicatedSystem/SharedSystem, Outputs:0, VendorId:0x8086
[2022.02.11-18.12.38:247][  0]LogD3D11RHI:    2. 'Microsoft Basic Render Driver' (Feature Level 11_0)
[2022.02.11-18.12.38:247][  0]LogD3D11RHI:       0/0/8113 MB DedicatedVideo/DedicatedSystem/SharedSystem, Outputs:0, VendorId:0x1414
[2022.02.11-18.12.38:247][  0]LogD3D11RHI: Chosen D3D11 Adapter:
[2022.02.11-18.12.38:247][  0]LogD3D11RHI:     Description : NVIDIA GeForce GTX 1060
[2022.02.11-18.12.38:247][  0]LogD3D11RHI:     VendorId    : 10de
[2022.02.11-18.12.38:247][  0]LogD3D11RHI:     DeviceId    : 1c20
[2022.02.11-18.12.38:247][  0]LogD3D11RHI:     SubSysId    : 12671025
[2022.02.11-18.12.38:247][  0]LogD3D11RHI:     Revision    : 00a1
[2022.02.11-18.12.38:248][  0]LogD3D11RHI:     DedicatedVideoMemory : 6345981952 bytes
[2022.02.11-18.12.38:248][  0]LogD3D11RHI:     DedicatedSystemMemory : 0 bytes
[2022.02.11-18.12.38:248][  0]LogD3D11RHI:     SharedSystemMemory : 8507254784 bytes
[2022.02.11-18.12.38:248][  0]LogD3D11RHI:     AdapterLuid : 0 60036
[2022.02.11-18.12.38:325][  0]LogD3D11RHI: Creating new Direct3DDevice
[2022.02.11-18.12.38:325][  0]LogD3D11RHI:     GPU DeviceId: 0x1c20 (for the marketing name, search the web for "GPU Device Id")
[2022.02.11-18.12.38:325][  0]LogWindows: EnumDisplayDevices:
[2022.02.11-18.12.38:325][  0]LogWindows:    0. 'Intel(R) UHD Graphics 630' (P:1 D:1)
[2022.02.11-18.12.38:326][  0]LogWindows:    1. 'Intel(R) UHD Graphics 630' (P:0 D:0)
[2022.02.11-18.12.38:326][  0]LogWindows:    2. 'Intel(R) UHD Graphics 630' (P:0 D:0)
[2022.02.11-18.12.38:327][  0]LogWindows:    3. 'NVIDIA GeForce GTX 1060' (P:0 D:0)
[2022.02.11-18.12.38:327][  0]LogWindows: DebugString: PrimaryIsNotTheChoosenAdapter PrimaryIsNotTheChoosenAdapter PrimaryIsNotTheChoosenAdapter 
[2022.02.11-18.12.38:328][  0]LogD3D11RHI:     Adapter Name: NVIDIA GeForce GTX 1060
[2022.02.11-18.12.38:373][  0]LogD3D11RHI:   Driver Version: 497.09 (internal:30.0.14.9709, unified:497.09)
[2022.02.11-18.12.38:374][  0]LogD3D11RHI:      Driver Date: 11-26-2021
[2022.02.11-18.12.38:386][  0]LogRHI: Texture pool is 4236 MB (70% of 6052 MB)
[2022.02.11-18.12.38:387][  0]LogD3D11RHI: Creating D3DDevice using adapter:
[2022.02.11-18.12.38:387][  0]LogD3D11RHI:     Description : NVIDIA GeForce GTX 1060
[2022.02.11-18.12.38:387][  0]LogD3D11RHI:     VendorId    : 10de
[2022.02.11-18.12.38:387][  0]LogD3D11RHI:     DeviceId    : 1c20
[2022.02.11-18.12.38:387][  0]LogD3D11RHI:     SubSysId    : 12671025
[2022.02.11-18.12.38:387][  0]LogD3D11RHI:     Revision    : 00a1
[2022.02.11-18.12.38:387][  0]LogD3D11RHI:     DedicatedVideoMemory : 6345981952 bytes
[2022.02.11-18.12.38:388][  0]LogD3D11RHI:     DedicatedSystemMemory : 0 bytes
[2022.02.11-18.12.38:388][  0]LogD3D11RHI:     SharedSystemMemory : 8507254784 bytes
[2022.02.11-18.12.38:388][  0]LogD3D11RHI:     AdapterLuid : 0 60036
[2022.02.11-18.12.38:455][  0]LogD3D11RHI: RHI has support for 64 bit atomics
[2022.02.11-18.12.38:456][  0]LogD3D11RHI: Async texture creation enabled
[2022.02.11-18.12.38:456][  0]LogD3D11RHI: Array index from any shader is supported
[2022.02.11-18.12.39:438][  0]LogD3D11RHI: GPU Timing Frequency: 1000.000000 (Debug: 2 1)
[2022.02.11-18.12.39:742][  0]LogRHI: GeForceNow SDK initialized: 1
[2022.02.11-18.12.40:350][  0]LogTargetPlatformManager: Display: Loaded TargetPlatform 'AllDesktop'
[2022.02.11-18.12.40:525][  0]LogTargetPlatformManager: Display: Loaded TargetPlatform 'Android'
[2022.02.11-18.12.40:525][  0]LogTargetPlatformManager: Display: Loaded TargetPlatform 'Android_ASTC'
[2022.02.11-18.12.40:525][  0]LogTargetPlatformManager: Display: Loaded TargetPlatform 'Android_DXT'
[2022.02.11-18.12.40:526][  0]LogTargetPlatformManager: Display: Loaded TargetPlatform 'Android_ETC2'
[2022.02.11-18.12.40:526][  0]LogTargetPlatformManager: Display: Loaded TargetPlatform 'AndroidClient'
[2022.02.11-18.12.40:526][  0]LogTargetPlatformManager: Display: Loaded TargetPlatform 'Android_ASTCClient'
[2022.02.11-18.12.40:526][  0]LogTargetPlatformManager: Display: Loaded TargetPlatform 'Android_DXTClient'
[2022.02.11-18.12.40:526][  0]LogTargetPlatformManager: Display: Loaded TargetPlatform 'Android_ETC2Client'
[2022.02.11-18.12.40:526][  0]LogTargetPlatformManager: Display: Loaded TargetPlatform 'Android_Multi'
[2022.02.11-18.12.40:526][  0]LogTargetPlatformManager: Display: Loaded TargetPlatform 'Android_MultiClient'
[2022.02.11-18.12.40:647][  0]LogTargetPlatformManager: Display: Loaded TargetPlatform 'IOSClient'
[2022.02.11-18.12.40:647][  0]LogTargetPlatformManager: Display: Loaded TargetPlatform 'IOS'
[2022.02.11-18.12.40:792][  0]LogTargetPlatformManager: Display: Loaded TargetPlatform 'Linux'
[2022.02.11-18.12.40:819][  0]LogTargetPlatformManager: Display: Loaded TargetPlatform 'LinuxNoEditor'
[2022.02.11-18.12.40:855][  0]LogTargetPlatformManager: Display: Loaded TargetPlatform 'LinuxClient'
[2022.02.11-18.12.40:881][  0]LogTargetPlatformManager: Display: Loaded TargetPlatform 'LinuxServer'
[2022.02.11-18.12.40:939][  0]LogTargetPlatformManager: Display: Loaded TargetPlatform 'LinuxAArch64NoEditor'
[2022.02.11-18.12.41:016][  0]LogTargetPlatformManager: Display: Loaded TargetPlatform 'LinuxAArch64Client'
[2022.02.11-18.12.41:059][  0]LogTargetPlatformManager: Display: Loaded TargetPlatform 'LinuxAArch64Server'
[2022.02.11-18.12.41:114][  0]LogTargetPlatformManager: Display: Loaded TargetPlatform 'Lumin'
[2022.02.11-18.12.41:114][  0]LogTargetPlatformManager: Display: Loaded TargetPlatform 'LuminClient'
[2022.02.11-18.12.41:163][  0]LogTargetPlatformManager: Display: Loaded TargetPlatform 'MacNoEditor'
[2022.02.11-18.12.41:186][  0]LogTargetPlatformManager: Display: Loaded TargetPlatform 'Mac'
[2022.02.11-18.12.41:210][  0]LogTargetPlatformManager: Display: Loaded TargetPlatform 'MacClient'
[2022.02.11-18.12.41:232][  0]LogTargetPlatformManager: Display: Loaded TargetPlatform 'MacServer'
[2022.02.11-18.12.41:309][  0]LogTargetPlatformManager: Display: Loaded TargetPlatform 'TVOSClient'
[2022.02.11-18.12.41:309][  0]LogTargetPlatformManager: Display: Loaded TargetPlatform 'TVOS'
[2022.02.11-18.12.41:352][  0]LogTargetPlatformManager: Display: Loaded TargetPlatform 'WindowsNoEditor'
[2022.02.11-18.12.41:391][  0]LogTargetPlatformManager: Display: Loaded TargetPlatform 'Windows'
[2022.02.11-18.12.41:435][  0]LogTargetPlatformManager: Display: Loaded TargetPlatform 'WindowsClient'
[2022.02.11-18.12.41:472][  0]LogTargetPlatformManager: Display: Loaded TargetPlatform 'WindowsServer'
[2022.02.11-18.12.41:472][  0]LogTargetPlatformManager: Display: Building Assets For Windows
[2022.02.11-18.12.41:824][  0]LogAudioDebug: Display: Lib vorbis DLL was dynamically loaded.
[2022.02.11-18.12.42:380][  0]LogTextureFormatOodle: Display: Oodle Texture 2.9.0 init RDO Off
[2022.02.11-18.12.43:488][  0]LogRendererCore: Ray tracing is disabled. Reason: r.RayTracing=0.
[2022.02.11-18.12.43:594][  0]LogShaderCompilers: Guid format shader working directory is -78 characters bigger than the processId version (../../../../../Ican/Cour ican/ICAN Mastere 1 GP/Projet_FastArenaShooter/Projet_FastArenaShooter_Trimestre2/FastArenaShooter/Intermediate/Shaders/WorkingDirectory/14448/).
[2022.02.11-18.12.43:594][  0]LogShaderCompilers: Cleaned the shader compiler working directory 'C:/Users/diasa/AppData/Local/Temp/UnrealShaderWorkingDir/A9D113B84AC040AE47F270975F3B716D/'.
[2022.02.11-18.12.43:619][  0]LogXGEController: Cannot use XGE Controller as Incredibuild is not installed on this machine.
[2022.02.11-18.12.43:619][  0]LogShaderCompilers: Cannot use XGE Shader Compiler as Incredibuild is not installed on this machine.
[2022.02.11-18.12.43:620][  0]LogShaderCompilers: Display: Using Local Shader Compiler.
[2022.02.11-18.12.46:228][  0]LogDerivedDataCache: Display: Max Cache Size: 512 MB
[2022.02.11-18.12.46:343][  0]LogDerivedDataCache: Loaded boot cache 0.11s 99MB C:/Users/diasa/AppData/Local/UnrealEngine/4.27/DerivedDataCache/Boot.ddc.
[2022.02.11-18.12.46:343][  0]LogDerivedDataCache: Display: Loaded Boot cache: C:/Users/diasa/AppData/Local/UnrealEngine/4.27/DerivedDataCache/Boot.ddc
[2022.02.11-18.12.46:343][  0]LogDerivedDataCache: FDerivedDataBackendGraph:  Pak pak cache file ../../../../../Ican/Cour ican/ICAN Mastere 1 GP/Projet_FastArenaShooter/Projet_FastArenaShooter_Trimestre2/FastArenaShooter/DerivedDataCache/DDC.ddp not found, will not use a pak cache.
[2022.02.11-18.12.46:343][  0]LogDerivedDataCache: Unable to find inner node Pak for hierarchical cache Hierarchy.
[2022.02.11-18.12.46:344][  0]LogDerivedDataCache: FDerivedDataBackendGraph:  CompressedPak pak cache file ../../../../../Ican/Cour ican/ICAN Mastere 1 GP/Projet_FastArenaShooter/Projet_FastArenaShooter_Trimestre2/FastArenaShooter/DerivedDataCache/Compressed.ddp not found, will not use a pak cache.
[2022.02.11-18.12.46:344][  0]LogDerivedDataCache: Unable to find inner node CompressedPak for hierarchical cache Hierarchy.
[2022.02.11-18.12.46:396][  0]LogDerivedDataCache: Display: Pak cache opened for reading ../../../Engine/DerivedDataCache/Compressed.ddp.
[2022.02.11-18.12.46:396][  0]LogDerivedDataCache: FDerivedDataBackendGraph:  EnterprisePak pak cache file ../../../Enterprise/DerivedDataCache/Compressed.ddp not found, will not use a pak cache.
[2022.02.11-18.12.46:396][  0]LogDerivedDataCache: Unable to find inner node EnterprisePak for hierarchical cache Hierarchy.
[2022.02.11-18.12.46:455][  0]LogDerivedDataCache: Speed tests for C:/Users/diasa/AppData/Local/UnrealEngine/Common/DerivedDataCache took 0.06 seconds
[2022.02.11-18.12.46:455][  0]LogDerivedDataCache: Display: Performance to C:/Users/diasa/AppData/Local/UnrealEngine/Common/DerivedDataCache: Latency=0.37ms. RandomReadSpeed=191.66MBs, RandomWriteSpeed=18.83MBs. Assigned SpeedClass 'Local'
[2022.02.11-18.12.46:456][  0]LogDerivedDataCache: Using Local data cache path C:/Users/diasa/AppData/Local/UnrealEngine/Common/DerivedDataCache: Writable
[2022.02.11-18.12.46:457][  0]LogDerivedDataCache: Shared data cache path not found in *engine.ini, will not use an Shared cache.
[2022.02.11-18.12.46:457][  0]LogDerivedDataCache: Unable to find inner node Shared for hierarchical cache Hierarchy.
[2022.02.11-18.12.46:659][  0]LogSlate: Using FreeType 2.10.0
[2022.02.11-18.12.46:737][  0]LogSlate: SlateFontServices - WITH_FREETYPE: 1, WITH_HARFBUZZ: 1
[2022.02.11-18.12.46:738][  0]LogHMD: Failed to enumerate extensions. Please check that you have a valid OpenXR runtime installed.
[2022.02.11-18.12.47:430][  0]LogAssetRegistry: FAssetRegistry took 0.0110 seconds to start up
[2022.02.11-18.12.57:458][  0]LogInit: Selected Device Profile: [Windows]
[2022.02.11-18.12.57:459][  0]LogInit: Active device profile: [000002454C35D400][000002454CCEC640 49] Windows
[2022.02.11-18.12.57:459][  0]LogInit: Profiles: [000002454C35D400][000002454CCEC640 49] Windows, [000002454C347500][000002454B2FC900 49] WindowsNoEditor, [000002454C35E200][000002454C8AEBC0 49] WindowsServer, [000002454C346300][000002454C8B2E80 49] WindowsClient, [000002454C35EF00][000002454B2F9100 49] IOS, [000002454C345600][000002454A001380 49] iPadAir, [000002454C35FC00][000002454A009640 49] iPadAir2, [000002454C2F2600][000002454A01DB80 49] IPadPro, [000002454C2F2700][000002454A00DBC0 49] iPadAir3, [000002454C344300][000002454A014300 49] iPadAir4, [000002454C2F3500][000002454A0105C0 49] iPadMini2, [000002454C347900][000002454A018880 49] iPadMini3, [000002454C2F2400][000002454A020B40 49] iPadMini4, [000002454C346800][000002454A024E00 49] iPadMini5, [000002454C305F00][000002454A035300 49] iPhone6, [000002454C306000][000002454A029340 49] iPodTouch6, [000002454C35ED00][000002454B0FD840 49] iPhone7, [000002454C35D500][000002454A005880 49] iPodTouch7, [000002454C2F3200][000002454A039B40 49] iPhone5S, [000002454C35E000][000002454A02C280 49] iPhone6Plus, [000002454C2F1200][000002454B0F8540 49] iPhone6S, [000002454C35EB00][000002454B100800 49] iPhone6SPlus, [000002454C2F0A00][000002454B104AC0 49] iPhone7Plus, [000002454C35D100][000002454B108D80 49] iPhoneSE, [000002454C2F0800][000002454B10D040 49] iPhone8, [000002454C35EC00][000002454B111300 49] iPhone8Plus, [000002454C2F3100][000002454A031580 49] iPhoneX, [000002454C35CF00][000002454B119840 49] iPhoneXS, [000002454C2F2F00][000002454B11DB00 49] iPhoneXSMax, [000002454C35E900][000002454B120240 49] iPhoneXR, [000002454C304400][000002454B124500 49] iPhone11, [000002454C2F1300][000002454B1287C0 49] iPhone11Pro, [000002454C304C00][000002454B12CA80 49] iPhone11ProMax, [000002454C2F1B00][000002454B130D40 49] iPhoneSE2, [000002454C305400][000002454B135000 49] iPhone12Mini, [000002454C2F2300][000002454B1392C0 49] iPhone12, [000002454C305A00][000002454B115540 49] iPhone12Pro, [000002454C2F2100][000002454B13D7C0 49] iPhone12ProMax, [000002454C305D00][000002454B459A80 49] iPadPro105, [000002454C2F1C00][000002454B45C1C0 49] iPadPro129, [000002454C307F00][000002454B460480 49] iPadPro97, [000002454C2F0400][000002454B464740 49] iPadPro2_129, [000002454C35DD00][000002454B468A00 49] iPad5, [000002454C305E00][000002454B46CCC0 49] iPad6, [000002454C2F1F00][000002454B470F80 49] iPad7, [000002454C304800][000002454B475240 49] iPad8, [000002454C2F3C00][000002454B479500 49] iPadPro11, [000002454C304900][000002454B455780 49] iPadPro2_11, [000002454C2F1400][000002454B47DA00 49] iPadPro3_129, [000002454C307500][000002454B484140 49] iPadPro4_129, [000002454C2F0D00][000002454B488400 49] AppleTV, [000002454C305000][000002454B48C6C0 49] AppleTV4K, [000002454C2F0100][000002454B490980 49] TVOS, [000002454C304D00][000002454B494C40 49] Mac, [000002454C2F3700][000002454B498F00 49] MacClient, [000002454C306400][000002454B49D1C0 49] MacNoEditor, [000002454C2F1800][000002454B4A1480 49] MacServer, [000002454C306D00][000002454B4A5740 49] Linux, [000002454C2F2500][000002454B4819C0 49] LinuxAArch64, [000002454C304B00][000002454B4A80C0 49] LinuxNoEditor, [000002454C2F3400][000002454B4B0380 49] LinuxAArch64NoEditor, [000002454C305800][000002454B4B4640 49] LinuxClient, [000002454C2F0300][000002454B4B8900 49] LinuxAArch64Client, [000002454C305200][000002454B4BCBC0 49] LinuxServer, [000002454C2F3000][000002454C5A6E80 49] LinuxAArch64Server, [000002454C306600][000002454C5AB140 49] Android, [000002454C2F1D00][000002454C5AF400 49] Android_Low, [000002454C306900][000002454C5B36C0 49] Android_Mid, [000002454C2F1100][000002454C5B7980 49] Android_High, [000002454C304300][000002454B4ADC00 49] Android_Default, [000002454C2F0500][000002454C5BA300 49] Android_Adreno4xx, [000002454C305900][000002454C5C25C0 49] Android_Adreno5xx_Low, [000002454C2F2900][000002454C5C6880 49] Android_Adreno5xx, [000002454C304A00][000002454C5CAB40 49] Android_Adreno6xx, [000002454C2F3A00][000002454C5CEE00 49] Android_Adreno6xx_Vulkan, [000002454C307B00][000002454C5D30C0 49] Android_Mali_T6xx, [000002454C2F1600][000002454C5D7380 49] Android_Mali_T7xx, [000002454C305C00][000002454C5DB640 49] Android_Mali_T8xx, [000002454C2F1A00][000002454C5DF900 49] Android_Mali_G71, [000002454C305100][000002454C5E3BC0 49] Android_Mali_G72, [000002454C2F0900][000002454C5BE2C0 49] Android_Mali_G72_Vulkan, [000002454C304F00][000002454C5E6540 49] Android_Mali_G76, [000002454C2F2C00][000002454C5EE800 49] Android_Mali_G76_Vulkan, [000002454C305300][000002454C5F2AC0 49] Android_Mali_G77, [000002454C2F1000][000002454C5F6D80 49] Android_Mali_G77_Vulkan, [000002454C306A00][000002454C5FB040 49] Android_Mali_G78, [000002454C2F0C00][000002454C5FF300 49] Android_Mali_G78_Vulkan, [000002454C306800][000002454C6035C0 49] Android_Mali_G710, [000002454C2F0700][000002454C607880 49] Android_Mali_G710_Vulkan, [000002454C346900][000002454C60BB40 49] Android_Vulkan_SM5, [000002454C35CE00][000002454C60E280 49] Android_PowerVR_G6xxx, [000002454C344B00][000002454C5EA500 49] Android_PowerVR_GT7xxx, [000002454C35C400][000002454C612780 49] Android_PowerVR_GE8xxx, [000002454C347F00][000002454C61AA40 49] Android_PowerVR_GM9xxx, [000002454C35FF00][000002454C61ED00 49] Android_PowerVR_GM9xxx_Vulkan, [000002454C344D00][000002454C622FC0 49] Android_TegraK1, [000002454C35EA00][000002454C627280 49] Android_Unknown_Vulkan, [000002454C345700][000002454C62B540 49] Lumin, [000002454C35F400][000002454C62F800 49] Lumin_Desktop, [000002454C344400][000002454C633AC0 49] HoloLens, 
[2022.02.11-18.12.59:525][  0]LogMeshReduction: Using QuadricMeshReduction for automatic static mesh reduction
[2022.02.11-18.12.59:525][  0]LogMeshReduction: Using SimplygonMeshReduction for automatic skeletal mesh reduction
[2022.02.11-18.12.59:525][  0]LogMeshReduction: Using ProxyLODMeshReduction for automatic mesh merging
[2022.02.11-18.12.59:525][  0]LogMeshReduction: No distributed automatic mesh merging module available
[2022.02.11-18.12.59:540][  0]LogMeshMerging: No distributed automatic mesh merging module available
[2022.02.11-18.13.00:226][  0]LogNetVersion: FastArenaShooter 1.0.0, NetCL: 17155196, EngineNetVer: 17, GameNetVer: 0 (Checksum: 1109794476)
[2022.02.11-18.13.10:641][  0]LogTexture: Default maximum texture size for cubemaps generated from long-lat sources has been changed from 512 to unlimited. In order to preserve old behaiour for '/Engine/MapTemplates/Sky/DaylightAmbientCubemap.DaylightAmbientCubemap', its maximum texture size has been explicitly set to 512.
[2022.02.11-18.13.11:317][  0]LogHMD: PokeAHoleMaterial loaded successfully
[2022.02.11-18.13.11:372][  0]LogUObjectArray: 17075 objects as part of root set at end of initial load.
[2022.02.11-18.13.11:372][  0]LogUObjectAllocator: 4275600 out of 0 bytes used by permanent object pool.
[2022.02.11-18.13.11:372][  0]LogUObjectArray: CloseDisregardForGC: 0/0 objects in disregard for GC pool
[2022.02.11-18.13.18:681][  0]LogNiagaraDebuggerClient: Niagara Debugger Client Initialized | Session: C41EE5A34A4F7A370952FB9E9DBF7DAB | Instance: 1DBDB1594DA24771842806AAC6DA3E92 (LAPTOP-JECMT6JK-14448).
[2022.02.11-18.13.19:433][  0]LogImageWrapper: Warning: PNG Warning: Duplicate iCCP chunk
[2022.02.11-18.13.19:433][  0]LogImageWrapper: Warning: PNG Warning: Duplicate iCCP chunk
[2022.02.11-18.13.19:685][  0]LogPython: Using Python 3.7.7
[2022.02.11-18.13.22:629][  0]LogTcpMessaging: Initializing TcpMessaging bridge
[2022.02.11-18.13.22:662][  0]LogUdpMessaging: Initializing bridge on interface 0.0.0.0:0 to multicast group 230.0.0.1:6666.
[2022.02.11-18.13.23:292][  0]LogFMOD: FFMODStudioModule startup
[2022.02.11-18.13.23:292][  0]LogFMOD: Lib path = '../../../../../Ican/Cour ican/ICAN Mastere 1 GP/Projet_FastArenaShooter/Projet_FastArenaShooter_Trimestre2/FastArenaShooter/Plugins/FMODStudio/Binaries'
[2022.02.11-18.13.23:292][  0]LogFMOD: FFMODStudioModule::LoadDll: Loading ../../../../../Ican/Cour ican/ICAN Mastere 1 GP/Projet_FastArenaShooter/Projet_FastArenaShooter_Trimestre2/FastArenaShooter/Plugins/FMODStudio/Binaries/Win64/fmodL.dll
[2022.02.11-18.13.23:373][  0]LogFMOD: FFMODStudioModule::LoadDll: Loading ../../../../../Ican/Cour ican/ICAN Mastere 1 GP/Projet_FastArenaShooter/Projet_FastArenaShooter_Trimestre2/FastArenaShooter/Plugins/FMODStudio/Binaries/Win64/fmodstudioL.dll
[2022.02.11-18.13.23:602][  0]LogFMOD: Display: Loaded bank lookup
[2022.02.11-18.13.23:603][  0]LogFMOD: Display: Loaded asset lookup
[2022.02.11-18.13.23:661][  0]LogFMOD: Default sample rate = 48000
[2022.02.11-18.13.23:661][  0]LogFMOD: System sample rate = 48000
[2022.02.11-18.13.23:661][  0]LogFMOD: Matching system sample rate 48000
[2022.02.11-18.13.23:763][  0]LogFMOD: Default sample rate = 48000
[2022.02.11-18.13.23:763][  0]LogFMOD: System sample rate = 48000
[2022.02.11-18.13.23:763][  0]LogFMOD: Matching system sample rate 48000
[2022.02.11-18.13.25:487][  0]LogLinker: Warning: Failed to load '/Game/ThirdPersonBP/ThirdPersonOverview': Can't find file.
[2022.02.11-18.13.25:487][  0]LogLinker: Warning: Failed to load '/Game/ThirdPersonBP/ThirdPersonOverview': Can't find file.
[2022.02.11-18.13.25:488][  0]LogUObjectGlobals: Warning: Failed to find object 'Class /Game/ThirdPersonBP/ThirdPersonOverview.ThirdPersonOverview_C'
[2022.02.11-18.13.27:392][  0]SourceControl: Source control is disabled
[2022.02.11-18.13.27:392][  0]SourceControl: Source control is disabled
[2022.02.11-18.13.27:554][  0]SourceControl: Source control is disabled
[2022.02.11-18.13.27:589][  0]SourceControl: Source control is disabled
[2022.02.11-18.13.27:955][  0]SourceControl: Source control is disabled
[2022.02.11-18.13.28:080][  0]LogUProjectInfo: Found projects:
[2022.02.11-18.13.30:350][  0]LogOpenImageDenoise: OIDN starting up
[2022.02.11-18.13.30:877][  0]LogAndroidPermission: UAndroidPermissionCallbackProxy::GetInstance
[2022.02.11-18.13.31:178][  0]LogAudioCaptureCore: Display: No Audio Capture implementations found. Audio input will be silent.
[2022.02.11-18.13.31:178][  0]LogAudioCaptureCore: Display: No Audio Capture implementations found. Audio input will be silent.
[2022.02.11-18.13.32:444][  0]LogCollectionManager: Loaded 0 collections in 0.001210 seconds
[2022.02.11-18.13.32:677][  0]LogFileCache: Scanning file cache for directory 'D:/Ican/Cour ican/ICAN Mastere 1 GP/Projet_FastArenaShooter/Projet_FastArenaShooter_Trimestre2/FastArenaShooter/Saved/Collections/' took 0.02s
[2022.02.11-18.13.32:677][  0]LogFileCache: Scanning file cache for directory 'D:/Ican/Cour ican/ICAN Mastere 1 GP/Projet_FastArenaShooter/Projet_FastArenaShooter_Trimestre2/FastArenaShooter/Content/Developers/diasa/Collections/' took 0.01s
[2022.02.11-18.13.32:677][  0]LogFileCache: Scanning file cache for directory 'D:/Ican/Cour ican/ICAN Mastere 1 GP/Projet_FastArenaShooter/Projet_FastArenaShooter_Trimestre2/FastArenaShooter/Content/Collections/' took 0.01s
[2022.02.11-18.13.32:677][  0]LogOcInput: OculusInput pre-init called
[2022.02.11-18.13.33:188][  0]LogImageWrapper: Warning: PNG Warning: Duplicate iCCP chunk
[2022.02.11-18.13.33:189][  0]LogImageWrapper: Warning: PNG Warning: Duplicate iCCP chunk
[2022.02.11-18.13.34:134][  0]LogClass: Warning: ObjectProperty FFMODLocalizedBankTable::Banks is not initialized properly. Module:FMODStudio File:Private/FMODBankLookup.h
[2022.02.11-18.13.34:135][  0]LogClass: Display: BoolProperty FFMODProjectLocale::bDefault is not initialized properly. Module:FMODStudio File:Classes/FMODSettings.h
[2022.02.11-18.13.34:153][  0]LogClass: Display: 2 Uninitialized script struct members found including 1 object properties
[2022.02.11-18.13.34:231][  0]LogAutomationTest: Warning: ObjectProperty FFMODLocalizedBankTable::Banks is not initialized properly. Module:FMODStudio File:Private/FMODBankLookup.h
[2022.02.11-18.13.34:303][  0]LogEngine: Initializing Engine...
[2022.02.11-18.13.34:367][  0]LogHMD: Failed to enumerate extensions. Please check that you have a valid OpenXR runtime installed.
[2022.02.11-18.13.34:394][  0]LogMagicLeap: Warning: VR disabled because ZI is not enabled.  To enable, in the editor, Edit -> Project Settings -> Plugins -> Magic Leap Plugin -> Enable Zero Iteration
[2022.02.11-18.13.34:475][  0]LogStats: UGameplayTagsManager::InitializeManager -  0.001 s
[2022.02.11-18.13.35:015][  0]LogInit: Initializing FReadOnlyCVARCache
[2022.02.11-18.13.35:493][  0]LogAIModule: Creating AISystem for world Untitled
[2022.02.11-18.13.35:532][  0]LogAudio: Display: Initializing Audio Device Manager...
[2022.02.11-18.13.35:556][  0]LogAudio: Display: Loading Default Audio Settings Objects...
[2022.02.11-18.13.35:588][  0]LogAudio: Display: No default SoundConcurrencyObject specified (or failed to load).
[2022.02.11-18.13.35:616][  0]LogAudio: Display: Audio Device Manager Initialized
[2022.02.11-18.13.35:617][  0]LogAudio: Display: Creating Audio Device:                 Id: 1, Scope: Shared, Realtime: True
[2022.02.11-18.13.35:640][  0]LogAudioMixer: Display: Audio Mixer Platform Settings:
[2022.02.11-18.13.35:641][  0]LogAudioMixer: Display: 	Sample Rate:						  48000
[2022.02.11-18.13.35:641][  0]LogAudioMixer: Display: 	Callback Buffer Frame Size Requested: 1024
[2022.02.11-18.13.35:641][  0]LogAudioMixer: Display: 	Callback Buffer Frame Size To Use:	  1024
[2022.02.11-18.13.35:641][  0]LogAudioMixer: Display: 	Number of buffers to queue:			  2
[2022.02.11-18.13.35:641][  0]LogAudioMixer: Display: 	Max Channels (voices):				  32
[2022.02.11-18.13.35:641][  0]LogAudioMixer: Display: 	Number of Async Source Workers:		  0
[2022.02.11-18.13.35:653][  0]LogAudio: Display: AudioDevice MaxSources: 32
[2022.02.11-18.13.35:661][  0]LogAudio: Display: Audio Spatialization Plugin: None (built-in).
[2022.02.11-18.13.35:662][  0]LogAudio: Display: Audio Reverb Plugin: None (built-in).
[2022.02.11-18.13.35:662][  0]LogAudio: Display: Audio Occlusion Plugin: None (built-in).
[2022.02.11-18.13.35:662][  0]LogAudioMixer: Display: Initializing audio mixer.
[2022.02.11-18.13.35:876][  0]LogAudioMixer: Display: 0: FrontLeft
[2022.02.11-18.13.35:876][  0]LogAudioMixer: Display: 1: FrontRight
[2022.02.11-18.13.35:876][  0]LogAudioMixer: Display: 2: FrontCenter
[2022.02.11-18.13.35:877][  0]LogAudioMixer: Display: 3: LowFrequency
[2022.02.11-18.13.35:877][  0]LogAudioMixer: Display: 4: BackLeft
[2022.02.11-18.13.35:877][  0]LogAudioMixer: Display: 5: BackRight
[2022.02.11-18.13.35:877][  0]LogAudioMixer: Display: 6: SideLeft
[2022.02.11-18.13.35:877][  0]LogAudioMixer: Display: 7: SideRight
[2022.02.11-18.13.35:894][  0]LogAudioMixer: Display: Using Audio Device Haut-parleurs (THX Spatial Audio)
[2022.02.11-18.13.35:905][  0]LogAudioMixer: Display: Initializing Sound Submixes...
[2022.02.11-18.13.35:915][  0]LogAudioMixer: Display: Creating Master Submix 'MasterSubmixDefault'
[2022.02.11-18.13.35:916][  0]LogAudioMixer: Display: Creating Master Submix 'MasterReverbSubmixDefault'
[2022.02.11-18.13.35:917][  0]LogAudioMixer: Display: Creating Master Submix 'MasterEQSubmixDefault'
[2022.02.11-18.13.35:975][  0]LogAudioMixer: FMixerPlatformXAudio2::StartAudioStream() called
[2022.02.11-18.13.35:975][  0]LogAudioMixer: Display: Output buffers initialized: Frames=1024, Channels=8, Samples=8192
[2022.02.11-18.13.35:977][  0]LogAudioMixer: Display: Starting AudioMixerPlatformInterface::RunInternal()
[2022.02.11-18.13.35:977][  0]LogAudioMixer: Display: FMixerPlatformXAudio2::SubmitBuffer() called for the first time
[2022.02.11-18.13.35:977][  0]LogInit: FAudioDevice initialized.
[2022.02.11-18.13.35:978][  0]LogAudio: Display: Audio Device (ID: 1) registered with world 'Untitled'.
[2022.02.11-18.13.35:978][  0]LogNetVersion: Set ProjectVersion to 1.0.0.0. Version Checksum will be recalculated on next use.
[2022.02.11-18.13.36:043][  0]LogDerivedDataCache: Saved boot cache 0.07s 99MB C:/Users/diasa/AppData/Local/UnrealEngine/4.27/DerivedDataCache/Boot.ddc.
[2022.02.11-18.13.36:046][  0]LogInit: Texture streaming: Enabled
[2022.02.11-18.13.36:175][  0]LogAnalytics: Display: [UEEditor.Rocket.Release] APIServer = https://datarouter.ol.epicgames.com/. AppVersion = 4.27.1-17735300+++UE4+Release-4.27
[2022.02.11-18.13.36:262][  0]LogEngineSessionManager: EngineSessionManager initialized
[2022.02.11-18.13.36:262][  0]LogEditorSessionSummary: Verbose: Initializing EditorSessionSummaryWriter for editor session tracking
[2022.02.11-18.13.36:285][  0]LogEditorSessionSummary: EditorSessionSummaryWriter initialized
[2022.02.11-18.13.36:548][  0]LogInit: Transaction tracking system initialized
[2022.02.11-18.13.37:617][  0]LogFMOD: Warning: c:\jk\workspace\Build__2.2__Unreal_Win\core_api\platforms\win\src\fmod_output_wasapi.cpp(550) - Starvation detected in WASAPI output buffer!

[2022.02.11-18.13.37:617][  0]BlueprintLog: New page: Editor Load
[2022.02.11-18.13.39:343][  0]LocalizationService: Localization service is disabled
[2022.02.11-18.13.39:759][  0]TimingProfiler: Initialize
[2022.02.11-18.13.39:761][  0]TimingProfiler: OnSessionChanged
[2022.02.11-18.13.39:761][  0]LoadingProfiler: Initialize
[2022.02.11-18.13.39:762][  0]LoadingProfiler: OnSessionChanged
[2022.02.11-18.13.39:762][  0]NetworkingProfiler: Initialize
[2022.02.11-18.13.39:763][  0]NetworkingProfiler: OnSessionChanged
[2022.02.11-18.13.39:763][  0]MemoryProfiler: Initialize
[2022.02.11-18.13.39:763][  0]MemoryProfiler: OnSessionChanged
[2022.02.11-18.13.42:171][  0]LogFileCache: Scanning file cache for directory 'D:/Ican/Cour ican/ICAN Mastere 1 GP/Projet_FastArenaShooter/Projet_FastArenaShooter_Trimestre2/FastArenaShooter/Content/' took 0.01s
[2022.02.11-18.13.42:171][  0]LogCook: Display: CookSettings for Memory: MemoryMaxUsedVirtual 0MiB, MemoryMaxUsedPhysical 16384MiB, MemoryMinFreeVirtual 0MiB, MemoryMinFreePhysical 1024MiB
[2022.02.11-18.13.42:172][  0]LogCook: Display: Mobile HDR setting 1
[2022.02.11-18.13.42:645][  0]LogFMOD: FFMODStudioEditorModule startup
[2022.02.11-18.13.44:914][  0]LogInit: Display: Engine is initialized. Leaving FEngineLoop::Init()
[2022.02.11-18.13.45:059][  0]SourceControl: Source control is disabled
[2022.02.11-18.13.45:059][  0]LogUnrealEdMisc: Loading editor; pre map load, took 114.413
[2022.02.11-18.13.45:127][  0]LightingResults: New page: Lighting Build
[2022.02.11-18.13.45:189][  0]LogWorld: UWorld::CleanupWorld for Untitled, bSessionEnded=true, bCleanupResources=true
[2022.02.11-18.13.45:206][  0]LogSlate: InvalidateAllWidgets triggered.  All widgets were invalidated
[2022.02.11-18.13.45:291][  0]MapCheck: New page: Map Check
[2022.02.11-18.13.45:291][  0]LightingResults: New page: Lighting Build
[2022.02.11-18.13.45:458][  0]LogAudio: Display: Audio Device unregistered from world 'None'.
[2022.02.11-18.13.45:602][  0]LogUObjectHash: Compacting FUObjectHashTables data took   1.25ms
[2022.02.11-18.13.46:120][  0]LogAudio: Display: Audio Device (ID: 1) registered with world 'Prog_Antoine'.
[2022.02.11-18.13.46:121][  0]LogAIModule: Creating AISystem for world Prog_Antoine
[2022.02.11-18.13.46:664][  0]LogEditorServer: Finished looking for orphan Actors (0.000 secs)
[2022.02.11-18.13.46:798][  0]LogUObjectHash: Compacting FUObjectHashTables data took   1.09ms
[2022.02.11-18.13.46:807][  0]Cmd: MAP CHECKDEP NOCLEARLOG
[2022.02.11-18.13.46:813][  0]MapCheck: Map check complete: 0 Error(s), 0 Warning(s), took 5,446ms to complete.
[2022.02.11-18.13.46:813][  0]LogFileHelpers: Loading map 'Prog_Antoine' took 1.714
[2022.02.11-18.13.47:591][  0]LogUnrealEdMisc: Total Editor Startup Time, took 116.944
[2022.02.11-18.13.48:165][  0]LogSlate: Updating window title bar state: overlay mode, drag disabled, window buttons hidden, title bar hidden
[2022.02.11-18.13.48:171][  0]LogSlate: Updating window title bar state: overlay mode, drag disabled, window buttons hidden, title bar hidden
[2022.02.11-18.13.48:178][  0]LogSlate: Updating window title bar state: overlay mode, drag disabled, window buttons hidden, title bar hidden
[2022.02.11-18.13.48:185][  0]LogSlate: Updating window title bar state: overlay mode, drag disabled, window buttons hidden, title bar hidden
[2022.02.11-18.13.48:365][  0]LogNativeClassHierarchy: Verbose: Native class hierarchy populated in 0.0090 seconds. Added 3836 classes and 930 folders.
[2022.02.11-18.13.48:523][  0]LogNativeClassHierarchy: Verbose: Native class hierarchy updated for 'WidgetCarousel' in 0.0003 seconds. Added 0 classes and 0 folders.
[2022.02.11-18.13.48:648][  0]LogPakFile: PakFile PrimaryIndexSize=187
[2022.02.11-18.13.48:648][  0]LogPakFile: PakFile PathHashIndexSize=101
[2022.02.11-18.13.48:648][  0]LogPakFile: PakFile FullDirectoryIndexSize=148
[2022.02.11-18.13.48:661][  0]LogShaderLibrary: Display: ShaderCodeLibraryPakFileMountedCallback: PakFile 'D:/UnrealEnginee/UE_4.27/FeaturePacks/FP_FirstPerson.upack' (chunk index -1, root 'root:/') mounted
[2022.02.11-18.13.48:661][  0]LogShaderLibrary: Display: ShaderCodeLibraryPakFileMountedCallback: pending pak file info (ChunkID:-1 Root:root:/ File:D:/UnrealEnginee/UE_4.27/FeaturePacks/FP_FirstPerson.upack)
[2022.02.11-18.13.48:661][  0]LogPakFile: OnPakFileMounted2Time == 0.012861
[2022.02.11-18.13.48:701][  0]LogPakFile: PakFile PrimaryIndexSize=189
[2022.02.11-18.13.48:701][  0]LogPakFile: PakFile PathHashIndexSize=101
[2022.02.11-18.13.48:701][  0]LogPakFile: PakFile FullDirectoryIndexSize=152
[2022.02.11-18.13.48:701][  0]LogShaderLibrary: Display: ShaderCodeLibraryPakFileMountedCallback: PakFile 'D:/UnrealEnginee/UE_4.27/FeaturePacks/FP_FirstPersonBP.upack' (chunk index -1, root 'root:/') mounted
[2022.02.11-18.13.48:701][  0]LogShaderLibrary: Display: ShaderCodeLibraryPakFileMountedCallback: pending pak file info (ChunkID:-1 Root:root:/ File:D:/UnrealEnginee/UE_4.27/FeaturePacks/FP_FirstPersonBP.upack)
[2022.02.11-18.13.48:702][  0]LogPakFile: OnPakFileMounted2Time == 0.000311
[2022.02.11-18.13.48:767][  0]LogPakFile: PakFile PrimaryIndexSize=191
[2022.02.11-18.13.48:768][  0]LogPakFile: PakFile PathHashIndexSize=101
[2022.02.11-18.13.48:768][  0]LogPakFile: PakFile FullDirectoryIndexSize=160
[2022.02.11-18.13.48:768][  0]LogShaderLibrary: Display: ShaderCodeLibraryPakFileMountedCallback: PakFile 'D:/UnrealEnginee/UE_4.27/FeaturePacks/MobileStarterContent.upack' (chunk index -1, root 'root:/') mounted
[2022.02.11-18.13.48:768][  0]LogShaderLibrary: Display: ShaderCodeLibraryPakFileMountedCallback: pending pak file info (ChunkID:-1 Root:root:/ File:D:/UnrealEnginee/UE_4.27/FeaturePacks/MobileStarterContent.upack)
[2022.02.11-18.13.48:768][  0]LogPakFile: OnPakFileMounted2Time == 0.000194
[2022.02.11-18.13.48:780][  0]LogPakFile: PakFile PrimaryIndexSize=185
[2022.02.11-18.13.48:780][  0]LogPakFile: PakFile PathHashIndexSize=101
[2022.02.11-18.13.48:780][  0]LogPakFile: PakFile FullDirectoryIndexSize=148
[2022.02.11-18.13.48:780][  0]LogShaderLibrary: Display: ShaderCodeLibraryPakFileMountedCallback: PakFile 'D:/UnrealEnginee/UE_4.27/FeaturePacks/StarterContent.upack' (chunk index -1, root 'root:/') mounted
[2022.02.11-18.13.48:780][  0]LogShaderLibrary: Display: ShaderCodeLibraryPakFileMountedCallback: pending pak file info (ChunkID:-1 Root:root:/ File:D:/UnrealEnginee/UE_4.27/FeaturePacks/StarterContent.upack)
[2022.02.11-18.13.48:781][  0]LogPakFile: OnPakFileMounted2Time == 0.000239
[2022.02.11-18.13.48:796][  0]LogPakFile: PakFile PrimaryIndexSize=190
[2022.02.11-18.13.48:796][  0]LogPakFile: PakFile PathHashIndexSize=101
[2022.02.11-18.13.48:796][  0]LogPakFile: PakFile FullDirectoryIndexSize=154
[2022.02.11-18.13.48:797][  0]LogShaderLibrary: Display: ShaderCodeLibraryPakFileMountedCallback: PakFile 'D:/UnrealEnginee/UE_4.27/FeaturePacks/TP_2DSideScroller.upack' (chunk index -1, root 'root:/') mounted
[2022.02.11-18.13.48:797][  0]LogShaderLibrary: Display: ShaderCodeLibraryPakFileMountedCallback: pending pak file info (ChunkID:-1 Root:root:/ File:D:/UnrealEnginee/UE_4.27/FeaturePacks/TP_2DSideScroller.upack)
[2022.02.11-18.13.48:797][  0]LogPakFile: OnPakFileMounted2Time == 0.000237
[2022.02.11-18.13.48:809][  0]LogPakFile: PakFile PrimaryIndexSize=192
[2022.02.11-18.13.48:809][  0]LogPakFile: PakFile PathHashIndexSize=101
[2022.02.11-18.13.48:809][  0]LogPakFile: PakFile FullDirectoryIndexSize=158
[2022.02.11-18.13.48:809][  0]LogShaderLibrary: Display: ShaderCodeLibraryPakFileMountedCallback: PakFile 'D:/UnrealEnginee/UE_4.27/FeaturePacks/TP_2DSideScrollerBP.upack' (chunk index -1, root 'root:/') mounted
[2022.02.11-18.13.48:809][  0]LogShaderLibrary: Display: ShaderCodeLibraryPakFileMountedCallback: pending pak file info (ChunkID:-1 Root:root:/ File:D:/UnrealEnginee/UE_4.27/FeaturePacks/TP_2DSideScrollerBP.upack)
[2022.02.11-18.13.48:809][  0]LogPakFile: OnPakFileMounted2Time == 0.000236
[2022.02.11-18.13.48:830][  0]LogPakFile: PakFile PrimaryIndexSize=182
[2022.02.11-18.13.48:830][  0]LogPakFile: PakFile PathHashIndexSize=101
[2022.02.11-18.13.48:830][  0]LogPakFile: PakFile FullDirectoryIndexSize=138
[2022.02.11-18.13.48:830][  0]LogShaderLibrary: Display: ShaderCodeLibraryPakFileMountedCallback: PakFile 'D:/UnrealEnginee/UE_4.27/FeaturePacks/TP_Flying.upack' (chunk index -1, root 'root:/') mounted
[2022.02.11-18.13.48:830][  0]LogShaderLibrary: Display: ShaderCodeLibraryPakFileMountedCallback: pending pak file info (ChunkID:-1 Root:root:/ File:D:/UnrealEnginee/UE_4.27/FeaturePacks/TP_Flying.upack)
[2022.02.11-18.13.48:830][  0]LogPakFile: OnPakFileMounted2Time == 0.000233
[2022.02.11-18.13.48:842][  0]LogPakFile: PakFile PrimaryIndexSize=184
[2022.02.11-18.13.48:842][  0]LogPakFile: PakFile PathHashIndexSize=101
[2022.02.11-18.13.48:842][  0]LogPakFile: PakFile FullDirectoryIndexSize=142
[2022.02.11-18.13.48:843][  0]LogShaderLibrary: Display: ShaderCodeLibraryPakFileMountedCallback: PakFile 'D:/UnrealEnginee/UE_4.27/FeaturePacks/TP_FlyingBP.upack' (chunk index -1, root 'root:/') mounted
[2022.02.11-18.13.48:843][  0]LogShaderLibrary: Display: ShaderCodeLibraryPakFileMountedCallback: pending pak file info (ChunkID:-1 Root:root:/ File:D:/UnrealEnginee/UE_4.27/FeaturePacks/TP_FlyingBP.upack)
[2022.02.11-18.13.48:843][  0]LogPakFile: OnPakFileMounted2Time == 0.000316
[2022.02.11-18.13.48:856][  0]LogPakFile: PakFile PrimaryIndexSize=188
[2022.02.11-18.13.48:857][  0]LogPakFile: PakFile PathHashIndexSize=101
[2022.02.11-18.13.48:857][  0]LogPakFile: PakFile FullDirectoryIndexSize=150
[2022.02.11-18.13.48:857][  0]LogShaderLibrary: Display: ShaderCodeLibraryPakFileMountedCallback: PakFile 'D:/UnrealEnginee/UE_4.27/FeaturePacks/TP_HandheldARBP.upack' (chunk index -1, root 'root:/') mounted
[2022.02.11-18.13.48:857][  0]LogShaderLibrary: Display: ShaderCodeLibraryPakFileMountedCallback: pending pak file info (ChunkID:-1 Root:root:/ File:D:/UnrealEnginee/UE_4.27/FeaturePacks/TP_HandheldARBP.upack)
[2022.02.11-18.13.48:858][  0]LogPakFile: OnPakFileMounted2Time == 0.000364
[2022.02.11-18.13.48:889][  0]LogPakFile: PakFile PrimaryIndexSize=182
[2022.02.11-18.13.48:890][  0]LogPakFile: PakFile PathHashIndexSize=101
[2022.02.11-18.13.48:890][  0]LogPakFile: PakFile FullDirectoryIndexSize=138
[2022.02.11-18.13.48:890][  0]LogShaderLibrary: Display: ShaderCodeLibraryPakFileMountedCallback: PakFile 'D:/UnrealEnginee/UE_4.27/FeaturePacks/TP_Puzzle.upack' (chunk index -1, root 'root:/') mounted
[2022.02.11-18.13.48:890][  0]LogShaderLibrary: Display: ShaderCodeLibraryPakFileMountedCallback: pending pak file info (ChunkID:-1 Root:root:/ File:D:/UnrealEnginee/UE_4.27/FeaturePacks/TP_Puzzle.upack)
[2022.02.11-18.13.48:890][  0]LogPakFile: OnPakFileMounted2Time == 0.000180
[2022.02.11-18.13.48:904][  0]LogPakFile: PakFile PrimaryIndexSize=184
[2022.02.11-18.13.48:904][  0]LogPakFile: PakFile PathHashIndexSize=101
[2022.02.11-18.13.48:904][  0]LogPakFile: PakFile FullDirectoryIndexSize=142
[2022.02.11-18.13.48:905][  0]LogShaderLibrary: Display: ShaderCodeLibraryPakFileMountedCallback: PakFile 'D:/UnrealEnginee/UE_4.27/FeaturePacks/TP_PuzzleBP.upack' (chunk index -1, root 'root:/') mounted
[2022.02.11-18.13.48:905][  0]LogShaderLibrary: Display: ShaderCodeLibraryPakFileMountedCallback: pending pak file info (ChunkID:-1 Root:root:/ File:D:/UnrealEnginee/UE_4.27/FeaturePacks/TP_PuzzleBP.upack)
[2022.02.11-18.13.48:905][  0]LogPakFile: OnPakFileMounted2Time == 0.000226
[2022.02.11-18.13.48:917][  0]LogPakFile: PakFile PrimaryIndexSize=183
[2022.02.11-18.13.48:917][  0]LogPakFile: PakFile PathHashIndexSize=101
[2022.02.11-18.13.48:917][  0]LogPakFile: PakFile FullDirectoryIndexSize=140
[2022.02.11-18.13.48:917][  0]LogShaderLibrary: Display: ShaderCodeLibraryPakFileMountedCallback: PakFile 'D:/UnrealEnginee/UE_4.27/FeaturePacks/TP_Rolling.upack' (chunk index -1, root 'root:/') mounted
[2022.02.11-18.13.48:917][  0]LogShaderLibrary: Display: ShaderCodeLibraryPakFileMountedCallback: pending pak file info (ChunkID:-1 Root:root:/ File:D:/UnrealEnginee/UE_4.27/FeaturePacks/TP_Rolling.upack)
[2022.02.11-18.13.48:918][  0]LogPakFile: OnPakFileMounted2Time == 0.000257
[2022.02.11-18.13.48:922][  0]LogPakFile: PakFile PrimaryIndexSize=185
[2022.02.11-18.13.48:923][  0]LogPakFile: PakFile PathHashIndexSize=101
[2022.02.11-18.13.48:923][  0]LogPakFile: PakFile FullDirectoryIndexSize=144
[2022.02.11-18.13.48:923][  0]LogShaderLibrary: Display: ShaderCodeLibraryPakFileMountedCallback: PakFile 'D:/UnrealEnginee/UE_4.27/FeaturePacks/TP_RollingBP.upack' (chunk index -1, root 'root:/') mounted
[2022.02.11-18.13.48:923][  0]LogShaderLibrary: Display: ShaderCodeLibraryPakFileMountedCallback: pending pak file info (ChunkID:-1 Root:root:/ File:D:/UnrealEnginee/UE_4.27/FeaturePacks/TP_RollingBP.upack)
[2022.02.11-18.13.48:923][  0]LogPakFile: OnPakFileMounted2Time == 0.000257
[2022.02.11-18.13.48:939][  0]LogPakFile: PakFile PrimaryIndexSize=188
[2022.02.11-18.13.48:940][  0]LogPakFile: PakFile PathHashIndexSize=101
[2022.02.11-18.13.48:940][  0]LogPakFile: PakFile FullDirectoryIndexSize=150
[2022.02.11-18.13.48:940][  0]LogShaderLibrary: Display: ShaderCodeLibraryPakFileMountedCallback: PakFile 'D:/UnrealEnginee/UE_4.27/FeaturePacks/TP_SideScroller.upack' (chunk index -1, root 'root:/') mounted
[2022.02.11-18.13.48:940][  0]LogShaderLibrary: Display: ShaderCodeLibraryPakFileMountedCallback: pending pak file info (ChunkID:-1 Root:root:/ File:D:/UnrealEnginee/UE_4.27/FeaturePacks/TP_SideScroller.upack)
[2022.02.11-18.13.48:940][  0]LogPakFile: OnPakFileMounted2Time == 0.000232
[2022.02.11-18.13.49:017][  0]LogPakFile: PakFile PrimaryIndexSize=190
[2022.02.11-18.13.49:017][  0]LogPakFile: PakFile PathHashIndexSize=101
[2022.02.11-18.13.49:017][  0]LogPakFile: PakFile FullDirectoryIndexSize=154
[2022.02.11-18.13.49:017][  0]LogShaderLibrary: Display: ShaderCodeLibraryPakFileMountedCallback: PakFile 'D:/UnrealEnginee/UE_4.27/FeaturePacks/TP_SideScrollerBP.upack' (chunk index -1, root 'root:/') mounted
[2022.02.11-18.13.49:018][  0]LogShaderLibrary: Display: ShaderCodeLibraryPakFileMountedCallback: pending pak file info (ChunkID:-1 Root:root:/ File:D:/UnrealEnginee/UE_4.27/FeaturePacks/TP_SideScrollerBP.upack)
[2022.02.11-18.13.49:018][  0]LogPakFile: OnPakFileMounted2Time == 0.000275
[2022.02.11-18.13.49:033][  0]LogPakFile: PakFile PrimaryIndexSize=187
[2022.02.11-18.13.49:033][  0]LogPakFile: PakFile PathHashIndexSize=101
[2022.02.11-18.13.49:033][  0]LogPakFile: PakFile FullDirectoryIndexSize=148
[2022.02.11-18.13.49:033][  0]LogShaderLibrary: Display: ShaderCodeLibraryPakFileMountedCallback: PakFile 'D:/UnrealEnginee/UE_4.27/FeaturePacks/TP_ThirdPerson.upack' (chunk index -1, root 'root:/') mounted
[2022.02.11-18.13.49:034][  0]LogShaderLibrary: Display: ShaderCodeLibraryPakFileMountedCallback: pending pak file info (ChunkID:-1 Root:root:/ File:D:/UnrealEnginee/UE_4.27/FeaturePacks/TP_ThirdPerson.upack)
[2022.02.11-18.13.49:034][  0]LogPakFile: OnPakFileMounted2Time == 0.000257
[2022.02.11-18.13.49:040][  0]LogPakFile: PakFile PrimaryIndexSize=189
[2022.02.11-18.13.49:040][  0]LogPakFile: PakFile PathHashIndexSize=101
[2022.02.11-18.13.49:040][  0]LogPakFile: PakFile FullDirectoryIndexSize=152
[2022.02.11-18.13.49:040][  0]LogShaderLibrary: Display: ShaderCodeLibraryPakFileMountedCallback: PakFile 'D:/UnrealEnginee/UE_4.27/FeaturePacks/TP_ThirdPersonBP.upack' (chunk index -1, root 'root:/') mounted
[2022.02.11-18.13.49:040][  0]LogShaderLibrary: Display: ShaderCodeLibraryPakFileMountedCallback: pending pak file info (ChunkID:-1 Root:root:/ File:D:/UnrealEnginee/UE_4.27/FeaturePacks/TP_ThirdPersonBP.upack)
[2022.02.11-18.13.49:040][  0]LogPakFile: OnPakFileMounted2Time == 0.000242
[2022.02.11-18.13.49:052][  0]LogPakFile: PakFile PrimaryIndexSize=183
[2022.02.11-18.13.49:053][  0]LogPakFile: PakFile PathHashIndexSize=101
[2022.02.11-18.13.49:053][  0]LogPakFile: PakFile FullDirectoryIndexSize=140
[2022.02.11-18.13.49:053][  0]LogShaderLibrary: Display: ShaderCodeLibraryPakFileMountedCallback: PakFile 'D:/UnrealEnginee/UE_4.27/FeaturePacks/TP_TopDown.upack' (chunk index -1, root 'root:/') mounted
[2022.02.11-18.13.49:053][  0]LogShaderLibrary: Display: ShaderCodeLibraryPakFileMountedCallback: pending pak file info (ChunkID:-1 Root:root:/ File:D:/UnrealEnginee/UE_4.27/FeaturePacks/TP_TopDown.upack)
[2022.02.11-18.13.49:053][  0]LogPakFile: OnPakFileMounted2Time == 0.000228
[2022.02.11-18.13.49:086][  0]LogPakFile: PakFile PrimaryIndexSize=185
[2022.02.11-18.13.49:086][  0]LogPakFile: PakFile PathHashIndexSize=101
[2022.02.11-18.13.49:086][  0]LogPakFile: PakFile FullDirectoryIndexSize=144
[2022.02.11-18.13.49:086][  0]LogShaderLibrary: Display: ShaderCodeLibraryPakFileMountedCallback: PakFile 'D:/UnrealEnginee/UE_4.27/FeaturePacks/TP_TopDownBP.upack' (chunk index -1, root 'root:/') mounted
[2022.02.11-18.13.49:086][  0]LogShaderLibrary: Display: ShaderCodeLibraryPakFileMountedCallback: pending pak file info (ChunkID:-1 Root:root:/ File:D:/UnrealEnginee/UE_4.27/FeaturePacks/TP_TopDownBP.upack)
[2022.02.11-18.13.49:087][  0]LogPakFile: OnPakFileMounted2Time == 0.000310
[2022.02.11-18.13.49:098][  0]LogPakFile: PakFile PrimaryIndexSize=185
[2022.02.11-18.13.49:098][  0]LogPakFile: PakFile PathHashIndexSize=101
[2022.02.11-18.13.49:099][  0]LogPakFile: PakFile FullDirectoryIndexSize=144
[2022.02.11-18.13.49:099][  0]LogShaderLibrary: Display: ShaderCodeLibraryPakFileMountedCallback: PakFile 'D:/UnrealEnginee/UE_4.27/FeaturePacks/TP_TwinStick.upack' (chunk index -1, root 'root:/') mounted
[2022.02.11-18.13.49:099][  0]LogShaderLibrary: Display: ShaderCodeLibraryPakFileMountedCallback: pending pak file info (ChunkID:-1 Root:root:/ File:D:/UnrealEnginee/UE_4.27/FeaturePacks/TP_TwinStick.upack)
[2022.02.11-18.13.49:099][  0]LogPakFile: OnPakFileMounted2Time == 0.000226
[2022.02.11-18.13.49:108][  0]LogPakFile: PakFile PrimaryIndexSize=187
[2022.02.11-18.13.49:109][  0]LogPakFile: PakFile PathHashIndexSize=101
[2022.02.11-18.13.49:109][  0]LogPakFile: PakFile FullDirectoryIndexSize=148
[2022.02.11-18.13.49:109][  0]LogShaderLibrary: Display: ShaderCodeLibraryPakFileMountedCallback: PakFile 'D:/UnrealEnginee/UE_4.27/FeaturePacks/TP_TwinStickBP.upack' (chunk index -1, root 'root:/') mounted
[2022.02.11-18.13.49:109][  0]LogShaderLibrary: Display: ShaderCodeLibraryPakFileMountedCallback: pending pak file info (ChunkID:-1 Root:root:/ File:D:/UnrealEnginee/UE_4.27/FeaturePacks/TP_TwinStickBP.upack)
[2022.02.11-18.13.49:109][  0]LogPakFile: OnPakFileMounted2Time == 0.000221
[2022.02.11-18.13.49:119][  0]LogPakFile: PakFile PrimaryIndexSize=183
[2022.02.11-18.13.49:119][  0]LogPakFile: PakFile PathHashIndexSize=101
[2022.02.11-18.13.49:119][  0]LogPakFile: PakFile FullDirectoryIndexSize=140
[2022.02.11-18.13.49:119][  0]LogShaderLibrary: Display: ShaderCodeLibraryPakFileMountedCallback: PakFile 'D:/UnrealEnginee/UE_4.27/FeaturePacks/TP_Vehicle.upack' (chunk index -1, root 'root:/') mounted
[2022.02.11-18.13.49:119][  0]LogShaderLibrary: Display: ShaderCodeLibraryPakFileMountedCallback: pending pak file info (ChunkID:-1 Root:root:/ File:D:/UnrealEnginee/UE_4.27/FeaturePacks/TP_Vehicle.upack)
[2022.02.11-18.13.49:120][  0]LogPakFile: OnPakFileMounted2Time == 0.000255
[2022.02.11-18.13.49:127][  0]LogPakFile: PakFile PrimaryIndexSize=186
[2022.02.11-18.13.49:127][  0]LogPakFile: PakFile PathHashIndexSize=101
[2022.02.11-18.13.49:127][  0]LogPakFile: PakFile FullDirectoryIndexSize=146
[2022.02.11-18.13.49:128][  0]LogShaderLibrary: Display: ShaderCodeLibraryPakFileMountedCallback: PakFile 'D:/UnrealEnginee/UE_4.27/FeaturePacks/TP_VehicleAdv.upack' (chunk index -1, root 'root:/') mounted
[2022.02.11-18.13.49:128][  0]LogShaderLibrary: Display: ShaderCodeLibraryPakFileMountedCallback: pending pak file info (ChunkID:-1 Root:root:/ File:D:/UnrealEnginee/UE_4.27/FeaturePacks/TP_VehicleAdv.upack)
[2022.02.11-18.13.49:128][  0]LogPakFile: OnPakFileMounted2Time == 0.000254
[2022.02.11-18.13.49:139][  0]LogPakFile: PakFile PrimaryIndexSize=188
[2022.02.11-18.13.49:139][  0]LogPakFile: PakFile PathHashIndexSize=101
[2022.02.11-18.13.49:139][  0]LogPakFile: PakFile FullDirectoryIndexSize=150
[2022.02.11-18.13.49:139][  0]LogShaderLibrary: Display: ShaderCodeLibraryPakFileMountedCallback: PakFile 'D:/UnrealEnginee/UE_4.27/FeaturePacks/TP_VehicleAdvBP.upack' (chunk index -1, root 'root:/') mounted
[2022.02.11-18.13.49:139][  0]LogShaderLibrary: Display: ShaderCodeLibraryPakFileMountedCallback: pending pak file info (ChunkID:-1 Root:root:/ File:D:/UnrealEnginee/UE_4.27/FeaturePacks/TP_VehicleAdvBP.upack)
[2022.02.11-18.13.49:140][  0]LogPakFile: OnPakFileMounted2Time == 0.000288
[2022.02.11-18.13.49:153][  0]LogPakFile: PakFile PrimaryIndexSize=185
[2022.02.11-18.13.49:153][  0]LogPakFile: PakFile PathHashIndexSize=101
[2022.02.11-18.13.49:153][  0]LogPakFile: PakFile FullDirectoryIndexSize=144
[2022.02.11-18.13.49:153][  0]LogShaderLibrary: Display: ShaderCodeLibraryPakFileMountedCallback: PakFile 'D:/UnrealEnginee/UE_4.27/FeaturePacks/TP_VehicleBP.upack' (chunk index -1, root 'root:/') mounted
[2022.02.11-18.13.49:153][  0]LogShaderLibrary: Display: ShaderCodeLibraryPakFileMountedCallback: pending pak file info (ChunkID:-1 Root:root:/ File:D:/UnrealEnginee/UE_4.27/FeaturePacks/TP_VehicleBP.upack)
[2022.02.11-18.13.49:153][  0]LogPakFile: OnPakFileMounted2Time == 0.000275
[2022.02.11-18.13.49:174][  0]LogPakFile: PakFile PrimaryIndexSize=192
[2022.02.11-18.13.49:174][  0]LogPakFile: PakFile PathHashIndexSize=101
[2022.02.11-18.13.49:174][  0]LogPakFile: PakFile FullDirectoryIndexSize=158
[2022.02.11-18.13.49:175][  0]LogShaderLibrary: Display: ShaderCodeLibraryPakFileMountedCallback: PakFile 'D:/UnrealEnginee/UE_4.27/FeaturePacks/TP_VirtualRealityBP.upack' (chunk index -1, root 'root:/') mounted
[2022.02.11-18.13.49:175][  0]LogShaderLibrary: Display: ShaderCodeLibraryPakFileMountedCallback: pending pak file info (ChunkID:-1 Root:root:/ File:D:/UnrealEnginee/UE_4.27/FeaturePacks/TP_VirtualRealityBP.upack)
[2022.02.11-18.13.49:175][  0]LogPakFile: OnPakFileMounted2Time == 0.000558
[2022.02.11-18.13.50:693][  0]LogNativeClassHierarchy: Verbose: Native class hierarchy updated for 'AddContentDialog' in 0.0003 seconds. Added 0 classes and 0 folders.
[2022.02.11-18.13.50:787][  0]LogNativeClassHierarchy: Verbose: Native class hierarchy updated for 'SceneOutliner' in 0.0003 seconds. Added 2 classes and 0 folders.
[2022.02.11-18.13.53:165][  0]LogSlate: Only BGRA pngs, bmps or icos are supported in by External Image Picker
[2022.02.11-18.13.53:458][  0]LogSlate: Took 0.019739 seconds to synchronously load lazily loaded font '../../../Engine/Content/Slate/Fonts/Roboto-Regular.ttf' (155K)
[2022.02.11-18.13.54:180][  0]LogSlate: Took 0.011221 seconds to synchronously load lazily loaded font '../../../Engine/Content/Editor/Slate/Fonts/FontAwesome.ttf' (139K)
[2022.02.11-18.13.54:209][  0]LogSlate: Took 0.027918 seconds to synchronously load lazily loaded font '../../../Engine/Content/Slate/Fonts/Roboto-Bold.ttf' (160K)
[2022.02.11-18.13.54:585][  0]LogRenderer: Reallocating scene render targets to support 1128x568 Format 10 NumSamples 1 (Frame:1).
[2022.02.11-18.13.55:002][  0]LogSlate: Took 0.012608 seconds to synchronously load lazily loaded font '../../../Engine/Content/Slate/Fonts/Roboto-Light.ttf' (167K)
[2022.02.11-18.13.55:218][  0]LogNativeClassHierarchy: Verbose: Native class hierarchy updated for 'HierarchicalLODOutliner' in 0.0003 seconds. Added 0 classes and 0 folders.
[2022.02.11-18.13.55:219][  0]LogLoad: (Engine Initialization) Total time: 124.57 seconds
[2022.02.11-18.13.55:219][  0]LogLoad: (Engine Initialization) Total Blueprint compile time: 0.00 seconds
[2022.02.11-18.13.55:531][  0]LogAssetRegistry: Asset discovery search completed in 68.1023 seconds
[2022.02.11-18.13.55:745][  0]LogFMOD: Loading strings bank: ../../../../../Ican/Cour ican/ICAN Mastere 1 GP/Projet_FastArenaShooter/Projet_FastArenaShooter_Trimestre2/FastArenaShooter/Content/MyContent/FMOD/Desktop/Master.strings.bank
[2022.02.11-18.13.55:893][  0]LogFMOD: Display: Loaded bank lookup
[2022.02.11-18.13.55:893][  0]LogFMOD: Display: Loaded asset lookup
[2022.02.11-18.13.55:896][  0]LogFMOD: Default sample rate = 48000
[2022.02.11-18.13.55:897][  0]LogFMOD: System sample rate = 48000
[2022.02.11-18.13.55:897][  0]LogFMOD: Matching system sample rate 48000
[2022.02.11-18.13.56:046][  0]LogFMOD: Default sample rate = 48000
[2022.02.11-18.13.56:046][  0]LogFMOD: System sample rate = 48000
[2022.02.11-18.13.56:046][  0]LogFMOD: Matching system sample rate 48000
[2022.02.11-18.13.56:108][  0]LogFMOD: Display: Loaded bank lookup
[2022.02.11-18.13.56:109][  0]LogFMOD: Display: Loaded asset lookup
[2022.02.11-18.13.56:137][  0]LogCollectionManager: Fixed up redirectors for 0 collections in 0.000005 seconds (updated 0 objects)
[2022.02.11-18.13.56:279][  0]LogContentStreaming: Texture pool size now 1000 MB
[2022.02.11-18.14.17:915][786]LogTemp: Repeating last play command: Selected Viewport
[2022.02.11-18.14.18:016][786]LogFMOD: Default sample rate = 48000
[2022.02.11-18.14.18:016][786]LogFMOD: System sample rate = 48000
[2022.02.11-18.14.18:016][786]LogFMOD: Matching system sample rate 48000
[2022.02.11-18.14.18:074][786]LogPlayLevel: PlayLevel: No blueprints needed recompiling
[2022.02.11-18.14.18:099][786]PIE: New page: PIE session: Prog_Antoine (11 févr. 2022 à 20:14:18)
[2022.02.11-18.14.18:114][786]LogOnline: OSS: Creating online subsystem instance for: NULL
[2022.02.11-18.14.18:127][786]LogOnline: OSS: TryLoadSubsystemAndSetDefault: Loaded subsystem for module [NULL]
[2022.02.11-18.14.18:128][786]LogPlayLevel: Creating play world package: /Game/MyContent/Level/UEDPIE_0_Prog_Antoine
[2022.02.11-18.14.18:160][786]LogPlayLevel: PIE: StaticDuplicateObject took: (0.031249s)
[2022.02.11-18.14.18:162][786]LogAIModule: Creating AISystem for world Prog_Antoine
[2022.02.11-18.14.18:163][786]LogPlayLevel: PIE: World Init took: (0.002748s)
[2022.02.11-18.14.18:163][786]LogPlayLevel: PIE: Created PIE world by copying editor world from /Game/MyContent/Level/Prog_Antoine.Prog_Antoine to /Game/MyContent/Level/UEDPIE_0_Prog_Antoine.Prog_Antoine (0.035371s)
[2022.02.11-18.14.18:173][786]LogUObjectHash: Compacting FUObjectHashTables data took   1.33ms
[2022.02.11-18.14.18:175][786]LogAudio: Display: Creating Audio Device:                 Id: 2, Scope: Unique, Realtime: True
[2022.02.11-18.14.18:176][786]LogAudioMixer: Display: Audio Mixer Platform Settings:
[2022.02.11-18.14.18:176][786]LogAudioMixer: Display: 	Sample Rate:						  48000
[2022.02.11-18.14.18:176][786]LogAudioMixer: Display: 	Callback Buffer Frame Size Requested: 1024
[2022.02.11-18.14.18:176][786]LogAudioMixer: Display: 	Callback Buffer Frame Size To Use:	  1024
[2022.02.11-18.14.18:176][786]LogAudioMixer: Display: 	Number of buffers to queue:			  2
[2022.02.11-18.14.18:177][786]LogAudioMixer: Display: 	Max Channels (voices):				  32
[2022.02.11-18.14.18:177][786]LogAudioMixer: Display: 	Number of Async Source Workers:		  0
[2022.02.11-18.14.18:177][786]LogAudio: Display: AudioDevice MaxSources: 32
[2022.02.11-18.14.18:179][786]LogAudio: Display: Audio Spatialization Plugin: None (built-in).
[2022.02.11-18.14.18:179][786]LogAudio: Display: Audio Reverb Plugin: None (built-in).
[2022.02.11-18.14.18:180][786]LogAudio: Display: Audio Occlusion Plugin: None (built-in).
[2022.02.11-18.14.18:180][786]LogAudioMixer: Display: Initializing audio mixer.
[2022.02.11-18.14.18:186][786]LogAudioMixer: Display: 0: FrontLeft
[2022.02.11-18.14.18:186][786]LogAudioMixer: Display: 1: FrontRight
[2022.02.11-18.14.18:187][786]LogAudioMixer: Display: 2: FrontCenter
[2022.02.11-18.14.18:187][786]LogAudioMixer: Display: 3: LowFrequency
[2022.02.11-18.14.18:187][786]LogAudioMixer: Display: 4: BackLeft
[2022.02.11-18.14.18:187][786]LogAudioMixer: Display: 5: BackRight
[2022.02.11-18.14.18:187][786]LogAudioMixer: Display: 6: SideLeft
[2022.02.11-18.14.18:188][786]LogAudioMixer: Display: 7: SideRight
[2022.02.11-18.14.18:199][786]LogAudioMixer: Display: Using Audio Device Haut-parleurs (THX Spatial Audio)
[2022.02.11-18.14.18:200][786]LogAudioMixer: Display: Initializing Sound Submixes...
[2022.02.11-18.14.18:200][786]LogAudioMixer: Display: Creating Master Submix 'MasterSubmixDefault'
[2022.02.11-18.14.18:200][786]LogAudioMixer: Display: Creating Master Submix 'MasterReverbSubmixDefault'
[2022.02.11-18.14.18:201][786]LogAudioMixer: Display: Creating Master Submix 'MasterEQSubmixDefault'
[2022.02.11-18.14.18:201][786]LogAudioMixer: FMixerPlatformXAudio2::StartAudioStream() called
[2022.02.11-18.14.18:201][786]LogAudioMixer: Display: Output buffers initialized: Frames=1024, Channels=8, Samples=8192
[2022.02.11-18.14.18:203][786]LogAudioMixer: Display: Starting AudioMixerPlatformInterface::RunInternal()
[2022.02.11-18.14.18:203][786]LogAudioMixer: Display: FMixerPlatformXAudio2::SubmitBuffer() called for the first time
[2022.02.11-18.14.18:204][786]LogInit: FAudioDevice initialized.
[2022.02.11-18.14.18:204][786]LogAudio: Display: Audio Device (ID: 2) registered with world 'Prog_Antoine'.
[2022.02.11-18.14.18:241][786]LogLoad: Game class is 'FastArenaShooterGameMode'
[2022.02.11-18.14.18:258][786]LogWorld: Bringing World /Game/MyContent/Level/UEDPIE_0_Prog_Antoine.Prog_Antoine up for play (max tick rate 60) at 2022.02.11-19.14.18
[2022.02.11-18.14.18:258][786]LogWorld: Bringing up level for play took: 0.002029
[2022.02.11-18.14.18:259][786]LogOnline: OSS: Creating online subsystem instance for: :Context_2
[2022.02.11-18.14.18:348][786]LogNativeClassHierarchy: Verbose: Native class hierarchy updated for 'MovieSceneCapture' in 0.0005 seconds. Added 20 classes and 0 folders.
[2022.02.11-18.14.18:350][786]PIE: Server logged in
[2022.02.11-18.14.18:353][786]PIE: Play in editor total start time 0,427 seconds.
[2022.02.11-18.14.19:833][839]LogAudioMixer: Display: Audio Buffer Underrun (starvation) detected.
[2022.02.11-18.15.39:732][174]LogSlate: Updating window title bar state: overlay mode, drag disabled, window buttons hidden, title bar hidden
[2022.02.11-18.15.39:732][174]LogWorld: BeginTearingDown for /Game/MyContent/Level/UEDPIE_0_Prog_Antoine
[2022.02.11-18.15.39:732][174]LogWorld: UWorld::CleanupWorld for Prog_Antoine, bSessionEnded=true, bCleanupResources=true
[2022.02.11-18.15.39:733][174]LogSlate: InvalidateAllWidgets triggered.  All widgets were invalidated
[2022.02.11-18.15.39:748][174]LogPlayLevel: Display: Shutting down PIE online subsystems
[2022.02.11-18.15.39:750][174]LogSlate: InvalidateAllWidgets triggered.  All widgets were invalidated
[2022.02.11-18.15.39:756][174]LogAudio: Display: Audio Device unregistered from world 'None'.
[2022.02.11-18.15.39:775][174]LogAudioMixer: FMixerPlatformXAudio2::StopAudioStream() called
[2022.02.11-18.15.39:776][174]LogAudioMixer: FMixerPlatformXAudio2::StopAudioStream() called
[2022.02.11-18.15.39:779][174]LogSlate: Updating window title bar state: overlay mode, drag disabled, window buttons hidden, title bar hidden
[2022.02.11-18.15.39:796][174]LogUObjectHash: Compacting FUObjectHashTables data took   0.82ms
[2022.02.11-18.15.39:823][175]LogPlayLevel: Display: Destroying online subsystem :Context_2
[2022.02.11-18.15.42:471][262]LogSlate: Took 0.000249 seconds to synchronously load lazily loaded font '../../../Engine/Content/Slate/Fonts/Roboto-Light.ttf' (167K)
[2022.02.11-18.15.42:536][262]LogEditorClassViewer: Warning: Class /Engine/Tutorial/InWorldBlueprintEditing/TutorialAssets/IWBE_Blutility.IWBE_Blutility_C has parent /Script/Blutility.PlacedEditorUtilityBase, but this parent is not found. The Class will not be shown in ClassViewer.
[2022.02.11-18.15.42:680][262]LogSlate: Took 0.028127 seconds to synchronously load lazily loaded font '../../../Engine/Content/Slate/Fonts/Roboto-BoldCondensed.ttf' (158K)
[2022.02.11-18.15.49:496][445]LogSlate: Window 'Add C++ Class' being destroyed
[2022.02.11-18.15.55:895][807]LogTemp: Repeating last play command: Selected Viewport
[2022.02.11-18.15.55:966][807]LogFMOD: Default sample rate = 48000
[2022.02.11-18.15.55:966][807]LogFMOD: System sample rate = 48000
[2022.02.11-18.15.55:966][807]LogFMOD: Matching system sample rate 48000
[2022.02.11-18.15.56:022][807]LogPlayLevel: PlayLevel: No blueprints needed recompiling
[2022.02.11-18.15.56:022][807]PIE: New page: PIE session: Prog_Antoine (11 févr. 2022 à 20:15:56)
[2022.02.11-18.15.56:022][807]LogPlayLevel: Creating play world package: /Game/MyContent/Level/UEDPIE_0_Prog_Antoine
[2022.02.11-18.15.56:036][807]LogPlayLevel: PIE: StaticDuplicateObject took: (0.013118s)
[2022.02.11-18.15.56:038][807]LogAIModule: Creating AISystem for world Prog_Antoine
[2022.02.11-18.15.56:038][807]LogPlayLevel: PIE: World Init took: (0.002331s)
[2022.02.11-18.15.56:039][807]LogPlayLevel: PIE: Created PIE world by copying editor world from /Game/MyContent/Level/Prog_Antoine.Prog_Antoine to /Game/MyContent/Level/UEDPIE_0_Prog_Antoine.Prog_Antoine (0.016324s)
[2022.02.11-18.15.56:048][807]LogUObjectHash: Compacting FUObjectHashTables data took   1.10ms
[2022.02.11-18.15.56:049][807]LogAudio: Display: Creating Audio Device:                 Id: 3, Scope: Unique, Realtime: True
[2022.02.11-18.15.56:049][807]LogAudioMixer: Display: Audio Mixer Platform Settings:
[2022.02.11-18.15.56:049][807]LogAudioMixer: Display: 	Sample Rate:						  48000
[2022.02.11-18.15.56:049][807]LogAudioMixer: Display: 	Callback Buffer Frame Size Requested: 1024
[2022.02.11-18.15.56:049][807]LogAudioMixer: Display: 	Callback Buffer Frame Size To Use:	  1024
[2022.02.11-18.15.56:050][807]LogAudioMixer: Display: 	Number of buffers to queue:			  2
[2022.02.11-18.15.56:050][807]LogAudioMixer: Display: 	Max Channels (voices):				  32
[2022.02.11-18.15.56:050][807]LogAudioMixer: Display: 	Number of Async Source Workers:		  0
[2022.02.11-18.15.56:050][807]LogAudio: Display: AudioDevice MaxSources: 32
[2022.02.11-18.15.56:052][807]LogAudio: Display: Audio Spatialization Plugin: None (built-in).
[2022.02.11-18.15.56:052][807]LogAudio: Display: Audio Reverb Plugin: None (built-in).
[2022.02.11-18.15.56:052][807]LogAudio: Display: Audio Occlusion Plugin: None (built-in).
[2022.02.11-18.15.56:052][807]LogAudioMixer: Display: Initializing audio mixer.
[2022.02.11-18.15.56:059][807]LogAudioMixer: Display: 0: FrontLeft
[2022.02.11-18.15.56:059][807]LogAudioMixer: Display: 1: FrontRight
[2022.02.11-18.15.56:059][807]LogAudioMixer: Display: 2: FrontCenter
[2022.02.11-18.15.56:060][807]LogAudioMixer: Display: 3: LowFrequency
[2022.02.11-18.15.56:060][807]LogAudioMixer: Display: 4: BackLeft
[2022.02.11-18.15.56:060][807]LogAudioMixer: Display: 5: BackRight
[2022.02.11-18.15.56:060][807]LogAudioMixer: Display: 6: SideLeft
[2022.02.11-18.15.56:060][807]LogAudioMixer: Display: 7: SideRight
[2022.02.11-18.15.56:071][807]LogAudioMixer: Display: Using Audio Device Haut-parleurs (THX Spatial Audio)
[2022.02.11-18.15.56:071][807]LogAudioMixer: Display: Initializing Sound Submixes...
[2022.02.11-18.15.56:072][807]LogAudioMixer: Display: Creating Master Submix 'MasterSubmixDefault'
[2022.02.11-18.15.56:072][807]LogAudioMixer: Display: Creating Master Submix 'MasterReverbSubmixDefault'
[2022.02.11-18.15.56:073][807]LogAudioMixer: Display: Creating Master Submix 'MasterEQSubmixDefault'
[2022.02.11-18.15.56:073][807]LogAudioMixer: FMixerPlatformXAudio2::StartAudioStream() called
[2022.02.11-18.15.56:073][807]LogAudioMixer: Display: Output buffers initialized: Frames=1024, Channels=8, Samples=8192
[2022.02.11-18.15.56:075][807]LogAudioMixer: Display: Starting AudioMixerPlatformInterface::RunInternal()
[2022.02.11-18.15.56:075][807]LogAudioMixer: Display: FMixerPlatformXAudio2::SubmitBuffer() called for the first time
[2022.02.11-18.15.56:075][807]LogInit: FAudioDevice initialized.
[2022.02.11-18.15.56:075][807]LogAudio: Display: Audio Device (ID: 3) registered with world 'Prog_Antoine'.
[2022.02.11-18.15.56:084][807]LogLoad: Game class is 'FastArenaShooterGameMode'
[2022.02.11-18.15.56:087][807]LogWorld: Bringing World /Game/MyContent/Level/UEDPIE_0_Prog_Antoine.Prog_Antoine up for play (max tick rate 60) at 2022.02.11-19.15.56
[2022.02.11-18.15.56:088][807]LogWorld: Bringing up level for play took: 0.002053
[2022.02.11-18.15.56:088][807]LogOnline: OSS: Creating online subsystem instance for: :Context_3
[2022.02.11-18.15.56:091][807]PIE: Server logged in
[2022.02.11-18.15.56:092][807]PIE: Play in editor total start time 0,187 seconds.
[2022.02.11-18.16.03:586][ 84]LogSlate: Updating window title bar state: overlay mode, drag disabled, window buttons hidden, title bar hidden
[2022.02.11-18.16.03:587][ 84]LogWorld: BeginTearingDown for /Game/MyContent/Level/UEDPIE_0_Prog_Antoine
[2022.02.11-18.16.03:587][ 84]LogWorld: UWorld::CleanupWorld for Prog_Antoine, bSessionEnded=true, bCleanupResources=true
[2022.02.11-18.16.03:588][ 84]LogSlate: InvalidateAllWidgets triggered.  All widgets were invalidated
[2022.02.11-18.16.03:599][ 84]LogPlayLevel: Display: Shutting down PIE online subsystems
[2022.02.11-18.16.03:601][ 84]LogSlate: InvalidateAllWidgets triggered.  All widgets were invalidated
[2022.02.11-18.16.03:608][ 84]LogAudio: Display: Audio Device unregistered from world 'None'.
[2022.02.11-18.16.03:608][ 84]LogAudioMixer: FMixerPlatformXAudio2::StopAudioStream() called
[2022.02.11-18.16.03:610][ 84]LogAudioMixer: FMixerPlatformXAudio2::StopAudioStream() called
[2022.02.11-18.16.03:612][ 84]LogSlate: Updating window title bar state: overlay mode, drag disabled, window buttons hidden, title bar hidden
[2022.02.11-18.16.03:614][ 84]LogUObjectHash: Compacting FUObjectHashTables data took   0.87ms
[2022.02.11-18.16.03:662][ 85]LogPlayLevel: Display: Destroying online subsystem :Context_3
[2022.02.11-18.16.34:800][998]Running D:/UnrealEnginee/UE_4.27/Engine/Binaries/DotNET/UnrealBuildTool.exe  -projectfiles -project="D:/Ican/Cour ican/ICAN Mastere 1 GP/Projet_FastArenaShooter/Projet_FastArenaShooter_Trimestre2/FastArenaShooter/FastArenaShooter.uproject" -game -rocket -progress
[2022.02.11-18.16.35:311][998]Discovering modules, targets and source code for project...
[2022.02.11-18.16.38:628][998]Binding IntelliSense data...
[2022.02.11-18.16.48:817][998]Binding IntelliSense data... 100%
[2022.02.11-18.16.48:818][998]Writing project files...
[2022.02.11-18.16.57:873][998]Writing project files... 100%
[2022.02.11-18.16.58:174][998]Candidate modules for hot reload:
[2022.02.11-18.16.58:174][998]  FastArenaShooter
[2022.02.11-18.16.58:175][998]Launching UnrealBuildTool... [D:/UnrealEnginee/UE_4.27/Engine/Binaries/DotNET/UnrealBuildTool.exe  -ModuleWithSuffix=FastArenaShooter,7849 FastArenaShooterEditor Win64 Development -Project="D:/Ican/Cour ican/ICAN Mastere 1 GP/Projet_FastArenaShooter/Projet_FastArenaShooter_Trimestre2/FastArenaShooter/FastArenaShooter.uproject" "D:/Ican/Cour ican/ICAN Mastere 1 GP/Projet_FastArenaShooter/Projet_FastArenaShooter_Trimestre2/FastArenaShooter/FastArenaShooter.uproject"  -IgnoreJunk]
[2022.02.11-18.18.38:018][998]CompilerResultsLog: New page: Compilation - 11 févr. 2022 à 20:18:38
[2022.02.11-18.18.38:018][998]CompilerResultsLog: Using 'git status' to determine working set for adaptive non-unity build (D:\Ican\Cour ican\ICAN Mastere 1 GP\Projet_FastArenaShooter\Projet_FastArenaShooter_Trimestre2).
[2022.02.11-18.18.38:018][998]CompilerResultsLog: Creating makefile for FastArenaShooterEditor (no existing makefile)
[2022.02.11-18.18.38:018][998]CompilerResultsLog: Parsing headers for FastArenaShooterEditor
[2022.02.11-18.18.38:018][998]CompilerResultsLog:   Running UnrealHeaderTool "D:\Ican\Cour ican\ICAN Mastere 1 GP\Projet_FastArenaShooter\Projet_FastArenaShooter_Trimestre2\FastArenaShooter\FastArenaShooter.uproject" "D:\Ican\Cour ican\ICAN Mastere 1 GP\Projet_FastArenaShooter\Projet_FastArenaShooter_Trimestre2\FastArenaShooter\Intermediate\Build\Win64\FastArenaShooterEditor\Development\FastArenaShooterEditor.uhtmanifest" -LogCmds="loginit warning, logexit warning, logdatabase error" -Unattended -WarningsAsErrors -abslog="C:\Users\diasa\AppData\Local\UnrealBuildTool\Log_UHT.txt" -installed
[2022.02.11-18.18.38:019][998]CompilerResultsLog: LogInit: Display: Loading text-based GConfig....
[2022.02.11-18.18.38:019][998]CompilerResultsLog: Reflection code generated for FastArenaShooterEditor in 23,2589153 seconds
[2022.02.11-18.18.38:019][998]CompilerResultsLog: Building FastArenaShooterEditor...
[2022.02.11-18.18.38:019][998]CompilerResultsLog: Using Visual Studio 2019 14.29.30133 toolchain (C:\Program Files (x86)\Microsoft Visual Studio\2019\Community\VC\Tools\MSVC\14.29.30133) and Windows 10.0.18362.0 SDK (C:\Program Files (x86)\Windows Kits\10).
[2022.02.11-18.18.38:019][998]CompilerResultsLog: Building 15 actions with 12 processes...
[2022.02.11-18.18.38:019][998]CompilerResultsLog:   [1/15] FastArenaShooterCharacter.gen.cpp
[2022.02.11-18.18.38:020][998]CompilerResultsLog:   [2/15] FastArenaShooter.cpp
[2022.02.11-18.18.38:020][998]CompilerResultsLog:   [3/15] FastArenaShooterProjectile.gen.cpp
[2022.02.11-18.18.38:020][998]CompilerResultsLog:   [4/15] FastArenaShooter.init.gen.cpp
[2022.02.11-18.18.38:020][998]CompilerResultsLog:   [5/15] FastArenaShooterHUD.gen.cpp
[2022.02.11-18.18.38:020][998]CompilerResultsLog:   [6/15] GameModeFastArenaFPS.cpp
[2022.02.11-18.18.38:020][998]CompilerResultsLog:   [7/15] FastArenaShooterGameMode.gen.cpp
[2022.02.11-18.18.38:020][998]CompilerResultsLog:   [8/15] GameModeFastArenaFPS.gen.cpp
[2022.02.11-18.18.38:021][998]CompilerResultsLog:   [9/15] FastArenaShooterProjectile.cpp
[2022.02.11-18.18.38:021][998]CompilerResultsLog:   [10/15] FastArenaShooterGameMode.cpp
[2022.02.11-18.18.38:021][998]CompilerResultsLog:   [11/15] FastArenaShooterHUD.cpp
[2022.02.11-18.18.38:021][998]CompilerResultsLog:   [12/15] FastArenaShooterCharacter.cpp
[2022.02.11-18.18.38:021][998]CompilerResultsLog:   [13/15] UE4Editor-FastArenaShooter-7849.lib
[2022.02.11-18.18.38:021][998]CompilerResultsLog:      Cr?ation de la biblioth?que D:\Ican\Cour ican\ICAN Mastere 1 GP\Projet_FastArenaShooter\Projet_FastArenaShooter_Trimestre2\FastArenaShooter\Intermediate\Build\Win64\UE4Editor\Development\FastArenaShooter\UE4Editor-FastArenaShooter-7849.lib et de l'objet D:\Ican\Cour ican\ICAN Mastere 1 GP\Projet_FastArenaShooter\Projet_FastArenaShooter_Trimestre2\FastArenaShooter\Intermediate\Build\Win64\UE4Editor\Development\FastArenaShooter\UE4Editor-FastArenaShooter-7849.exp
[2022.02.11-18.18.38:021][998]CompilerResultsLog:   [14/15] UE4Editor-FastArenaShooter-7849.dll
[2022.02.11-18.18.38:022][998]CompilerResultsLog:      Cr?ation de la biblioth?que D:\Ican\Cour ican\ICAN Mastere 1 GP\Projet_FastArenaShooter\Projet_FastArenaShooter_Trimestre2\FastArenaShooter\Intermediate\Build\Win64\UE4Editor\Development\FastArenaShooter\UE4Editor-FastArenaShooter-7849.suppressed.lib et de l'objet D:\Ican\Cour ican\ICAN Mastere 1 GP\Projet_FastArenaShooter\Projet_FastArenaShooter_Trimestre2\FastArenaShooter\Intermediate\Build\Win64\UE4Editor\Development\FastArenaShooter\UE4Editor-FastArenaShooter-7849.suppressed.exp
[2022.02.11-18.18.38:022][998]CompilerResultsLog:   [15/15] FastArenaShooterEditor.target
[2022.02.11-18.18.38:022][998]CompilerResultsLog: Total time in Parallel executor: 72,60 seconds
[2022.02.11-18.18.38:022][998]CompilerResultsLog: Total execution time: 99,76 seconds
[2022.02.11-18.18.38:022][998]LogMainFrame: MainFrame: Module compiling took 99.944 seconds
[2022.02.11-18.18.38:859][998]LogClass: Could not find existing class GameModeFastArenaFPS in package /Script/FastArenaShooter for HotReload, assuming new class
[2022.02.11-18.18.38:867][998]LogNativeClassHierarchy: Verbose: Native class hierarchy updated for 'FastArenaShooter' in 0.0003 seconds. Added 5 classes and 2 folders.
[2022.02.11-18.18.38:872][998]Display: HotReload successful (1 functions remapped  0 scriptstructs remapped)
[2022.02.11-18.18.39:151][998]LogNativeClassHierarchy: Verbose: Native class hierarchy populated in 0.0090 seconds. Added 3837 classes and 930 folders.
[2022.02.11-18.18.39:156][998]Display: HotReload took 101.1s.
[2022.02.11-18.18.39:170][998]Warning: HotReload operation took 101.1s.
[2022.02.11-18.18.39:253][998]LogSlate: Window 'Add C++ Class' being destroyed
[2022.02.11-18.18.39:260][998]LogHotReload: New module detected: UE4Editor-FastArenaShooter-7849.dll
[2022.02.11-18.18.39:415][999]LogHotReload: Starting Hot-Reload from IDE
[2022.02.11-18.18.39:668][999]LogNativeClassHierarchy: Verbose: Native class hierarchy updated for 'FastArenaShooter' in 0.0003 seconds. Added 5 classes and 2 folders.
[2022.02.11-18.18.39:673][999]Display: HotReload successful (0 functions remapped  0 scriptstructs remapped)
[2022.02.11-18.18.39:693][999]LogNativeClassHierarchy: Verbose: Native class hierarchy populated in 0.0162 seconds. Added 3837 classes and 930 folders.
[2022.02.11-18.18.39:701][999]Display: HotReload took  0.3s.
[2022.02.11-18.20.11:567][ 54]LogEditorClassViewer: Warning: Class /Engine/Tutorial/InWorldBlueprintEditing/TutorialAssets/IWBE_Blutility.IWBE_Blutility_C has parent /Script/Blutility.PlacedEditorUtilityBase, but this parent is not found. The Class will not be shown in ClassViewer.
[2022.02.11-18.20.11:572][ 54]LogSlate: Warning: Slate: Had to block on waiting for a draw buffer
[2022.02.11-18.20.11:761][ 55]LogSlate: Took 0.138891 seconds to synchronously load lazily loaded font '../../../Engine/Content/Slate/Fonts/DroidSansFallback.ttf' (3848K)
[2022.02.11-18.20.37:882][833]LogSlate: Window 'Add C++ Class' being destroyed
[2022.02.11-18.20.56:817][961]LogSlate: Window 'Pick Parent Class' being destroyed
[2022.02.11-18.20.57:941][ 12]LogUObjectHash: Compacting FUObjectHashTables data took   0.92ms
[2022.02.11-18.20.58:089][ 12]LogSavePackage: Moving '../../../../../Ican/Cour ican/ICAN Mastere 1 GP/Projet_FastArenaShooter/Projet_FastArenaShooter_Trimestre2/FastArenaShooter/Saved/Prog_AntoineDF4B72554FD4792DBA2C37A12609610D.tmp' to '../../../../../Ican/Cour ican/ICAN Mastere 1 GP/Projet_FastArenaShooter/Projet_FastArenaShooter_Trimestre2/FastArenaShooter/Content/MyContent/Level/Prog_Antoine.umap'
[2022.02.11-18.20.58:167][ 12]AssetCheck: New page: Asset Save: Prog_Antoine
[2022.02.11-18.20.58:167][ 12]LogContentValidation: Display: Validating World /Game/MyContent/Level/Prog_Antoine.Prog_Antoine
[2022.02.11-18.23.09:307][960]LogAudioMixer: Display: Audio Buffer Underrun (starvation) detected.
[2022.02.11-18.24.02:056][117]LogAudioMixer: Display: Audio Buffer Underrun (starvation) detected.
[2022.02.11-18.32.27:626][ 38]Running D:/UnrealEnginee/UE_4.27/Engine/Binaries/DotNET/UnrealBuildTool.exe  -projectfiles -project="D:/Ican/Cour ican/ICAN Mastere 1 GP/Projet_FastArenaShooter/Projet_FastArenaShooter_Trimestre2/FastArenaShooter/FastArenaShooter.uproject" -game -rocket -progress
[2022.02.11-18.32.28:039][ 38]Discovering modules, targets and source code for project...
[2022.02.11-18.32.32:968][ 38]Binding IntelliSense data...
[2022.02.11-18.32.35:792][ 38]Binding IntelliSense data... 100%
[2022.02.11-18.32.35:895][ 38]Writing project files...
[2022.02.11-18.32.40:118][ 38]Writing project files... 100%
[2022.02.11-18.32.40:225][ 38]Candidate modules for hot reload:
[2022.02.11-18.32.40:225][ 38]  FastArenaShooter
[2022.02.11-18.32.40:226][ 38]Launching UnrealBuildTool... [D:/UnrealEnginee/UE_4.27/Engine/Binaries/DotNET/UnrealBuildTool.exe  -ModuleWithSuffix=FastArenaShooter,6840 FastArenaShooterEditor Win64 Development -Project="D:/Ican/Cour ican/ICAN Mastere 1 GP/Projet_FastArenaShooter/Projet_FastArenaShooter_Trimestre2/FastArenaShooter/FastArenaShooter.uproject" "D:/Ican/Cour ican/ICAN Mastere 1 GP/Projet_FastArenaShooter/Projet_FastArenaShooter_Trimestre2/FastArenaShooter/FastArenaShooter.uproject"  -IgnoreJunk]
[2022.02.11-18.32.54:848][ 38]CompilerResultsLog: New page: Compilation - 11 févr. 2022 à 20:32:54
[2022.02.11-18.32.54:849][ 38]CompilerResultsLog: Using 'git status' to determine working set for adaptive non-unity build (D:\Ican\Cour ican\ICAN Mastere 1 GP\Projet_FastArenaShooter\Projet_FastArenaShooter_Trimestre2).
[2022.02.11-18.32.54:849][ 38]CompilerResultsLog: Creating makefile for FastArenaShooterEditor (no existing makefile)
[2022.02.11-18.32.54:849][ 38]CompilerResultsLog: Parsing headers for FastArenaShooterEditor
[2022.02.11-18.32.54:849][ 38]CompilerResultsLog:   Running UnrealHeaderTool "D:\Ican\Cour ican\ICAN Mastere 1 GP\Projet_FastArenaShooter\Projet_FastArenaShooter_Trimestre2\FastArenaShooter\FastArenaShooter.uproject" "D:\Ican\Cour ican\ICAN Mastere 1 GP\Projet_FastArenaShooter\Projet_FastArenaShooter_Trimestre2\FastArenaShooter\Intermediate\Build\Win64\FastArenaShooterEditor\Development\FastArenaShooterEditor.uhtmanifest" -LogCmds="loginit warning, logexit warning, logdatabase error" -Unattended -WarningsAsErrors -abslog="C:\Users\diasa\AppData\Local\UnrealBuildTool\Log_UHT.txt" -installed
[2022.02.11-18.32.54:849][ 38]CompilerResultsLog: LogInit: Display: Loading text-based GConfig....
[2022.02.11-18.32.54:850][ 38]CompilerResultsLog: Reflection code generated for FastArenaShooterEditor in 6,6830373 seconds
[2022.02.11-18.32.54:850][ 38]CompilerResultsLog: Building FastArenaShooterEditor...
[2022.02.11-18.32.54:850][ 38]CompilerResultsLog: Using Visual Studio 2019 14.29.30133 toolchain (C:\Program Files (x86)\Microsoft Visual Studio\2019\Community\VC\Tools\MSVC\14.29.30133) and Windows 10.0.18362.0 SDK (C:\Program Files (x86)\Windows Kits\10).
[2022.02.11-18.32.54:850][ 38]CompilerResultsLog: Building 6 actions with 12 processes...
[2022.02.11-18.32.54:850][ 38]CompilerResultsLog:   [1/6] FastArenaShooter.init.gen.cpp
[2022.02.11-18.32.54:851][ 38]CompilerResultsLog:   [2/6] MyCharacterController.cpp
[2022.02.11-18.32.54:851][ 38]CompilerResultsLog:   [3/6] MyCharacterController.gen.cpp
[2022.02.11-18.32.54:851][ 38]CompilerResultsLog:   [4/6] UE4Editor-FastArenaShooter-6840.lib
[2022.02.11-18.32.54:851][ 38]CompilerResultsLog:      Cr?ation de la biblioth?que D:\Ican\Cour ican\ICAN Mastere 1 GP\Projet_FastArenaShooter\Projet_FastArenaShooter_Trimestre2\FastArenaShooter\Intermediate\Build\Win64\UE4Editor\Development\FastArenaShooter\UE4Editor-FastArenaShooter-6840.lib et de l'objet D:\Ican\Cour ican\ICAN Mastere 1 GP\Projet_FastArenaShooter\Projet_FastArenaShooter_Trimestre2\FastArenaShooter\Intermediate\Build\Win64\UE4Editor\Development\FastArenaShooter\UE4Editor-FastArenaShooter-6840.exp
[2022.02.11-18.32.54:851][ 38]CompilerResultsLog:   [5/6] UE4Editor-FastArenaShooter-6840.dll
[2022.02.11-18.32.54:852][ 38]CompilerResultsLog:      Cr?ation de la biblioth?que D:\Ican\Cour ican\ICAN Mastere 1 GP\Projet_FastArenaShooter\Projet_FastArenaShooter_Trimestre2\FastArenaShooter\Intermediate\Build\Win64\UE4Editor\Development\FastArenaShooter\UE4Editor-FastArenaShooter-6840.suppressed.lib et de l'objet D:\Ican\Cour ican\ICAN Mastere 1 GP\Projet_FastArenaShooter\Projet_FastArenaShooter_Trimestre2\FastArenaShooter\Intermediate\Build\Win64\UE4Editor\Development\FastArenaShooter\UE4Editor-FastArenaShooter-6840.suppressed.exp
[2022.02.11-18.32.54:852][ 38]CompilerResultsLog:   [6/6] FastArenaShooterEditor.target
[2022.02.11-18.32.54:852][ 38]CompilerResultsLog: Total time in Parallel executor: 4,60 seconds
[2022.02.11-18.32.54:852][ 38]CompilerResultsLog: Total execution time: 14,39 seconds
[2022.02.11-18.32.54:852][ 38]LogMainFrame: MainFrame: Module compiling took 14.633 seconds
[2022.02.11-18.32.55:891][ 38]LogClass: Could not find existing class MyCharacterController in package /Script/FastArenaShooter for HotReload, assuming new class
[2022.02.11-18.32.55:901][ 38]LogNativeClassHierarchy: Verbose: Native class hierarchy updated for 'FastArenaShooter' in 0.0003 seconds. Added 6 classes and 2 folders.
[2022.02.11-18.32.55:905][ 38]Display: HotReload successful (1 functions remapped  0 scriptstructs remapped)
[2022.02.11-18.32.55:960][ 38]LogNativeClassHierarchy: Verbose: Native class hierarchy populated in 0.0107 seconds. Added 3838 classes and 930 folders.
[2022.02.11-18.32.55:961][ 38]Display: HotReload took 15.7s.
[2022.02.11-18.32.55:964][ 38]Warning: HotReload operation took 15.7s.
[2022.02.11-18.32.56:017][ 38]LogSlate: Window 'Add C++ Class' being destroyed
[2022.02.11-18.32.56:034][ 38]LogHotReload: New module detected: UE4Editor-FastArenaShooter-6840.dll
[2022.02.11-18.32.56:115][ 39]LogHotReload: Starting Hot-Reload from IDE
[2022.02.11-18.32.56:358][ 39]LogNativeClassHierarchy: Verbose: Native class hierarchy updated for 'FastArenaShooter' in 0.0005 seconds. Added 6 classes and 2 folders.
[2022.02.11-18.32.56:367][ 39]Display: HotReload successful (0 functions remapped  0 scriptstructs remapped)
[2022.02.11-18.32.56:395][ 39]LogNativeClassHierarchy: Verbose: Native class hierarchy populated in 0.0222 seconds. Added 3838 classes and 930 folders.
[2022.02.11-18.32.56:405][ 39]Display: HotReload took  0.3s.
[2022.02.11-18.33.18:837][170]LogEditorClassViewer: Warning: Class /Engine/Tutorial/InWorldBlueprintEditing/TutorialAssets/IWBE_Blutility.IWBE_Blutility_C has parent /Script/Blutility.PlacedEditorUtilityBase, but this parent is not found. The Class will not be shown in ClassViewer.
[2022.02.11-18.33.18:841][170]LogSlate: Warning: Slate: Had to block on waiting for a draw buffer
[2022.02.11-18.33.25:677][170]LogSlate: Window 'Pick Parent Class' being destroyed
[2022.02.11-18.33.25:688][170]LogContentBrowser: Deferred new asset file creation: NewBlueprint
[2022.02.11-18.33.25:697][170]LogContentBrowser: Creating deferred item: NewBlueprint
[2022.02.11-18.33.40:171][959]LogContentBrowser: Attempting asset rename: NewBlueprint -> BP_GameModeFPSArena
[2022.02.11-18.33.40:177][959]LogContentBrowser: End creating deferred item NewBlueprint
[2022.02.11-18.33.41:450][ 28]LogSavePackage: Moving '../../../../../Ican/Cour ican/ICAN Mastere 1 GP/Projet_FastArenaShooter/Projet_FastArenaShooter_Trimestre2/FastArenaShooter/Saved/BP_GameModeFPSArena2F7F38A243E8762E119A14BC082819BD.tmp' to '../../../../../Ican/Cour ican/ICAN Mastere 1 GP/Projet_FastArenaShooter/Projet_FastArenaShooter_Trimestre2/FastArenaShooter/Content/MyContent/BP/BP_GameModeFPSArena.uasset'
[2022.02.11-18.33.41:471][ 28]AssetCheck: New page: Asset Save: BP_GameModeFPSArena
[2022.02.11-18.33.41:472][ 28]LogContentValidation: Display: Validating Blueprint /Game/MyContent/BP/BP_GameModeFPSArena.BP_GameModeFPSArena
[2022.02.11-18.33.44:871][162]LogEditorClassViewer: Warning: Class /Engine/Tutorial/InWorldBlueprintEditing/TutorialAssets/IWBE_Blutility.IWBE_Blutility_C has parent /Script/Blutility.PlacedEditorUtilityBase, but this parent is not found. The Class will not be shown in ClassViewer.
[2022.02.11-18.33.44:880][162]LogSlate: Warning: Slate: Had to block on waiting for a draw buffer
[2022.02.11-18.33.50:685][162]LogSlate: Window 'Pick Parent Class' being destroyed
[2022.02.11-18.33.50:694][162]LogContentBrowser: Deferred new asset file creation: NewBlueprint
[2022.02.11-18.33.50:705][162]LogContentBrowser: Creating deferred item: NewBlueprint
[2022.02.11-18.34.02:695][817]LogContentBrowser: Attempting asset rename: NewBlueprint -> BP_MyCharacterController
[2022.02.11-18.34.02:700][817]LogContentBrowser: End creating deferred item NewBlueprint
[2022.02.11-18.34.04:057][892]LogSavePackage: Moving '../../../../../Ican/Cour ican/ICAN Mastere 1 GP/Projet_FastArenaShooter/Projet_FastArenaShooter_Trimestre2/FastArenaShooter/Saved/BP_MyCharacterController79AFC8354CB9C8D2613382B5E22C0734.tmp' to '../../../../../Ican/Cour ican/ICAN Mastere 1 GP/Projet_FastArenaShooter/Projet_FastArenaShooter_Trimestre2/FastArenaShooter/Content/MyContent/BP/BP_MyCharacterController.uasset'
[2022.02.11-18.34.04:084][892]AssetCheck: New page: Asset Save: BP_MyCharacterController
[2022.02.11-18.34.04:085][892]LogContentValidation: Display: Validating Blueprint /Game/MyContent/BP/BP_MyCharacterController.BP_MyCharacterController
[2022.02.11-18.34.06:268][970]LogAssetEditorSubsystem: Opening Asset editor for Blueprint /Game/MyContent/BP/BP_GameModeFPSArena.BP_GameModeFPSArena
[2022.02.11-18.34.06:626][970]LogNativeClassHierarchy: Verbose: Native class hierarchy updated for 'BlueprintGraph' in 0.0006 seconds. Added 126 classes and 0 folders.
[2022.02.11-18.34.09:945][ 10]LogRenderer: Reallocating scene render targets to support 1144x704 Format 10 NumSamples 1 (Frame:38).
[2022.02.11-18.34.10:315][ 23]LogSlate: Window 'BP_GameModeFPSArena' being destroyed
[2022.02.11-18.34.12:526][113]LogSlate: Prevented a slow task dialog from being summoned while a context menu was open
[2022.02.11-18.34.12:549][113]LogEditorClassViewer: Warning: Class /Engine/Tutorial/InWorldBlueprintEditing/TutorialAssets/IWBE_Blutility.IWBE_Blutility_C has parent /Script/Blutility.PlacedEditorUtilityBase, but this parent is not found. The Class will not be shown in ClassViewer.
[2022.02.11-18.34.26:954][556]LogAudioMixer: Display: Audio Buffer Underrun (starvation) detected.
[2022.02.11-18.34.28:165][591]LogSavePackage: Moving '../../../../../Ican/Cour ican/ICAN Mastere 1 GP/Projet_FastArenaShooter/Projet_FastArenaShooter_Trimestre2/FastArenaShooter/Saved/BP_GameModeFPSArenaF2964E2548CE4BE1704466B035831BB2.tmp' to '../../../../../Ican/Cour ican/ICAN Mastere 1 GP/Projet_FastArenaShooter/Projet_FastArenaShooter_Trimestre2/FastArenaShooter/Content/MyContent/BP/BP_GameModeFPSArena.uasset'
[2022.02.11-18.34.28:191][591]AssetCheck: New page: Asset Save: BP_GameModeFPSArena
[2022.02.11-18.34.28:191][591]LogContentValidation: Display: Validating Blueprint /Game/MyContent/BP/BP_GameModeFPSArena.BP_GameModeFPSArena
[2022.02.11-18.34.29:199][629]BlueprintLog: New page: Compile BP_GameModeFPSArena
[2022.02.11-18.34.29:291][629]LogUObjectHash: Compacting FUObjectHashTables data took   2.61ms
[2022.02.11-18.34.29:458][629]LogSlate: Took 0.006294 seconds to synchronously load lazily loaded font '../../../Engine/Content/Slate/Fonts/DroidSansMono.ttf' (77K)
[2022.02.11-18.34.31:707][720]LogSlate: Prevented a slow task dialog from being summoned while a context menu was open
[2022.02.11-18.34.31:727][720]LogEditorClassViewer: Warning: Class /Engine/Tutorial/InWorldBlueprintEditing/TutorialAssets/IWBE_Blutility.IWBE_Blutility_C has parent /Script/Blutility.PlacedEditorUtilityBase, but this parent is not found. The Class will not be shown in ClassViewer.
[2022.02.11-18.36.20:672][881]Running D:/UnrealEnginee/UE_4.27/Engine/Binaries/DotNET/UnrealBuildTool.exe  -projectfiles -project="D:/Ican/Cour ican/ICAN Mastere 1 GP/Projet_FastArenaShooter/Projet_FastArenaShooter_Trimestre2/FastArenaShooter/FastArenaShooter.uproject" -game -rocket -progress
[2022.02.11-18.36.21:083][881]Discovering modules, targets and source code for project...
[2022.02.11-18.36.23:496][881]Binding IntelliSense data...
[2022.02.11-18.36.26:426][881]Binding IntelliSense data... 100%
[2022.02.11-18.36.26:426][881]Writing project files...
[2022.02.11-18.36.30:756][881]Writing project files... 100%
[2022.02.11-18.36.30:865][881]Candidate modules for hot reload:
[2022.02.11-18.36.30:866][881]  FastArenaShooter
[2022.02.11-18.36.30:867][881]Launching UnrealBuildTool... [D:/UnrealEnginee/UE_4.27/Engine/Binaries/DotNET/UnrealBuildTool.exe  -ModuleWithSuffix=FastArenaShooter,8014 FastArenaShooterEditor Win64 Development -Project="D:/Ican/Cour ican/ICAN Mastere 1 GP/Projet_FastArenaShooter/Projet_FastArenaShooter_Trimestre2/FastArenaShooter/FastArenaShooter.uproject" "D:/Ican/Cour ican/ICAN Mastere 1 GP/Projet_FastArenaShooter/Projet_FastArenaShooter_Trimestre2/FastArenaShooter/FastArenaShooter.uproject"  -IgnoreJunk]
[2022.02.11-18.36.41:695][881]CompilerResultsLog: New page: Compilation - 11 févr. 2022 à 20:36:41
[2022.02.11-18.36.41:695][881]CompilerResultsLog: Using 'git status' to determine working set for adaptive non-unity build (D:\Ican\Cour ican\ICAN Mastere 1 GP\Projet_FastArenaShooter\Projet_FastArenaShooter_Trimestre2).
[2022.02.11-18.36.41:695][881]CompilerResultsLog: Creating makefile for FastArenaShooterEditor (no existing makefile)
[2022.02.11-18.36.41:695][881]CompilerResultsLog: Parsing headers for FastArenaShooterEditor
[2022.02.11-18.36.41:696][881]CompilerResultsLog:   Running UnrealHeaderTool "D:\Ican\Cour ican\ICAN Mastere 1 GP\Projet_FastArenaShooter\Projet_FastArenaShooter_Trimestre2\FastArenaShooter\FastArenaShooter.uproject" "D:\Ican\Cour ican\ICAN Mastere 1 GP\Projet_FastArenaShooter\Projet_FastArenaShooter_Trimestre2\FastArenaShooter\Intermediate\Build\Win64\FastArenaShooterEditor\Development\FastArenaShooterEditor.uhtmanifest" -LogCmds="loginit warning, logexit warning, logdatabase error" -Unattended -WarningsAsErrors -abslog="C:\Users\diasa\AppData\Local\UnrealBuildTool\Log_UHT.txt" -installed
[2022.02.11-18.36.41:696][881]CompilerResultsLog: LogInit: Display: Loading text-based GConfig....
[2022.02.11-18.36.41:696][881]CompilerResultsLog: Reflection code generated for FastArenaShooterEditor in 4,8422693 seconds
[2022.02.11-18.36.41:696][881]CompilerResultsLog: Building FastArenaShooterEditor...
[2022.02.11-18.36.41:697][881]CompilerResultsLog: Using Visual Studio 2019 14.29.30133 toolchain (C:\Program Files (x86)\Microsoft Visual Studio\2019\Community\VC\Tools\MSVC\14.29.30133) and Windows 10.0.18362.0 SDK (C:\Program Files (x86)\Windows Kits\10).
[2022.02.11-18.36.41:697][881]CompilerResultsLog: Building 6 actions with 12 processes...
[2022.02.11-18.36.41:697][881]CompilerResultsLog:   [1/6] FastArenaShooter.init.gen.cpp
[2022.02.11-18.36.41:697][881]CompilerResultsLog:   [2/6] MyPlayerController.cpp
[2022.02.11-18.36.41:697][881]CompilerResultsLog:   [3/6] MyPlayerController.gen.cpp
[2022.02.11-18.36.41:697][881]CompilerResultsLog:   [4/6] UE4Editor-FastArenaShooter-8014.lib
[2022.02.11-18.36.41:698][881]CompilerResultsLog:      Cr?ation de la biblioth?que D:\Ican\Cour ican\ICAN Mastere 1 GP\Projet_FastArenaShooter\Projet_FastArenaShooter_Trimestre2\FastArenaShooter\Intermediate\Build\Win64\UE4Editor\Development\FastArenaShooter\UE4Editor-FastArenaShooter-8014.lib et de l'objet D:\Ican\Cour ican\ICAN Mastere 1 GP\Projet_FastArenaShooter\Projet_FastArenaShooter_Trimestre2\FastArenaShooter\Intermediate\Build\Win64\UE4Editor\Development\FastArenaShooter\UE4Editor-FastArenaShooter-8014.exp
[2022.02.11-18.36.41:698][881]CompilerResultsLog:   [5/6] UE4Editor-FastArenaShooter-8014.dll
[2022.02.11-18.36.41:698][881]CompilerResultsLog:      Cr?ation de la biblioth?que D:\Ican\Cour ican\ICAN Mastere 1 GP\Projet_FastArenaShooter\Projet_FastArenaShooter_Trimestre2\FastArenaShooter\Intermediate\Build\Win64\UE4Editor\Development\FastArenaShooter\UE4Editor-FastArenaShooter-8014.suppressed.lib et de l'objet D:\Ican\Cour ican\ICAN Mastere 1 GP\Projet_FastArenaShooter\Projet_FastArenaShooter_Trimestre2\FastArenaShooter\Intermediate\Build\Win64\UE4Editor\Development\FastArenaShooter\UE4Editor-FastArenaShooter-8014.suppressed.exp
[2022.02.11-18.36.41:698][881]CompilerResultsLog:   [6/6] FastArenaShooterEditor.target
[2022.02.11-18.36.41:698][881]CompilerResultsLog: Total time in Parallel executor: 2,87 seconds
[2022.02.11-18.36.41:698][881]CompilerResultsLog: Total execution time: 10,59 seconds
[2022.02.11-18.36.41:699][881]LogMainFrame: MainFrame: Module compiling took 10.840 seconds
[2022.02.11-18.36.42:248][881]LogClass: Could not find existing class MyPlayerController in package /Script/FastArenaShooter for HotReload, assuming new class
[2022.02.11-18.36.42:259][881]LogNativeClassHierarchy: Verbose: Native class hierarchy updated for 'FastArenaShooter' in 0.0002 seconds. Added 7 classes and 2 folders.
[2022.02.11-18.36.42:265][881]Display: HotReload successful (1 functions remapped  0 scriptstructs remapped)
[2022.02.11-18.36.42:358][881]LogNativeClassHierarchy: Verbose: Native class hierarchy populated in 0.0093 seconds. Added 3839 classes and 930 folders.
[2022.02.11-18.36.42:359][881]Display: HotReload took 11.5s.
[2022.02.11-18.36.42:369][881]Warning: HotReload operation took 11.5s.
[2022.02.11-18.36.42:427][881]LogSlate: Window 'Add C++ Class' being destroyed
[2022.02.11-18.36.43:011][882]LogHotReload: New module detected: UE4Editor-FastArenaShooter-8014.dll
[2022.02.11-18.36.43:095][883]LogHotReload: Starting Hot-Reload from IDE
[2022.02.11-18.36.43:219][883]LogNativeClassHierarchy: Verbose: Native class hierarchy updated for 'FastArenaShooter' in 0.0006 seconds. Added 7 classes and 2 folders.
[2022.02.11-18.36.43:234][883]Display: HotReload successful (0 functions remapped  0 scriptstructs remapped)
[2022.02.11-18.36.43:266][883]LogNativeClassHierarchy: Verbose: Native class hierarchy populated in 0.0202 seconds. Added 3839 classes and 930 folders.
[2022.02.11-18.36.43:275][883]Display: HotReload took  0.2s.
[2022.02.11-18.36.50:359][923]LogUObjectHash: Compacting FUObjectHashTables data took  13.71ms
[2022.02.11-18.36.50:450][923]LogSavePackage: Moving '../../../../../Ican/Cour ican/ICAN Mastere 1 GP/Projet_FastArenaShooter/Projet_FastArenaShooter_Trimestre2/FastArenaShooter/Saved/Prog_Antoine8A260BC94B3FDBFCE48BF49B9FDE68A1.tmp' to '../../../../../Ican/Cour ican/ICAN Mastere 1 GP/Projet_FastArenaShooter/Projet_FastArenaShooter_Trimestre2/FastArenaShooter/Content/MyContent/Level/Prog_Antoine.umap'
[2022.02.11-18.36.50:549][923]AssetCheck: New page: Asset Save: Prog_Antoine
[2022.02.11-18.36.50:550][923]LogContentValidation: Display: Validating World /Game/MyContent/Level/Prog_Antoine.Prog_Antoine
[2022.02.11-18.36.52:450][976]LogContentBrowser: Deferred new asset folder creation: NewFolder
[2022.02.11-18.36.52:545][976]LogContentBrowser: Creating deferred item: NewFolder
[2022.02.11-18.36.53:154][  7]LogContentBrowser: Attempting asset rename: NewFolder -> NewFolder
[2022.02.11-18.36.53:155][  7]LogContentBrowser: End creating deferred item NewFolder
[2022.02.11-18.36.57:655][164]LogEditorClassViewer: Warning: Class /Engine/Tutorial/InWorldBlueprintEditing/TutorialAssets/IWBE_Blutility.IWBE_Blutility_C has parent /Script/Blutility.PlacedEditorUtilityBase, but this parent is not found. The Class will not be shown in ClassViewer.
[2022.02.11-18.36.57:665][164]LogSlate: Warning: Slate: Had to block on waiting for a draw buffer
[2022.02.11-18.37.02:816][164]LogSlate: Window 'Pick Parent Class' being destroyed
[2022.02.11-18.37.02:825][164]LogContentBrowser: Deferred new asset file creation: NewBlueprint
[2022.02.11-18.37.02:838][164]LogContentBrowser: Creating deferred item: NewBlueprint
[2022.02.11-18.37.14:869][801]LogContentBrowser: Attempting asset rename: NewBlueprint -> BP_MyPlayerController
[2022.02.11-18.37.14:879][801]LogContentBrowser: End creating deferred item NewBlueprint
[2022.02.11-18.37.15:560][837]LogSavePackage: Moving '../../../../../Ican/Cour ican/ICAN Mastere 1 GP/Projet_FastArenaShooter/Projet_FastArenaShooter_Trimestre2/FastArenaShooter/Saved/BP_MyPlayerControllerED979E6A469B41A15BFCF988CBE6B202.tmp' to '../../../../../Ican/Cour ican/ICAN Mastere 1 GP/Projet_FastArenaShooter/Projet_FastArenaShooter_Trimestre2/FastArenaShooter/Content/MyContent/BP/BP_MyPlayerController.uasset'
[2022.02.11-18.37.15:588][837]AssetCheck: New page: Asset Save: BP_MyPlayerController
[2022.02.11-18.37.15:588][837]LogContentValidation: Display: Validating Blueprint /Game/MyContent/BP/BP_MyPlayerController.BP_MyPlayerController
[2022.02.11-18.37.16:767][891]LogAssetEditorSubsystem: Opening Asset editor for Blueprint /Game/MyContent/BP/BP_MyPlayerController.BP_MyPlayerController
[2022.02.11-18.37.17:504][903]LogAudioMixer: Display: Audio Buffer Underrun (starvation) detected.
[2022.02.11-18.37.28:212][378]LogAudioMixer: Display: Audio Buffer Underrun (starvation) detected.
[2022.02.11-18.37.33:580][602]LogAssetEditorSubsystem: Opening Asset editor for Blueprint /Game/MyContent/BP/BP_MyCharacterController.BP_MyCharacterController
[2022.02.11-18.37.38:874][803]LogSlate: Prevented a slow task dialog from being summoned while a context menu was open
[2022.02.11-18.37.38:898][803]LogEditorClassViewer: Warning: Class /Engine/Tutorial/InWorldBlueprintEditing/TutorialAssets/IWBE_Blutility.IWBE_Blutility_C has parent /Script/Blutility.PlacedEditorUtilityBase, but this parent is not found. The Class will not be shown in ClassViewer.
[2022.02.11-18.37.44:396][995]LogSavePackage: Moving '../../../../../Ican/Cour ican/ICAN Mastere 1 GP/Projet_FastArenaShooter/Projet_FastArenaShooter_Trimestre2/FastArenaShooter/Saved/BP_MyCharacterController2CC931D944793A9AD4C8FBA0DCB36F02.tmp' to '../../../../../Ican/Cour ican/ICAN Mastere 1 GP/Projet_FastArenaShooter/Projet_FastArenaShooter_Trimestre2/FastArenaShooter/Content/MyContent/BP/BP_MyCharacterController.uasset'
[2022.02.11-18.37.44:410][995]AssetCheck: New page: Asset Save: BP_MyCharacterController
[2022.02.11-18.37.44:410][995]LogContentValidation: Display: Validating Blueprint /Game/MyContent/BP/BP_MyCharacterController.BP_MyCharacterController
[2022.02.11-18.38.13:123][466]LogAudioMixer: Display: Audio Buffer Underrun (starvation) detected.
[2022.02.11-18.38.48:094][ 63]LogUObjectHash: Compacting FUObjectHashTables data took   4.34ms
[2022.02.11-18.38.48:130][ 63]LogSavePackage: Moving '../../../../../Ican/Cour ican/ICAN Mastere 1 GP/Projet_FastArenaShooter/Projet_FastArenaShooter_Trimestre2/FastArenaShooter/Saved/Prog_AntoineC0D602C640F838AB5A51A1BEEA1A37E3.tmp' to '../../../../../Ican/Cour ican/ICAN Mastere 1 GP/Projet_FastArenaShooter/Projet_FastArenaShooter_Trimestre2/FastArenaShooter/Content/MyContent/Level/Prog_Antoine.umap'
[2022.02.11-18.38.48:171][ 63]AssetCheck: New page: Asset Save: Prog_Antoine
[2022.02.11-18.38.48:171][ 63]LogContentValidation: Display: Validating World /Game/MyContent/Level/Prog_Antoine.Prog_Antoine
[2022.02.11-18.38.49:254][119]LogUObjectHash: Compacting FUObjectHashTables data took   0.74ms
[2022.02.11-18.38.49:287][119]LogSavePackage: Moving '../../../../../Ican/Cour ican/ICAN Mastere 1 GP/Projet_FastArenaShooter/Projet_FastArenaShooter_Trimestre2/FastArenaShooter/Saved/Prog_Antoine83C17EF1473617E69493B3BBB6229BD3.tmp' to '../../../../../Ican/Cour ican/ICAN Mastere 1 GP/Projet_FastArenaShooter/Projet_FastArenaShooter_Trimestre2/FastArenaShooter/Content/MyContent/Level/Prog_Antoine.umap'
[2022.02.11-18.38.49:329][119]AssetCheck: New page: Asset Save: Prog_Antoine
[2022.02.11-18.38.49:329][119]LogContentValidation: Display: Validating World /Game/MyContent/Level/Prog_Antoine.Prog_Antoine
[2022.02.11-18.38.50:194][155]LogTemp: Repeating last play command: Selected Viewport
[2022.02.11-18.38.50:356][155]LogFMOD: Default sample rate = 48000
[2022.02.11-18.38.50:356][155]LogFMOD: System sample rate = 48000
[2022.02.11-18.38.50:357][155]LogFMOD: Matching system sample rate 48000
[2022.02.11-18.38.50:414][155]LogPlayLevel: PlayLevel: No blueprints needed recompiling
[2022.02.11-18.38.50:414][155]PIE: New page: PIE session: Prog_Antoine (11 févr. 2022 à 20:38:50)
[2022.02.11-18.38.50:430][155]LogPlayLevel: Creating play world package: /Game/MyContent/Level/UEDPIE_0_Prog_Antoine
[2022.02.11-18.38.50:442][155]LogPlayLevel: PIE: StaticDuplicateObject took: (0.011872s)
[2022.02.11-18.38.50:445][155]LogAIModule: Creating AISystem for world Prog_Antoine
[2022.02.11-18.38.50:445][155]LogPlayLevel: PIE: World Init took: (0.002600s)
[2022.02.11-18.38.50:446][155]LogPlayLevel: PIE: Created PIE world by copying editor world from /Game/MyContent/Level/Prog_Antoine.Prog_Antoine to /Game/MyContent/Level/UEDPIE_0_Prog_Antoine.Prog_Antoine (0.015753s)
[2022.02.11-18.38.50:500][155]LogUObjectHash: Compacting FUObjectHashTables data took   3.16ms
[2022.02.11-18.38.50:501][155]LogAudio: Display: Creating Audio Device:                 Id: 4, Scope: Unique, Realtime: True
[2022.02.11-18.38.50:501][155]LogAudioMixer: Display: Audio Mixer Platform Settings:
[2022.02.11-18.38.50:501][155]LogAudioMixer: Display: 	Sample Rate:						  48000
[2022.02.11-18.38.50:501][155]LogAudioMixer: Display: 	Callback Buffer Frame Size Requested: 1024
[2022.02.11-18.38.50:501][155]LogAudioMixer: Display: 	Callback Buffer Frame Size To Use:	  1024
[2022.02.11-18.38.50:502][155]LogAudioMixer: Display: 	Number of buffers to queue:			  2
[2022.02.11-18.38.50:502][155]LogAudioMixer: Display: 	Max Channels (voices):				  32
[2022.02.11-18.38.50:502][155]LogAudioMixer: Display: 	Number of Async Source Workers:		  0
[2022.02.11-18.38.50:502][155]LogAudio: Display: AudioDevice MaxSources: 32
[2022.02.11-18.38.50:503][155]LogAudio: Display: Audio Spatialization Plugin: None (built-in).
[2022.02.11-18.38.50:503][155]LogAudio: Display: Audio Reverb Plugin: None (built-in).
[2022.02.11-18.38.50:503][155]LogAudio: Display: Audio Occlusion Plugin: None (built-in).
[2022.02.11-18.38.50:503][155]LogAudioMixer: Display: Initializing audio mixer.
[2022.02.11-18.38.50:507][155]LogAudioMixer: Display: 0: FrontLeft
[2022.02.11-18.38.50:508][155]LogAudioMixer: Display: 1: FrontRight
[2022.02.11-18.38.50:508][155]LogAudioMixer: Display: 2: FrontCenter
[2022.02.11-18.38.50:508][155]LogAudioMixer: Display: 3: LowFrequency
[2022.02.11-18.38.50:508][155]LogAudioMixer: Display: 4: BackLeft
[2022.02.11-18.38.50:508][155]LogAudioMixer: Display: 5: BackRight
[2022.02.11-18.38.50:508][155]LogAudioMixer: Display: 6: SideLeft
[2022.02.11-18.38.50:509][155]LogAudioMixer: Display: 7: SideRight
[2022.02.11-18.38.50:516][155]LogAudioMixer: Display: Using Audio Device Haut-parleurs (THX Spatial Audio)
[2022.02.11-18.38.50:517][155]LogAudioMixer: Display: Initializing Sound Submixes...
[2022.02.11-18.38.50:517][155]LogAudioMixer: Display: Creating Master Submix 'MasterSubmixDefault'
[2022.02.11-18.38.50:517][155]LogAudioMixer: Display: Creating Master Submix 'MasterReverbSubmixDefault'
[2022.02.11-18.38.50:518][155]LogAudioMixer: Display: Creating Master Submix 'MasterEQSubmixDefault'
[2022.02.11-18.38.50:518][155]LogAudioMixer: FMixerPlatformXAudio2::StartAudioStream() called
[2022.02.11-18.38.50:518][155]LogAudioMixer: Display: Output buffers initialized: Frames=1024, Channels=8, Samples=8192
[2022.02.11-18.38.50:520][155]LogAudioMixer: Display: Starting AudioMixerPlatformInterface::RunInternal()
[2022.02.11-18.38.50:521][155]LogAudioMixer: Display: FMixerPlatformXAudio2::SubmitBuffer() called for the first time
[2022.02.11-18.38.50:521][155]LogInit: FAudioDevice initialized.
[2022.02.11-18.38.50:521][155]LogAudio: Display: Audio Device (ID: 4) registered with world 'Prog_Antoine'.
[2022.02.11-18.38.50:537][155]LogLoad: Game class is 'GameModeFastArenaFPS'
[2022.02.11-18.38.50:539][155]LogWorld: Bringing World /Game/MyContent/Level/UEDPIE_0_Prog_Antoine.Prog_Antoine up for play (max tick rate 60) at 2022.02.11-19.38.50
[2022.02.11-18.38.50:540][155]LogWorld: Bringing up level for play took: 0.001843
[2022.02.11-18.38.50:540][155]LogOnline: OSS: Creating online subsystem instance for: :Context_7
[2022.02.11-18.38.50:544][155]PIE: Server logged in
[2022.02.11-18.38.50:545][155]PIE: Play in editor total start time 0,312 seconds.
[2022.02.11-18.38.52:587][233]LogSlate: Updating window title bar state: overlay mode, drag disabled, window buttons hidden, title bar hidden
[2022.02.11-18.38.52:587][233]LogWorld: BeginTearingDown for /Game/MyContent/Level/UEDPIE_0_Prog_Antoine
[2022.02.11-18.38.52:588][233]LogWorld: UWorld::CleanupWorld for Prog_Antoine, bSessionEnded=true, bCleanupResources=true
[2022.02.11-18.38.52:589][233]LogSlate: InvalidateAllWidgets triggered.  All widgets were invalidated
[2022.02.11-18.38.52:603][233]LogPlayLevel: Display: Shutting down PIE online subsystems
[2022.02.11-18.38.52:608][233]LogSlate: InvalidateAllWidgets triggered.  All widgets were invalidated
[2022.02.11-18.38.52:639][233]LogAudio: Display: Audio Device unregistered from world 'None'.
[2022.02.11-18.38.52:639][233]LogAudioMixer: FMixerPlatformXAudio2::StopAudioStream() called
[2022.02.11-18.38.52:641][233]LogAudioMixer: FMixerPlatformXAudio2::StopAudioStream() called
[2022.02.11-18.38.52:644][233]LogSlate: Updating window title bar state: overlay mode, drag disabled, window buttons hidden, title bar hidden
[2022.02.11-18.38.52:649][233]LogUObjectHash: Compacting FUObjectHashTables data took   2.90ms
[2022.02.11-18.38.52:682][234]LogPlayLevel: Display: Destroying online subsystem :Context_7
[2022.02.11-18.39.01:637][568]LogSavePackage: Moving '../../../../../Ican/Cour ican/ICAN Mastere 1 GP/Projet_FastArenaShooter/Projet_FastArenaShooter_Trimestre2/FastArenaShooter/Saved/BP_GameModeFPSArena9D3B3442459451D9CF6462B1BC574C49.tmp' to '../../../../../Ican/Cour ican/ICAN Mastere 1 GP/Projet_FastArenaShooter/Projet_FastArenaShooter_Trimestre2/FastArenaShooter/Content/MyContent/BP/BP_GameModeFPSArena.uasset'
[2022.02.11-18.39.01:673][568]AssetCheck: New page: Asset Save: BP_GameModeFPSArena
[2022.02.11-18.39.01:674][568]LogContentValidation: Display: Validating Blueprint /Game/MyContent/BP/BP_GameModeFPSArena.BP_GameModeFPSArena
[2022.02.11-18.39.02:391][603]BlueprintLog: New page: Compile BP_GameModeFPSArena
[2022.02.11-18.39.02:510][603]LogUObjectHash: Compacting FUObjectHashTables data took   3.19ms
[2022.02.11-18.39.06:506][796]LogTemp: Repeating last play command: Selected Viewport
[2022.02.11-18.39.06:546][796]LogFMOD: Default sample rate = 48000
[2022.02.11-18.39.06:546][796]LogFMOD: System sample rate = 48000
[2022.02.11-18.39.06:546][796]LogFMOD: Matching system sample rate 48000
[2022.02.11-18.39.06:604][796]LogPlayLevel: PlayLevel: No blueprints needed recompiling
[2022.02.11-18.39.06:604][796]PIE: New page: PIE session: Prog_Antoine (11 févr. 2022 à 20:39:06)
[2022.02.11-18.39.06:605][796]LogPlayLevel: Creating play world package: /Game/MyContent/Level/UEDPIE_0_Prog_Antoine
[2022.02.11-18.39.06:619][796]LogPlayLevel: PIE: StaticDuplicateObject took: (0.013623s)
[2022.02.11-18.39.06:621][796]LogAIModule: Creating AISystem for world Prog_Antoine
[2022.02.11-18.39.06:622][796]LogPlayLevel: PIE: World Init took: (0.002355s)
[2022.02.11-18.39.06:622][796]LogPlayLevel: PIE: Created PIE world by copying editor world from /Game/MyContent/Level/Prog_Antoine.Prog_Antoine to /Game/MyContent/Level/UEDPIE_0_Prog_Antoine.Prog_Antoine (0.017145s)
[2022.02.11-18.39.06:665][796]LogUObjectHash: Compacting FUObjectHashTables data took   3.47ms
[2022.02.11-18.39.06:667][796]LogAudio: Display: Creating Audio Device:                 Id: 5, Scope: Unique, Realtime: True
[2022.02.11-18.39.06:667][796]LogAudioMixer: Display: Audio Mixer Platform Settings:
[2022.02.11-18.39.06:667][796]LogAudioMixer: Display: 	Sample Rate:						  48000
[2022.02.11-18.39.06:668][796]LogAudioMixer: Display: 	Callback Buffer Frame Size Requested: 1024
[2022.02.11-18.39.06:668][796]LogAudioMixer: Display: 	Callback Buffer Frame Size To Use:	  1024
[2022.02.11-18.39.06:668][796]LogAudioMixer: Display: 	Number of buffers to queue:			  2
[2022.02.11-18.39.06:668][796]LogAudioMixer: Display: 	Max Channels (voices):				  32
[2022.02.11-18.39.06:668][796]LogAudioMixer: Display: 	Number of Async Source Workers:		  0
[2022.02.11-18.39.06:668][796]LogAudio: Display: AudioDevice MaxSources: 32
[2022.02.11-18.39.06:669][796]LogAudio: Display: Audio Spatialization Plugin: None (built-in).
[2022.02.11-18.39.06:669][796]LogAudio: Display: Audio Reverb Plugin: None (built-in).
[2022.02.11-18.39.06:669][796]LogAudio: Display: Audio Occlusion Plugin: None (built-in).
[2022.02.11-18.39.06:670][796]LogAudioMixer: Display: Initializing audio mixer.
[2022.02.11-18.39.06:674][796]LogAudioMixer: Display: 0: FrontLeft
[2022.02.11-18.39.06:675][796]LogAudioMixer: Display: 1: FrontRight
[2022.02.11-18.39.06:675][796]LogAudioMixer: Display: 2: FrontCenter
[2022.02.11-18.39.06:675][796]LogAudioMixer: Display: 3: LowFrequency
[2022.02.11-18.39.06:675][796]LogAudioMixer: Display: 4: BackLeft
[2022.02.11-18.39.06:675][796]LogAudioMixer: Display: 5: BackRight
[2022.02.11-18.39.06:675][796]LogAudioMixer: Display: 6: SideLeft
[2022.02.11-18.39.06:675][796]LogAudioMixer: Display: 7: SideRight
[2022.02.11-18.39.06:685][796]LogAudioMixer: Display: Using Audio Device Haut-parleurs (THX Spatial Audio)
[2022.02.11-18.39.06:685][796]LogAudioMixer: Display: Initializing Sound Submixes...
[2022.02.11-18.39.06:686][796]LogAudioMixer: Display: Creating Master Submix 'MasterSubmixDefault'
[2022.02.11-18.39.06:686][796]LogAudioMixer: Display: Creating Master Submix 'MasterReverbSubmixDefault'
[2022.02.11-18.39.06:686][796]LogAudioMixer: Display: Creating Master Submix 'MasterEQSubmixDefault'
[2022.02.11-18.39.06:687][796]LogAudioMixer: FMixerPlatformXAudio2::StartAudioStream() called
[2022.02.11-18.39.06:687][796]LogAudioMixer: Display: Output buffers initialized: Frames=1024, Channels=8, Samples=8192
[2022.02.11-18.39.06:689][796]LogAudioMixer: Display: Starting AudioMixerPlatformInterface::RunInternal()
[2022.02.11-18.39.06:689][796]LogAudioMixer: Display: FMixerPlatformXAudio2::SubmitBuffer() called for the first time
[2022.02.11-18.39.06:689][796]LogInit: FAudioDevice initialized.
[2022.02.11-18.39.06:689][796]LogAudio: Display: Audio Device (ID: 5) registered with world 'Prog_Antoine'.
[2022.02.11-18.39.06:701][796]LogLoad: Game class is 'GameModeFastArenaFPS'
[2022.02.11-18.39.06:703][796]LogWorld: Bringing World /Game/MyContent/Level/UEDPIE_0_Prog_Antoine.Prog_Antoine up for play (max tick rate 60) at 2022.02.11-19.39.06
[2022.02.11-18.39.06:704][796]LogWorld: Bringing up level for play took: 0.002167
[2022.02.11-18.39.06:704][796]LogOnline: OSS: Creating online subsystem instance for: :Context_8
[2022.02.11-18.39.06:707][796]PIE: Server logged in
[2022.02.11-18.39.06:709][796]PIE: Play in editor total start time 0,191 seconds.
[2022.02.11-18.39.09:846][954]LogWindowsTextInputMethodSystem: Display: IME system deactivated.
[2022.02.11-18.39.09:846][954]LogWindowsTextInputMethodSystem: Display: IME system deactivated.
[2022.02.11-18.39.13:256][136]LogSlate: Updating window title bar state: overlay mode, drag disabled, window buttons hidden, title bar hidden
[2022.02.11-18.39.13:257][136]LogWorld: BeginTearingDown for /Game/MyContent/Level/UEDPIE_0_Prog_Antoine
[2022.02.11-18.39.13:257][136]LogWorld: UWorld::CleanupWorld for Prog_Antoine, bSessionEnded=true, bCleanupResources=true
[2022.02.11-18.39.13:258][136]LogSlate: InvalidateAllWidgets triggered.  All widgets were invalidated
[2022.02.11-18.39.13:271][136]LogPlayLevel: Display: Shutting down PIE online subsystems
[2022.02.11-18.39.13:276][136]LogSlate: InvalidateAllWidgets triggered.  All widgets were invalidated
[2022.02.11-18.39.13:320][136]LogAudio: Display: Audio Device unregistered from world 'None'.
[2022.02.11-18.39.13:321][136]LogAudioMixer: FMixerPlatformXAudio2::StopAudioStream() called
[2022.02.11-18.39.13:323][136]LogAudioMixer: FMixerPlatformXAudio2::StopAudioStream() called
[2022.02.11-18.39.13:325][136]LogSlate: Updating window title bar state: overlay mode, drag disabled, window buttons hidden, title bar hidden
[2022.02.11-18.39.13:330][136]LogUObjectHash: Compacting FUObjectHashTables data took   3.03ms
[2022.02.11-18.39.13:363][137]LogPlayLevel: Display: Destroying online subsystem :Context_8
[2022.02.11-18.39.17:401][196]LogEditorViewport: Clicking on Actor (LMB): StaticMeshActor (EditorCube10)
[2022.02.11-18.39.30:356][786]LogSlate: Prevented a slow task dialog from being summoned while a context menu was open
[2022.02.11-18.39.30:383][786]LogEditorClassViewer: Warning: Class /Engine/Tutorial/InWorldBlueprintEditing/TutorialAssets/IWBE_Blutility.IWBE_Blutility_C has parent /Script/Blutility.PlacedEditorUtilityBase, but this parent is not found. The Class will not be shown in ClassViewer.
[2022.02.11-18.39.47:168][325]LogUObjectHash: Compacting FUObjectHashTables data took   2.72ms
[2022.02.11-18.39.47:196][325]LogSavePackage: Moving '../../../../../Ican/Cour ican/ICAN Mastere 1 GP/Projet_FastArenaShooter/Projet_FastArenaShooter_Trimestre2/FastArenaShooter/Saved/Prog_Antoine0A1EBCFE45C9D8EC63B112A6A2C38880.tmp' to '../../../../../Ican/Cour ican/ICAN Mastere 1 GP/Projet_FastArenaShooter/Projet_FastArenaShooter_Trimestre2/FastArenaShooter/Content/MyContent/Level/Prog_Antoine.umap'
[2022.02.11-18.39.47:234][325]AssetCheck: New page: Asset Save: Prog_Antoine
[2022.02.11-18.39.47:234][325]LogContentValidation: Display: Validating World /Game/MyContent/Level/Prog_Antoine.Prog_Antoine
[2022.02.11-18.39.48:417][383]LogUObjectHash: Compacting FUObjectHashTables data took   0.73ms
[2022.02.11-18.39.48:447][383]LogSavePackage: Moving '../../../../../Ican/Cour ican/ICAN Mastere 1 GP/Projet_FastArenaShooter/Projet_FastArenaShooter_Trimestre2/FastArenaShooter/Saved/Prog_AntoineCC5B10E9442B91BDD10EAE8E38446836.tmp' to '../../../../../Ican/Cour ican/ICAN Mastere 1 GP/Projet_FastArenaShooter/Projet_FastArenaShooter_Trimestre2/FastArenaShooter/Content/MyContent/Level/Prog_Antoine.umap'
[2022.02.11-18.39.48:480][383]AssetCheck: New page: Asset Save: Prog_Antoine
[2022.02.11-18.39.48:480][383]LogContentValidation: Display: Validating World /Game/MyContent/Level/Prog_Antoine.Prog_Antoine
[2022.02.11-18.39.48:924][410]LogTemp: Repeating last play command: Selected Viewport
[2022.02.11-18.39.48:977][410]LogFMOD: Default sample rate = 48000
[2022.02.11-18.39.48:977][410]LogFMOD: System sample rate = 48000
[2022.02.11-18.39.48:977][410]LogFMOD: Matching system sample rate 48000
[2022.02.11-18.39.49:033][410]LogPlayLevel: PlayLevel: No blueprints needed recompiling
[2022.02.11-18.39.49:033][410]PIE: New page: PIE session: Prog_Antoine (11 févr. 2022 à 20:39:49)
[2022.02.11-18.39.49:083][410]LogPlayLevel: Creating play world package: /Game/MyContent/Level/UEDPIE_0_Prog_Antoine
[2022.02.11-18.39.49:095][410]LogPlayLevel: PIE: StaticDuplicateObject took: (0.011275s)
[2022.02.11-18.39.49:096][410]LogAIModule: Creating AISystem for world Prog_Antoine
[2022.02.11-18.39.49:109][410]LogPlayLevel: PIE: World Init took: (0.015003s)
[2022.02.11-18.39.49:110][410]LogPlayLevel: PIE: Created PIE world by copying editor world from /Game/MyContent/Level/Prog_Antoine.Prog_Antoine to /Game/MyContent/Level/UEDPIE_0_Prog_Antoine.Prog_Antoine (0.027346s)
[2022.02.11-18.39.49:153][410]LogUObjectHash: Compacting FUObjectHashTables data took   2.98ms
[2022.02.11-18.39.49:154][410]LogAudio: Display: Creating Audio Device:                 Id: 6, Scope: Unique, Realtime: True
[2022.02.11-18.39.49:155][410]LogAudioMixer: Display: Audio Mixer Platform Settings:
[2022.02.11-18.39.49:155][410]LogAudioMixer: Display: 	Sample Rate:						  48000
[2022.02.11-18.39.49:155][410]LogAudioMixer: Display: 	Callback Buffer Frame Size Requested: 1024
[2022.02.11-18.39.49:155][410]LogAudioMixer: Display: 	Callback Buffer Frame Size To Use:	  1024
[2022.02.11-18.39.49:155][410]LogAudioMixer: Display: 	Number of buffers to queue:			  2
[2022.02.11-18.39.49:155][410]LogAudioMixer: Display: 	Max Channels (voices):				  32
[2022.02.11-18.39.49:156][410]LogAudioMixer: Display: 	Number of Async Source Workers:		  0
[2022.02.11-18.39.49:156][410]LogAudio: Display: AudioDevice MaxSources: 32
[2022.02.11-18.39.49:158][410]LogAudio: Display: Audio Spatialization Plugin: None (built-in).
[2022.02.11-18.39.49:158][410]LogAudio: Display: Audio Reverb Plugin: None (built-in).
[2022.02.11-18.39.49:158][410]LogAudio: Display: Audio Occlusion Plugin: None (built-in).
[2022.02.11-18.39.49:158][410]LogAudioMixer: Display: Initializing audio mixer.
[2022.02.11-18.39.49:163][410]LogAudioMixer: Display: 0: FrontLeft
[2022.02.11-18.39.49:163][410]LogAudioMixer: Display: 1: FrontRight
[2022.02.11-18.39.49:163][410]LogAudioMixer: Display: 2: FrontCenter
[2022.02.11-18.39.49:163][410]LogAudioMixer: Display: 3: LowFrequency
[2022.02.11-18.39.49:163][410]LogAudioMixer: Display: 4: BackLeft
[2022.02.11-18.39.49:163][410]LogAudioMixer: Display: 5: BackRight
[2022.02.11-18.39.49:164][410]LogAudioMixer: Display: 6: SideLeft
[2022.02.11-18.39.49:164][410]LogAudioMixer: Display: 7: SideRight
[2022.02.11-18.39.49:173][410]LogAudioMixer: Display: Using Audio Device Haut-parleurs (THX Spatial Audio)
[2022.02.11-18.39.49:174][410]LogAudioMixer: Display: Initializing Sound Submixes...
[2022.02.11-18.39.49:174][410]LogAudioMixer: Display: Creating Master Submix 'MasterSubmixDefault'
[2022.02.11-18.39.49:174][410]LogAudioMixer: Display: Creating Master Submix 'MasterReverbSubmixDefault'
[2022.02.11-18.39.49:175][410]LogAudioMixer: Display: Creating Master Submix 'MasterEQSubmixDefault'
[2022.02.11-18.39.49:175][410]LogAudioMixer: FMixerPlatformXAudio2::StartAudioStream() called
[2022.02.11-18.39.49:176][410]LogAudioMixer: Display: Output buffers initialized: Frames=1024, Channels=8, Samples=8192
[2022.02.11-18.39.49:178][410]LogAudioMixer: Display: Starting AudioMixerPlatformInterface::RunInternal()
[2022.02.11-18.39.49:178][410]LogAudioMixer: Display: FMixerPlatformXAudio2::SubmitBuffer() called for the first time
[2022.02.11-18.39.49:178][410]LogInit: FAudioDevice initialized.
[2022.02.11-18.39.49:178][410]LogAudio: Display: Audio Device (ID: 6) registered with world 'Prog_Antoine'.
[2022.02.11-18.39.49:191][410]LogLoad: Game class is 'BP_GameModeFPSArena_C'
[2022.02.11-18.39.49:195][410]LogWorld: Bringing World /Game/MyContent/Level/UEDPIE_0_Prog_Antoine.Prog_Antoine up for play (max tick rate 60) at 2022.02.11-19.39.49
[2022.02.11-18.39.49:196][410]LogWorld: Bringing up level for play took: 0.002662
[2022.02.11-18.39.49:196][410]LogOnline: OSS: Creating online subsystem instance for: :Context_9
[2022.02.11-18.39.49:200][410]PIE: Server logged in
[2022.02.11-18.39.49:202][410]PIE: Play in editor total start time 0,266 seconds.
[2022.02.11-18.39.52:067][565]LogSlate: Updating window title bar state: overlay mode, drag disabled, window buttons hidden, title bar hidden
[2022.02.11-18.39.52:067][565]LogWorld: BeginTearingDown for /Game/MyContent/Level/UEDPIE_0_Prog_Antoine
[2022.02.11-18.39.52:067][565]LogWorld: UWorld::CleanupWorld for Prog_Antoine, bSessionEnded=true, bCleanupResources=true
[2022.02.11-18.39.52:068][565]LogSlate: InvalidateAllWidgets triggered.  All widgets were invalidated
[2022.02.11-18.39.52:078][565]LogPlayLevel: Display: Shutting down PIE online subsystems
[2022.02.11-18.39.52:083][565]LogSlate: InvalidateAllWidgets triggered.  All widgets were invalidated
[2022.02.11-18.39.52:114][565]LogSlate: Updating window title bar state: overlay mode, drag disabled, window buttons hidden, title bar hidden
[2022.02.11-18.39.52:114][565]LogAudioMixer: FMixerPlatformXAudio2::StopAudioStream() called
[2022.02.11-18.39.52:116][565]LogAudioMixer: FMixerPlatformXAudio2::StopAudioStream() called
[2022.02.11-18.39.52:123][565]LogUObjectHash: Compacting FUObjectHashTables data took   2.99ms
[2022.02.11-18.39.52:158][566]LogPlayLevel: Display: Destroying online subsystem :Context_9
[2022.02.11-18.40.44:053][764]LogAudioMixer: Display: Audio Buffer Underrun (starvation) detected.
[2022.02.11-18.40.45:355][821]LogTemp: Repeating last play command: Selected Viewport
[2022.02.11-18.40.45:407][821]LogFMOD: Default sample rate = 48000
[2022.02.11-18.40.45:407][821]LogFMOD: System sample rate = 48000
[2022.02.11-18.40.45:408][821]LogFMOD: Matching system sample rate 48000
[2022.02.11-18.40.45:463][821]LogPlayLevel: PlayLevel: No blueprints needed recompiling
[2022.02.11-18.40.45:463][821]PIE: New page: PIE session: Prog_Antoine (11 févr. 2022 à 20:40:45)
[2022.02.11-18.40.45:463][821]LogPlayLevel: Creating play world package: /Game/MyContent/Level/UEDPIE_0_Prog_Antoine
[2022.02.11-18.40.45:475][821]LogPlayLevel: PIE: StaticDuplicateObject took: (0.011632s)
[2022.02.11-18.40.45:476][821]LogAIModule: Creating AISystem for world Prog_Antoine
[2022.02.11-18.40.45:476][821]LogPlayLevel: PIE: World Init took: (0.001904s)
[2022.02.11-18.40.45:477][821]LogPlayLevel: PIE: Created PIE world by copying editor world from /Game/MyContent/Level/Prog_Antoine.Prog_Antoine to /Game/MyContent/Level/UEDPIE_0_Prog_Antoine.Prog_Antoine (0.014347s)
[2022.02.11-18.40.45:516][821]LogUObjectHash: Compacting FUObjectHashTables data took   2.83ms
[2022.02.11-18.40.45:519][821]LogAudio: Display: Creating Audio Device:                 Id: 7, Scope: Unique, Realtime: True
[2022.02.11-18.40.45:520][821]LogAudioMixer: Display: Audio Mixer Platform Settings:
[2022.02.11-18.40.45:520][821]LogAudioMixer: Display: 	Sample Rate:						  48000
[2022.02.11-18.40.45:520][821]LogAudioMixer: Display: 	Callback Buffer Frame Size Requested: 1024
[2022.02.11-18.40.45:520][821]LogAudioMixer: Display: 	Callback Buffer Frame Size To Use:	  1024
[2022.02.11-18.40.45:520][821]LogAudioMixer: Display: 	Number of buffers to queue:			  2
[2022.02.11-18.40.45:520][821]LogAudioMixer: Display: 	Max Channels (voices):				  32
[2022.02.11-18.40.45:520][821]LogAudioMixer: Display: 	Number of Async Source Workers:		  0
[2022.02.11-18.40.45:521][821]LogAudio: Display: AudioDevice MaxSources: 32
[2022.02.11-18.40.45:521][821]LogAudio: Display: Audio Spatialization Plugin: None (built-in).
[2022.02.11-18.40.45:522][821]LogAudio: Display: Audio Reverb Plugin: None (built-in).
[2022.02.11-18.40.45:522][821]LogAudio: Display: Audio Occlusion Plugin: None (built-in).
[2022.02.11-18.40.45:522][821]LogAudioMixer: Display: Initializing audio mixer.
[2022.02.11-18.40.45:526][821]LogAudioMixer: Display: 0: FrontLeft
[2022.02.11-18.40.45:527][821]LogAudioMixer: Display: 1: FrontRight
[2022.02.11-18.40.45:527][821]LogAudioMixer: Display: 2: FrontCenter
[2022.02.11-18.40.45:527][821]LogAudioMixer: Display: 3: LowFrequency
[2022.02.11-18.40.45:527][821]LogAudioMixer: Display: 4: BackLeft
[2022.02.11-18.40.45:527][821]LogAudioMixer: Display: 5: BackRight
[2022.02.11-18.40.45:527][821]LogAudioMixer: Display: 6: SideLeft
[2022.02.11-18.40.45:527][821]LogAudioMixer: Display: 7: SideRight
[2022.02.11-18.40.45:535][821]LogAudioMixer: Display: Using Audio Device Haut-parleurs (THX Spatial Audio)
[2022.02.11-18.40.45:536][821]LogAudioMixer: Display: Initializing Sound Submixes...
[2022.02.11-18.40.45:536][821]LogAudioMixer: Display: Creating Master Submix 'MasterSubmixDefault'
[2022.02.11-18.40.45:536][821]LogAudioMixer: Display: Creating Master Submix 'MasterReverbSubmixDefault'
[2022.02.11-18.40.45:537][821]LogAudioMixer: Display: Creating Master Submix 'MasterEQSubmixDefault'
[2022.02.11-18.40.45:537][821]LogAudioMixer: FMixerPlatformXAudio2::StartAudioStream() called
[2022.02.11-18.40.45:537][821]LogAudioMixer: Display: Output buffers initialized: Frames=1024, Channels=8, Samples=8192
[2022.02.11-18.40.45:540][821]LogAudioMixer: Display: Starting AudioMixerPlatformInterface::RunInternal()
[2022.02.11-18.40.45:540][821]LogAudioMixer: Display: FMixerPlatformXAudio2::SubmitBuffer() called for the first time
[2022.02.11-18.40.45:540][821]LogInit: FAudioDevice initialized.
[2022.02.11-18.40.45:540][821]LogAudio: Display: Audio Device (ID: 7) registered with world 'Prog_Antoine'.
[2022.02.11-18.40.45:552][821]LogLoad: Game class is 'BP_GameModeFPSArena_C'
[2022.02.11-18.40.45:555][821]LogWorld: Bringing World /Game/MyContent/Level/UEDPIE_0_Prog_Antoine.Prog_Antoine up for play (max tick rate 60) at 2022.02.11-19.40.45
[2022.02.11-18.40.45:555][821]LogWorld: Bringing up level for play took: 0.002217
[2022.02.11-18.40.45:556][821]LogOnline: OSS: Creating online subsystem instance for: :Context_10
[2022.02.11-18.40.45:559][821]PIE: Server logged in
[2022.02.11-18.40.45:561][821]PIE: Play in editor total start time 0,195 seconds.
[2022.02.11-18.40.59:797][294]LogSlate: Updating window title bar state: overlay mode, drag disabled, window buttons hidden, title bar hidden
[2022.02.11-18.40.59:797][294]LogWorld: BeginTearingDown for /Game/MyContent/Level/UEDPIE_0_Prog_Antoine
[2022.02.11-18.40.59:798][294]LogWorld: UWorld::CleanupWorld for Prog_Antoine, bSessionEnded=true, bCleanupResources=true
[2022.02.11-18.40.59:798][294]LogSlate: InvalidateAllWidgets triggered.  All widgets were invalidated
[2022.02.11-18.40.59:809][294]LogPlayLevel: Display: Shutting down PIE online subsystems
[2022.02.11-18.40.59:826][294]LogSlate: InvalidateAllWidgets triggered.  All widgets were invalidated
[2022.02.11-18.40.59:875][294]LogAudio: Display: Audio Device unregistered from world 'None'.
[2022.02.11-18.40.59:876][294]LogAudioMixer: FMixerPlatformXAudio2::StopAudioStream() called
[2022.02.11-18.40.59:878][294]LogAudioMixer: FMixerPlatformXAudio2::StopAudioStream() called
[2022.02.11-18.40.59:881][294]LogSlate: Updating window title bar state: overlay mode, drag disabled, window buttons hidden, title bar hidden
[2022.02.11-18.40.59:888][294]LogUObjectHash: Compacting FUObjectHashTables data took   4.28ms
[2022.02.11-18.40.59:953][295]LogPlayLevel: Display: Destroying online subsystem :Context_10
[2022.02.11-18.41.11:573][731]LogAudioMixer: Display: Audio Buffer Underrun (starvation) detected.
[2022.02.11-18.41.14:720][889]LogUObjectHash: Compacting FUObjectHashTables data took   2.75ms
[2022.02.11-18.41.14:749][889]LogSavePackage: Moving '../../../../../Ican/Cour ican/ICAN Mastere 1 GP/Projet_FastArenaShooter/Projet_FastArenaShooter_Trimestre2/FastArenaShooter/Saved/Prog_Antoine6EE2C59848CDB88425BDD7AD99C56963.tmp' to '../../../../../Ican/Cour ican/ICAN Mastere 1 GP/Projet_FastArenaShooter/Projet_FastArenaShooter_Trimestre2/FastArenaShooter/Content/MyContent/Level/Prog_Antoine.umap'
[2022.02.11-18.41.14:784][889]AssetCheck: New page: Asset Save: Prog_Antoine
[2022.02.11-18.41.14:784][889]LogContentValidation: Display: Validating World /Game/MyContent/Level/Prog_Antoine.Prog_Antoine
[2022.02.11-18.41.34:717][973]LogUObjectHash: Compacting FUObjectHashTables data took   0.80ms
[2022.02.11-18.41.34:749][973]LogSavePackage: Moving '../../../../../Ican/Cour ican/ICAN Mastere 1 GP/Projet_FastArenaShooter/Projet_FastArenaShooter_Trimestre2/FastArenaShooter/Saved/Prog_AntoineF82B078B4B36820502EBE5BAAAB204A8.tmp' to '../../../../../Ican/Cour ican/ICAN Mastere 1 GP/Projet_FastArenaShooter/Projet_FastArenaShooter_Trimestre2/FastArenaShooter/Content/MyContent/Level/Prog_Antoine.umap'
[2022.02.11-18.41.34:797][973]AssetCheck: New page: Asset Save: Prog_Antoine
[2022.02.11-18.41.34:797][973]LogContentValidation: Display: Validating World /Game/MyContent/Level/Prog_Antoine.Prog_Antoine
[2022.02.11-18.41.35:892][ 28]LogAudioMixer: Display: Audio Buffer Underrun (starvation) detected.
[2022.02.11-18.41.36:072][ 33]LogTemp: Repeating last play command: Selected Viewport
[2022.02.11-18.41.36:117][ 33]LogFMOD: Default sample rate = 48000
[2022.02.11-18.41.36:117][ 33]LogFMOD: System sample rate = 48000
[2022.02.11-18.41.36:117][ 33]LogFMOD: Matching system sample rate 48000
[2022.02.11-18.41.36:174][ 33]LogPlayLevel: PlayLevel: No blueprints needed recompiling
[2022.02.11-18.41.36:174][ 33]PIE: New page: PIE session: Prog_Antoine (11 févr. 2022 à 20:41:36)
[2022.02.11-18.41.36:174][ 33]LogPlayLevel: Creating play world package: /Game/MyContent/Level/UEDPIE_0_Prog_Antoine
[2022.02.11-18.41.36:187][ 33]LogPlayLevel: PIE: StaticDuplicateObject took: (0.012254s)
[2022.02.11-18.41.36:189][ 33]LogAIModule: Creating AISystem for world Prog_Antoine
[2022.02.11-18.41.36:190][ 33]LogPlayLevel: PIE: World Init took: (0.002363s)
[2022.02.11-18.41.36:190][ 33]LogPlayLevel: PIE: Created PIE world by copying editor world from /Game/MyContent/Level/Prog_Antoine.Prog_Antoine to /Game/MyContent/Level/UEDPIE_0_Prog_Antoine.Prog_Antoine (0.015767s)
[2022.02.11-18.41.36:236][ 33]LogUObjectHash: Compacting FUObjectHashTables data took   2.95ms
[2022.02.11-18.41.36:239][ 33]LogAudio: Display: Creating Audio Device:                 Id: 8, Scope: Unique, Realtime: True
[2022.02.11-18.41.36:239][ 33]LogAudioMixer: Display: Audio Mixer Platform Settings:
[2022.02.11-18.41.36:239][ 33]LogAudioMixer: Display: 	Sample Rate:						  48000
[2022.02.11-18.41.36:239][ 33]LogAudioMixer: Display: 	Callback Buffer Frame Size Requested: 1024
[2022.02.11-18.41.36:239][ 33]LogAudioMixer: Display: 	Callback Buffer Frame Size To Use:	  1024
[2022.02.11-18.41.36:239][ 33]LogAudioMixer: Display: 	Number of buffers to queue:			  2
[2022.02.11-18.41.36:240][ 33]LogAudioMixer: Display: 	Max Channels (voices):				  32
[2022.02.11-18.41.36:240][ 33]LogAudioMixer: Display: 	Number of Async Source Workers:		  0
[2022.02.11-18.41.36:240][ 33]LogAudio: Display: AudioDevice MaxSources: 32
[2022.02.11-18.41.36:241][ 33]LogAudio: Display: Audio Spatialization Plugin: None (built-in).
[2022.02.11-18.41.36:241][ 33]LogAudio: Display: Audio Reverb Plugin: None (built-in).
[2022.02.11-18.41.36:241][ 33]LogAudio: Display: Audio Occlusion Plugin: None (built-in).
[2022.02.11-18.41.36:241][ 33]LogAudioMixer: Display: Initializing audio mixer.
[2022.02.11-18.41.36:246][ 33]LogAudioMixer: Display: 0: FrontLeft
[2022.02.11-18.41.36:246][ 33]LogAudioMixer: Display: 1: FrontRight
[2022.02.11-18.41.36:246][ 33]LogAudioMixer: Display: 2: FrontCenter
[2022.02.11-18.41.36:246][ 33]LogAudioMixer: Display: 3: LowFrequency
[2022.02.11-18.41.36:246][ 33]LogAudioMixer: Display: 4: BackLeft
[2022.02.11-18.41.36:246][ 33]LogAudioMixer: Display: 5: BackRight
[2022.02.11-18.41.36:246][ 33]LogAudioMixer: Display: 6: SideLeft
[2022.02.11-18.41.36:246][ 33]LogAudioMixer: Display: 7: SideRight
[2022.02.11-18.41.36:255][ 33]LogAudioMixer: Display: Using Audio Device Haut-parleurs (THX Spatial Audio)
[2022.02.11-18.41.36:256][ 33]LogAudioMixer: Display: Initializing Sound Submixes...
[2022.02.11-18.41.36:256][ 33]LogAudioMixer: Display: Creating Master Submix 'MasterSubmixDefault'
[2022.02.11-18.41.36:257][ 33]LogAudioMixer: Display: Creating Master Submix 'MasterReverbSubmixDefault'
[2022.02.11-18.41.36:257][ 33]LogAudioMixer: Display: Creating Master Submix 'MasterEQSubmixDefault'
[2022.02.11-18.41.36:257][ 33]LogAudioMixer: FMixerPlatformXAudio2::StartAudioStream() called
[2022.02.11-18.41.36:258][ 33]LogAudioMixer: Display: Output buffers initialized: Frames=1024, Channels=8, Samples=8192
[2022.02.11-18.41.36:260][ 33]LogAudioMixer: Display: Starting AudioMixerPlatformInterface::RunInternal()
[2022.02.11-18.41.36:260][ 33]LogAudioMixer: Display: FMixerPlatformXAudio2::SubmitBuffer() called for the first time
[2022.02.11-18.41.36:260][ 33]LogInit: FAudioDevice initialized.
[2022.02.11-18.41.36:260][ 33]LogAudio: Display: Audio Device (ID: 8) registered with world 'Prog_Antoine'.
[2022.02.11-18.41.36:273][ 33]LogLoad: Game class is 'BP_GameModeFPSArena_C'
[2022.02.11-18.41.36:275][ 33]LogWorld: Bringing World /Game/MyContent/Level/UEDPIE_0_Prog_Antoine.Prog_Antoine up for play (max tick rate 60) at 2022.02.11-19.41.36
[2022.02.11-18.41.36:276][ 33]LogWorld: Bringing up level for play took: 0.002223
[2022.02.11-18.41.36:277][ 33]LogOnline: OSS: Creating online subsystem instance for: :Context_12
[2022.02.11-18.41.36:280][ 33]PIE: Server logged in
[2022.02.11-18.41.36:281][ 33]PIE: Play in editor total start time 0,195 seconds.
[2022.02.11-18.41.46:815][610]LogSlate: Updating window title bar state: overlay mode, drag disabled, window buttons hidden, title bar hidden
[2022.02.11-18.41.46:816][610]LogWorld: BeginTearingDown for /Game/MyContent/Level/UEDPIE_0_Prog_Antoine
[2022.02.11-18.41.46:816][610]LogWorld: UWorld::CleanupWorld for Prog_Antoine, bSessionEnded=true, bCleanupResources=true
[2022.02.11-18.41.46:817][610]LogSlate: InvalidateAllWidgets triggered.  All widgets were invalidated
[2022.02.11-18.41.46:831][610]LogPlayLevel: Display: Shutting down PIE online subsystems
[2022.02.11-18.41.46:847][610]LogSlate: InvalidateAllWidgets triggered.  All widgets were invalidated
[2022.02.11-18.41.46:880][610]LogSlate: Updating window title bar state: overlay mode, drag disabled, window buttons hidden, title bar hidden
[2022.02.11-18.41.46:880][610]LogAudioMixer: FMixerPlatformXAudio2::StopAudioStream() called
[2022.02.11-18.41.46:882][610]LogAudioMixer: FMixerPlatformXAudio2::StopAudioStream() called
[2022.02.11-18.41.46:888][610]LogUObjectHash: Compacting FUObjectHashTables data took   2.65ms
[2022.02.11-18.41.46:927][611]LogPlayLevel: Display: Destroying online subsystem :Context_12
[2022.02.11-18.41.49:824][709]LogAudioMixer: Display: Audio Buffer Underrun (starvation) detected.
[2022.02.11-18.42.00:553][ 88]LogAudioMixer: Display: Audio Buffer Underrun (starvation) detected.
[2022.02.11-18.42.25:363][911]LogAudioMixer: Display: Audio Buffer Underrun (starvation) detected.
[2022.02.11-18.42.29:254][ 47]LogSavePackage: Moving '../../../../../Ican/Cour ican/ICAN Mastere 1 GP/Projet_FastArenaShooter/Projet_FastArenaShooter_Trimestre2/FastArenaShooter/Saved/BP_GameModeFPSArenaE5F52B974CA1526EB81BACA86FE8D840.tmp' to '../../../../../Ican/Cour ican/ICAN Mastere 1 GP/Projet_FastArenaShooter/Projet_FastArenaShooter_Trimestre2/FastArenaShooter/Content/MyContent/BP/BP_GameModeFPSArena.uasset'
[2022.02.11-18.42.29:281][ 47]AssetCheck: New page: Asset Save: BP_GameModeFPSArena
[2022.02.11-18.42.29:282][ 47]LogContentValidation: Display: Validating Blueprint /Game/MyContent/BP/BP_GameModeFPSArena.BP_GameModeFPSArena
[2022.02.11-18.42.29:838][ 71]BlueprintLog: New page: Compile BP_GameModeFPSArena
[2022.02.11-18.42.29:908][ 71]LogUObjectHash: Compacting FUObjectHashTables data took   5.69ms
[2022.02.11-18.42.33:168][227]LogTemp: Repeating last play command: Selected Viewport
[2022.02.11-18.42.33:226][227]LogFMOD: Default sample rate = 48000
[2022.02.11-18.42.33:226][227]LogFMOD: System sample rate = 48000
[2022.02.11-18.42.33:226][227]LogFMOD: Matching system sample rate 48000
[2022.02.11-18.42.33:283][227]LogPlayLevel: PlayLevel: No blueprints needed recompiling
[2022.02.11-18.42.33:283][227]PIE: New page: PIE session: Prog_Antoine (11 févr. 2022 à 20:42:33)
[2022.02.11-18.42.33:283][227]LogPlayLevel: Creating play world package: /Game/MyContent/Level/UEDPIE_0_Prog_Antoine
[2022.02.11-18.42.33:296][227]LogPlayLevel: PIE: StaticDuplicateObject took: (0.012127s)
[2022.02.11-18.42.33:298][227]LogAIModule: Creating AISystem for world Prog_Antoine
[2022.02.11-18.42.33:298][227]LogPlayLevel: PIE: World Init took: (0.002156s)
[2022.02.11-18.42.33:299][227]LogPlayLevel: PIE: Created PIE world by copying editor world from /Game/MyContent/Level/Prog_Antoine.Prog_Antoine to /Game/MyContent/Level/UEDPIE_0_Prog_Antoine.Prog_Antoine (0.015148s)
[2022.02.11-18.42.33:344][227]LogUObjectHash: Compacting FUObjectHashTables data took   3.69ms
[2022.02.11-18.42.33:347][227]LogAudio: Display: Creating Audio Device:                 Id: 9, Scope: Unique, Realtime: True
[2022.02.11-18.42.33:347][227]LogAudioMixer: Display: Audio Mixer Platform Settings:
[2022.02.11-18.42.33:347][227]LogAudioMixer: Display: 	Sample Rate:						  48000
[2022.02.11-18.42.33:347][227]LogAudioMixer: Display: 	Callback Buffer Frame Size Requested: 1024
[2022.02.11-18.42.33:347][227]LogAudioMixer: Display: 	Callback Buffer Frame Size To Use:	  1024
[2022.02.11-18.42.33:348][227]LogAudioMixer: Display: 	Number of buffers to queue:			  2
[2022.02.11-18.42.33:348][227]LogAudioMixer: Display: 	Max Channels (voices):				  32
[2022.02.11-18.42.33:348][227]LogAudioMixer: Display: 	Number of Async Source Workers:		  0
[2022.02.11-18.42.33:348][227]LogAudio: Display: AudioDevice MaxSources: 32
[2022.02.11-18.42.33:349][227]LogAudio: Display: Audio Spatialization Plugin: None (built-in).
[2022.02.11-18.42.33:349][227]LogAudio: Display: Audio Reverb Plugin: None (built-in).
[2022.02.11-18.42.33:349][227]LogAudio: Display: Audio Occlusion Plugin: None (built-in).
[2022.02.11-18.42.33:349][227]LogAudioMixer: Display: Initializing audio mixer.
[2022.02.11-18.42.33:354][227]LogAudioMixer: Display: 0: FrontLeft
[2022.02.11-18.42.33:355][227]LogAudioMixer: Display: 1: FrontRight
[2022.02.11-18.42.33:355][227]LogAudioMixer: Display: 2: FrontCenter
[2022.02.11-18.42.33:355][227]LogAudioMixer: Display: 3: LowFrequency
[2022.02.11-18.42.33:355][227]LogAudioMixer: Display: 4: BackLeft
[2022.02.11-18.42.33:355][227]LogAudioMixer: Display: 5: BackRight
[2022.02.11-18.42.33:355][227]LogAudioMixer: Display: 6: SideLeft
[2022.02.11-18.42.33:355][227]LogAudioMixer: Display: 7: SideRight
[2022.02.11-18.42.33:363][227]LogAudioMixer: Display: Using Audio Device Haut-parleurs (THX Spatial Audio)
[2022.02.11-18.42.33:364][227]LogAudioMixer: Display: Initializing Sound Submixes...
[2022.02.11-18.42.33:364][227]LogAudioMixer: Display: Creating Master Submix 'MasterSubmixDefault'
[2022.02.11-18.42.33:364][227]LogAudioMixer: Display: Creating Master Submix 'MasterReverbSubmixDefault'
[2022.02.11-18.42.33:365][227]LogAudioMixer: Display: Creating Master Submix 'MasterEQSubmixDefault'
[2022.02.11-18.42.33:365][227]LogAudioMixer: FMixerPlatformXAudio2::StartAudioStream() called
[2022.02.11-18.42.33:365][227]LogAudioMixer: Display: Output buffers initialized: Frames=1024, Channels=8, Samples=8192
[2022.02.11-18.42.33:367][227]LogAudioMixer: Display: Starting AudioMixerPlatformInterface::RunInternal()
[2022.02.11-18.42.33:367][227]LogAudioMixer: Display: FMixerPlatformXAudio2::SubmitBuffer() called for the first time
[2022.02.11-18.42.33:368][227]LogInit: FAudioDevice initialized.
[2022.02.11-18.42.33:368][227]LogAudio: Display: Audio Device (ID: 9) registered with world 'Prog_Antoine'.
[2022.02.11-18.42.33:382][227]LogLoad: Game class is 'BP_GameModeFPSArena_C'
[2022.02.11-18.42.33:386][227]LogWorld: Bringing World /Game/MyContent/Level/UEDPIE_0_Prog_Antoine.Prog_Antoine up for play (max tick rate 60) at 2022.02.11-19.42.33
[2022.02.11-18.42.33:387][227]LogWorld: Bringing up level for play took: 0.003124
[2022.02.11-18.42.33:387][227]LogOnline: OSS: Creating online subsystem instance for: :Context_13
[2022.02.11-18.42.33:391][227]PIE: Server logged in
[2022.02.11-18.42.33:393][227]PIE: Play in editor total start time 0,212 seconds.
[2022.02.11-18.42.39:837][577]LogSlate: Updating window title bar state: overlay mode, drag disabled, window buttons hidden, title bar hidden
[2022.02.11-18.42.39:837][577]LogWorld: BeginTearingDown for /Game/MyContent/Level/UEDPIE_0_Prog_Antoine
[2022.02.11-18.42.39:838][577]LogWorld: UWorld::CleanupWorld for Prog_Antoine, bSessionEnded=true, bCleanupResources=true
[2022.02.11-18.42.39:838][577]LogSlate: InvalidateAllWidgets triggered.  All widgets were invalidated
[2022.02.11-18.42.39:850][577]LogPlayLevel: Display: Shutting down PIE online subsystems
[2022.02.11-18.42.39:870][577]LogSlate: InvalidateAllWidgets triggered.  All widgets were invalidated
[2022.02.11-18.42.39:902][577]LogSlate: Updating window title bar state: overlay mode, drag disabled, window buttons hidden, title bar hidden
[2022.02.11-18.42.39:903][577]LogAudioMixer: FMixerPlatformXAudio2::StopAudioStream() called
[2022.02.11-18.42.39:904][577]LogAudioMixer: FMixerPlatformXAudio2::StopAudioStream() called
[2022.02.11-18.42.39:911][577]LogUObjectHash: Compacting FUObjectHashTables data took   2.81ms
[2022.02.11-18.42.39:951][578]LogPlayLevel: Display: Destroying online subsystem :Context_13
[2022.02.11-18.42.53:282][111]LogSlate: Took 0.000449 seconds to synchronously load lazily loaded font '../../../Engine/Content/Slate/Fonts/Roboto-Italic.ttf' (157K)
[2022.02.11-18.43.14:514][ 48]LogSlate: Prevented a slow task dialog from being summoned while a context menu was open
[2022.02.11-18.43.14:547][ 48]LogEditorClassViewer: Warning: Class /Engine/Tutorial/InWorldBlueprintEditing/TutorialAssets/IWBE_Blutility.IWBE_Blutility_C has parent /Script/Blutility.PlacedEditorUtilityBase, but this parent is not found. The Class will not be shown in ClassViewer.
[2022.02.11-18.43.41:595][116]LogTemp: Repeating last play command: Selected Viewport
[2022.02.11-18.43.41:636][116]LogFMOD: Default sample rate = 48000
[2022.02.11-18.43.41:636][116]LogFMOD: System sample rate = 48000
[2022.02.11-18.43.41:636][116]LogFMOD: Matching system sample rate 48000
[2022.02.11-18.43.41:693][116]LogPlayLevel: PlayLevel: No blueprints needed recompiling
[2022.02.11-18.43.41:693][116]PIE: New page: PIE session: Prog_Antoine (11 févr. 2022 à 20:43:41)
[2022.02.11-18.43.41:693][116]LogPlayLevel: Creating play world package: /Game/MyContent/Level/UEDPIE_0_Prog_Antoine
[2022.02.11-18.43.41:706][116]LogPlayLevel: PIE: StaticDuplicateObject took: (0.012712s)
[2022.02.11-18.43.41:708][116]LogAIModule: Creating AISystem for world Prog_Antoine
[2022.02.11-18.43.41:709][116]LogPlayLevel: PIE: World Init took: (0.002537s)
[2022.02.11-18.43.41:709][116]LogPlayLevel: PIE: Created PIE world by copying editor world from /Game/MyContent/Level/Prog_Antoine.Prog_Antoine to /Game/MyContent/Level/UEDPIE_0_Prog_Antoine.Prog_Antoine (0.015826s)
[2022.02.11-18.43.41:753][116]LogUObjectHash: Compacting FUObjectHashTables data took   3.40ms
[2022.02.11-18.43.41:757][116]LogAudio: Display: Creating Audio Device:                 Id: 10, Scope: Unique, Realtime: True
[2022.02.11-18.43.41:757][116]LogAudioMixer: Display: Audio Mixer Platform Settings:
[2022.02.11-18.43.41:757][116]LogAudioMixer: Display: 	Sample Rate:						  48000
[2022.02.11-18.43.41:758][116]LogAudioMixer: Display: 	Callback Buffer Frame Size Requested: 1024
[2022.02.11-18.43.41:758][116]LogAudioMixer: Display: 	Callback Buffer Frame Size To Use:	  1024
[2022.02.11-18.43.41:758][116]LogAudioMixer: Display: 	Number of buffers to queue:			  2
[2022.02.11-18.43.41:758][116]LogAudioMixer: Display: 	Max Channels (voices):				  32
[2022.02.11-18.43.41:758][116]LogAudioMixer: Display: 	Number of Async Source Workers:		  0
[2022.02.11-18.43.41:758][116]LogAudio: Display: AudioDevice MaxSources: 32
[2022.02.11-18.43.41:759][116]LogAudio: Display: Audio Spatialization Plugin: None (built-in).
[2022.02.11-18.43.41:759][116]LogAudio: Display: Audio Reverb Plugin: None (built-in).
[2022.02.11-18.43.41:759][116]LogAudio: Display: Audio Occlusion Plugin: None (built-in).
[2022.02.11-18.43.41:760][116]LogAudioMixer: Display: Initializing audio mixer.
[2022.02.11-18.43.41:767][116]LogAudioMixer: Display: 0: FrontLeft
[2022.02.11-18.43.41:770][116]LogAudioMixer: Display: 1: FrontRight
[2022.02.11-18.43.41:781][116]LogAudioMixer: Display: 2: FrontCenter
[2022.02.11-18.43.41:781][116]LogAudioMixer: Display: 3: LowFrequency
[2022.02.11-18.43.41:782][116]LogAudioMixer: Display: 4: BackLeft
[2022.02.11-18.43.41:782][116]LogAudioMixer: Display: 5: BackRight
[2022.02.11-18.43.41:782][116]LogAudioMixer: Display: 6: SideLeft
[2022.02.11-18.43.41:783][116]LogAudioMixer: Display: 7: SideRight
[2022.02.11-18.43.41:800][116]LogAudioMixer: Display: Using Audio Device Haut-parleurs (THX Spatial Audio)
[2022.02.11-18.43.41:801][116]LogAudioMixer: Display: Initializing Sound Submixes...
[2022.02.11-18.43.41:801][116]LogAudioMixer: Display: Creating Master Submix 'MasterSubmixDefault'
[2022.02.11-18.43.41:801][116]LogAudioMixer: Display: Creating Master Submix 'MasterReverbSubmixDefault'
[2022.02.11-18.43.41:802][116]LogAudioMixer: Display: Creating Master Submix 'MasterEQSubmixDefault'
[2022.02.11-18.43.41:803][116]LogAudioMixer: FMixerPlatformXAudio2::StartAudioStream() called
[2022.02.11-18.43.41:803][116]LogAudioMixer: Display: Output buffers initialized: Frames=1024, Channels=8, Samples=8192
[2022.02.11-18.43.41:806][116]LogAudioMixer: Display: Starting AudioMixerPlatformInterface::RunInternal()
[2022.02.11-18.43.41:807][116]LogAudioMixer: Display: FMixerPlatformXAudio2::SubmitBuffer() called for the first time
[2022.02.11-18.43.41:807][116]LogInit: FAudioDevice initialized.
[2022.02.11-18.43.41:807][116]LogAudio: Display: Audio Device (ID: 10) registered with world 'Prog_Antoine'.
[2022.02.11-18.43.41:823][116]LogLoad: Game class is 'BP_GameModeFPSArena_C'
[2022.02.11-18.43.41:826][116]LogWorld: Bringing World /Game/MyContent/Level/UEDPIE_0_Prog_Antoine.Prog_Antoine up for play (max tick rate 60) at 2022.02.11-19.43.41
[2022.02.11-18.43.41:827][116]LogWorld: Bringing up level for play took: 0.002556
[2022.02.11-18.43.41:828][116]LogOnline: OSS: Creating online subsystem instance for: :Context_14
[2022.02.11-18.43.41:832][116]PIE: Server logged in
[2022.02.11-18.43.41:834][116]PIE: Play in editor total start time 0,227 seconds.
[2022.02.11-18.43.57:177][772]LogSlate: Updating window title bar state: overlay mode, drag disabled, window buttons hidden, title bar hidden
[2022.02.11-18.43.57:177][772]LogWorld: BeginTearingDown for /Game/MyContent/Level/UEDPIE_0_Prog_Antoine
[2022.02.11-18.43.57:177][772]LogWorld: UWorld::CleanupWorld for Prog_Antoine, bSessionEnded=true, bCleanupResources=true
[2022.02.11-18.43.57:178][772]LogSlate: InvalidateAllWidgets triggered.  All widgets were invalidated
[2022.02.11-18.43.57:188][772]LogPlayLevel: Display: Shutting down PIE online subsystems
[2022.02.11-18.43.57:203][772]LogSlate: InvalidateAllWidgets triggered.  All widgets were invalidated
[2022.02.11-18.43.57:236][772]LogSlate: Updating window title bar state: overlay mode, drag disabled, window buttons hidden, title bar hidden
[2022.02.11-18.43.57:237][772]LogAudioMixer: FMixerPlatformXAudio2::StopAudioStream() called
[2022.02.11-18.43.57:239][772]LogAudioMixer: FMixerPlatformXAudio2::StopAudioStream() called
[2022.02.11-18.43.57:245][772]LogUObjectHash: Compacting FUObjectHashTables data took   2.85ms
[2022.02.11-18.43.57:279][773]LogPlayLevel: Display: Destroying online subsystem :Context_14
[2022.02.11-18.43.59:187][876]LogUObjectHash: Compacting FUObjectHashTables data took   2.37ms
[2022.02.11-18.43.59:217][876]LogSavePackage: Moving '../../../../../Ican/Cour ican/ICAN Mastere 1 GP/Projet_FastArenaShooter/Projet_FastArenaShooter_Trimestre2/FastArenaShooter/Saved/Prog_AntoineA698AFBB4E66F5A7643E3D9EF177283B.tmp' to '../../../../../Ican/Cour ican/ICAN Mastere 1 GP/Projet_FastArenaShooter/Projet_FastArenaShooter_Trimestre2/FastArenaShooter/Content/MyContent/Level/Prog_Antoine.umap'
[2022.02.11-18.43.59:255][876]AssetCheck: New page: Asset Save: Prog_Antoine
[2022.02.11-18.43.59:256][876]LogContentValidation: Display: Validating World /Game/MyContent/Level/Prog_Antoine.Prog_Antoine
[2022.02.11-18.43.59:364][881]LogAudioMixer: Display: Audio Buffer Underrun (starvation) detected.
[2022.02.11-18.44.15:214][362]LogAudioMixer: Display: Audio Buffer Underrun (starvation) detected.
[2022.02.11-18.45.00:994][693]LogAudioMixer: Display: Audio Buffer Underrun (starvation) detected.
[2022.02.11-18.56.07:577][968]LogTemp: Repeating last play command: Selected Viewport
[2022.02.11-18.56.07:627][968]LogFMOD: Default sample rate = 48000
[2022.02.11-18.56.07:627][968]LogFMOD: System sample rate = 48000
[2022.02.11-18.56.07:628][968]LogFMOD: Matching system sample rate 48000
[2022.02.11-18.56.07:683][968]LogPlayLevel: PlayLevel: No blueprints needed recompiling
[2022.02.11-18.56.07:683][968]PIE: New page: PIE session: Prog_Antoine (11 févr. 2022 à 20:56:07)
[2022.02.11-18.56.07:684][968]LogPlayLevel: Creating play world package: /Game/MyContent/Level/UEDPIE_0_Prog_Antoine
[2022.02.11-18.56.07:697][968]LogPlayLevel: PIE: StaticDuplicateObject took: (0.013216s)
[2022.02.11-18.56.07:699][968]LogAIModule: Creating AISystem for world Prog_Antoine
[2022.02.11-18.56.07:700][968]LogPlayLevel: PIE: World Init took: (0.002838s)
[2022.02.11-18.56.07:700][968]LogPlayLevel: PIE: Created PIE world by copying editor world from /Game/MyContent/Level/Prog_Antoine.Prog_Antoine to /Game/MyContent/Level/UEDPIE_0_Prog_Antoine.Prog_Antoine (0.017038s)
[2022.02.11-18.56.07:753][968]LogUObjectHash: Compacting FUObjectHashTables data took   3.42ms
[2022.02.11-18.56.07:758][968]LogAudio: Display: Creating Audio Device:                 Id: 11, Scope: Unique, Realtime: True
[2022.02.11-18.56.07:758][968]LogAudioMixer: Display: Audio Mixer Platform Settings:
[2022.02.11-18.56.07:758][968]LogAudioMixer: Display: 	Sample Rate:						  48000
[2022.02.11-18.56.07:758][968]LogAudioMixer: Display: 	Callback Buffer Frame Size Requested: 1024
[2022.02.11-18.56.07:758][968]LogAudioMixer: Display: 	Callback Buffer Frame Size To Use:	  1024
[2022.02.11-18.56.07:759][968]LogAudioMixer: Display: 	Number of buffers to queue:			  2
[2022.02.11-18.56.07:759][968]LogAudioMixer: Display: 	Max Channels (voices):				  32
[2022.02.11-18.56.07:759][968]LogAudioMixer: Display: 	Number of Async Source Workers:		  0
[2022.02.11-18.56.07:759][968]LogAudio: Display: AudioDevice MaxSources: 32
[2022.02.11-18.56.07:760][968]LogAudio: Display: Audio Spatialization Plugin: None (built-in).
[2022.02.11-18.56.07:760][968]LogAudio: Display: Audio Reverb Plugin: None (built-in).
[2022.02.11-18.56.07:761][968]LogAudio: Display: Audio Occlusion Plugin: None (built-in).
[2022.02.11-18.56.07:761][968]LogAudioMixer: Display: Initializing audio mixer.
[2022.02.11-18.56.07:767][968]LogAudioMixer: Display: 0: FrontLeft
[2022.02.11-18.56.07:767][968]LogAudioMixer: Display: 1: FrontRight
[2022.02.11-18.56.07:767][968]LogAudioMixer: Display: 2: FrontCenter
[2022.02.11-18.56.07:767][968]LogAudioMixer: Display: 3: LowFrequency
[2022.02.11-18.56.07:767][968]LogAudioMixer: Display: 4: BackLeft
[2022.02.11-18.56.07:767][968]LogAudioMixer: Display: 5: BackRight
[2022.02.11-18.56.07:768][968]LogAudioMixer: Display: 6: SideLeft
[2022.02.11-18.56.07:768][968]LogAudioMixer: Display: 7: SideRight
[2022.02.11-18.56.07:777][968]LogAudioMixer: Display: Using Audio Device Haut-parleurs (THX Spatial Audio)
[2022.02.11-18.56.07:778][968]LogAudioMixer: Display: Initializing Sound Submixes...
[2022.02.11-18.56.07:778][968]LogAudioMixer: Display: Creating Master Submix 'MasterSubmixDefault'
[2022.02.11-18.56.07:778][968]LogAudioMixer: Display: Creating Master Submix 'MasterReverbSubmixDefault'
[2022.02.11-18.56.07:781][968]LogAudioMixer: Display: Creating Master Submix 'MasterEQSubmixDefault'
[2022.02.11-18.56.07:781][968]LogAudioMixer: FMixerPlatformXAudio2::StartAudioStream() called
[2022.02.11-18.56.07:781][968]LogAudioMixer: Display: Output buffers initialized: Frames=1024, Channels=8, Samples=8192
[2022.02.11-18.56.07:784][968]LogAudioMixer: Display: Starting AudioMixerPlatformInterface::RunInternal()
[2022.02.11-18.56.07:784][968]LogAudioMixer: Display: FMixerPlatformXAudio2::SubmitBuffer() called for the first time
[2022.02.11-18.56.07:784][968]LogInit: FAudioDevice initialized.
[2022.02.11-18.56.07:784][968]LogAudio: Display: Audio Device (ID: 11) registered with world 'Prog_Antoine'.
[2022.02.11-18.56.07:796][968]LogLoad: Game class is 'BP_GameModeFPSArena_C'
[2022.02.11-18.56.07:799][968]LogWorld: Bringing World /Game/MyContent/Level/UEDPIE_0_Prog_Antoine.Prog_Antoine up for play (max tick rate 60) at 2022.02.11-19.56.07
[2022.02.11-18.56.07:800][968]LogWorld: Bringing up level for play took: 0.002617
[2022.02.11-18.56.07:801][968]LogOnline: OSS: Creating online subsystem instance for: :Context_15
[2022.02.11-18.56.07:806][968]PIE: Server logged in
[2022.02.11-18.56.07:809][968]PIE: Play in editor total start time 0,221 seconds.
[2022.02.11-18.56.11:546][170]LogSlate: Updating window title bar state: overlay mode, drag disabled, window buttons hidden, title bar hidden
[2022.02.11-18.56.11:547][170]LogWorld: BeginTearingDown for /Game/MyContent/Level/UEDPIE_0_Prog_Antoine
[2022.02.11-18.56.11:547][170]LogWorld: UWorld::CleanupWorld for Prog_Antoine, bSessionEnded=true, bCleanupResources=true
[2022.02.11-18.56.11:548][170]LogSlate: InvalidateAllWidgets triggered.  All widgets were invalidated
[2022.02.11-18.56.11:561][170]LogPlayLevel: Display: Shutting down PIE online subsystems
[2022.02.11-18.56.11:576][170]LogSlate: InvalidateAllWidgets triggered.  All widgets were invalidated
[2022.02.11-18.56.11:607][170]LogSlate: Updating window title bar state: overlay mode, drag disabled, window buttons hidden, title bar hidden
[2022.02.11-18.56.11:607][170]LogAudioMixer: FMixerPlatformXAudio2::StopAudioStream() called
[2022.02.11-18.56.11:609][170]LogAudioMixer: FMixerPlatformXAudio2::StopAudioStream() called
[2022.02.11-18.56.11:615][170]LogUObjectHash: Compacting FUObjectHashTables data took   2.87ms
[2022.02.11-18.56.11:651][171]LogPlayLevel: Display: Destroying online subsystem :Context_15
[2022.02.11-18.56.47:528][181]LogTemp: Repeating last play command: Selected Viewport
[2022.02.11-18.56.47:576][181]LogFMOD: Default sample rate = 48000
[2022.02.11-18.56.47:576][181]LogFMOD: System sample rate = 48000
[2022.02.11-18.56.47:576][181]LogFMOD: Matching system sample rate 48000
[2022.02.11-18.56.47:634][181]LogPlayLevel: PlayLevel: No blueprints needed recompiling
[2022.02.11-18.56.47:634][181]PIE: New page: PIE session: Prog_Antoine (11 févr. 2022 à 20:56:47)
[2022.02.11-18.56.47:634][181]LogPlayLevel: Creating play world package: /Game/MyContent/Level/UEDPIE_0_Prog_Antoine
[2022.02.11-18.56.47:647][181]LogPlayLevel: PIE: StaticDuplicateObject took: (0.012442s)
[2022.02.11-18.56.47:649][181]LogAIModule: Creating AISystem for world Prog_Antoine
[2022.02.11-18.56.47:650][181]LogPlayLevel: PIE: World Init took: (0.002265s)
[2022.02.11-18.56.47:650][181]LogPlayLevel: PIE: Created PIE world by copying editor world from /Game/MyContent/Level/Prog_Antoine.Prog_Antoine to /Game/MyContent/Level/UEDPIE_0_Prog_Antoine.Prog_Antoine (0.015638s)
[2022.02.11-18.56.47:696][181]LogUObjectHash: Compacting FUObjectHashTables data took   3.38ms
[2022.02.11-18.56.47:699][181]LogAudio: Display: Creating Audio Device:                 Id: 12, Scope: Unique, Realtime: True
[2022.02.11-18.56.47:699][181]LogAudioMixer: Display: Audio Mixer Platform Settings:
[2022.02.11-18.56.47:700][181]LogAudioMixer: Display: 	Sample Rate:						  48000
[2022.02.11-18.56.47:700][181]LogAudioMixer: Display: 	Callback Buffer Frame Size Requested: 1024
[2022.02.11-18.56.47:700][181]LogAudioMixer: Display: 	Callback Buffer Frame Size To Use:	  1024
[2022.02.11-18.56.47:700][181]LogAudioMixer: Display: 	Number of buffers to queue:			  2
[2022.02.11-18.56.47:700][181]LogAudioMixer: Display: 	Max Channels (voices):				  32
[2022.02.11-18.56.47:700][181]LogAudioMixer: Display: 	Number of Async Source Workers:		  0
[2022.02.11-18.56.47:700][181]LogAudio: Display: AudioDevice MaxSources: 32
[2022.02.11-18.56.47:701][181]LogAudio: Display: Audio Spatialization Plugin: None (built-in).
[2022.02.11-18.56.47:702][181]LogAudio: Display: Audio Reverb Plugin: None (built-in).
[2022.02.11-18.56.47:702][181]LogAudio: Display: Audio Occlusion Plugin: None (built-in).
[2022.02.11-18.56.47:702][181]LogAudioMixer: Display: Initializing audio mixer.
[2022.02.11-18.56.47:707][181]LogAudioMixer: Display: 0: FrontLeft
[2022.02.11-18.56.47:707][181]LogAudioMixer: Display: 1: FrontRight
[2022.02.11-18.56.47:707][181]LogAudioMixer: Display: 2: FrontCenter
[2022.02.11-18.56.47:707][181]LogAudioMixer: Display: 3: LowFrequency
[2022.02.11-18.56.47:707][181]LogAudioMixer: Display: 4: BackLeft
[2022.02.11-18.56.47:708][181]LogAudioMixer: Display: 5: BackRight
[2022.02.11-18.56.47:708][181]LogAudioMixer: Display: 6: SideLeft
[2022.02.11-18.56.47:708][181]LogAudioMixer: Display: 7: SideRight
[2022.02.11-18.56.47:717][181]LogAudioMixer: Display: Using Audio Device Haut-parleurs (THX Spatial Audio)
[2022.02.11-18.56.47:717][181]LogAudioMixer: Display: Initializing Sound Submixes...
[2022.02.11-18.56.47:718][181]LogAudioMixer: Display: Creating Master Submix 'MasterSubmixDefault'
[2022.02.11-18.56.47:718][181]LogAudioMixer: Display: Creating Master Submix 'MasterReverbSubmixDefault'
[2022.02.11-18.56.47:718][181]LogAudioMixer: Display: Creating Master Submix 'MasterEQSubmixDefault'
[2022.02.11-18.56.47:719][181]LogAudioMixer: FMixerPlatformXAudio2::StartAudioStream() called
[2022.02.11-18.56.47:719][181]LogAudioMixer: Display: Output buffers initialized: Frames=1024, Channels=8, Samples=8192
[2022.02.11-18.56.47:721][181]LogAudioMixer: Display: Starting AudioMixerPlatformInterface::RunInternal()
[2022.02.11-18.56.47:721][181]LogAudioMixer: Display: FMixerPlatformXAudio2::SubmitBuffer() called for the first time
[2022.02.11-18.56.47:722][181]LogInit: FAudioDevice initialized.
[2022.02.11-18.56.47:722][181]LogAudio: Display: Audio Device (ID: 12) registered with world 'Prog_Antoine'.
[2022.02.11-18.56.47:731][181]LogLoad: Game class is 'BP_GameModeFPSArena_C'
[2022.02.11-18.56.47:735][181]LogWorld: Bringing World /Game/MyContent/Level/UEDPIE_0_Prog_Antoine.Prog_Antoine up for play (max tick rate 60) at 2022.02.11-19.56.47
[2022.02.11-18.56.47:736][181]LogWorld: Bringing up level for play took: 0.002635
[2022.02.11-18.56.47:736][181]LogOnline: OSS: Creating online subsystem instance for: :Context_16
[2022.02.11-18.56.47:741][181]PIE: Server logged in
[2022.02.11-18.56.47:743][181]PIE: Play in editor total start time 0,205 seconds.
[2022.02.11-18.57.11:592][531]LogSpawn: Warning: SpawnActor failed because of collision at the spawn location [X=-1942.309 Y=1069.239 Z=281.902] for [FirstPersonProjectile_C]
[2022.02.11-18.57.18:487][914]LogSlate: Updating window title bar state: overlay mode, drag disabled, window buttons hidden, title bar hidden
[2022.02.11-18.57.18:487][914]LogWorld: BeginTearingDown for /Game/MyContent/Level/UEDPIE_0_Prog_Antoine
[2022.02.11-18.57.18:487][914]LogWorld: UWorld::CleanupWorld for Prog_Antoine, bSessionEnded=true, bCleanupResources=true
[2022.02.11-18.57.18:488][914]LogSlate: InvalidateAllWidgets triggered.  All widgets were invalidated
[2022.02.11-18.57.18:499][914]LogPlayLevel: Display: Shutting down PIE online subsystems
[2022.02.11-18.57.18:515][914]LogSlate: InvalidateAllWidgets triggered.  All widgets were invalidated
[2022.02.11-18.57.18:548][914]LogSlate: Updating window title bar state: overlay mode, drag disabled, window buttons hidden, title bar hidden
[2022.02.11-18.57.18:549][914]LogAudioMixer: FMixerPlatformXAudio2::StopAudioStream() called
[2022.02.11-18.57.18:551][914]LogAudioMixer: FMixerPlatformXAudio2::StopAudioStream() called
[2022.02.11-18.57.18:559][914]LogUObjectHash: Compacting FUObjectHashTables data took   3.12ms
[2022.02.11-18.57.18:597][915]LogPlayLevel: Display: Destroying online subsystem :Context_16
[2022.02.11-19.01.00:094][626]LogWindowsTextInputMethodSystem: Display: IME system deactivated.
[2022.02.11-19.01.00:095][626]LogWindowsTextInputMethodSystem: Display: IME system deactivated.
[2022.02.11-19.01.02:120][702]LogUObjectHash: Compacting FUObjectHashTables data took   2.88ms
[2022.02.11-19.01.02:149][702]LogSavePackage: Moving '../../../../../Ican/Cour ican/ICAN Mastere 1 GP/Projet_FastArenaShooter/Projet_FastArenaShooter_Trimestre2/FastArenaShooter/Saved/Prog_AntoineDD1E41BB4F1C5FB3EB8368B714632F89.tmp' to '../../../../../Ican/Cour ican/ICAN Mastere 1 GP/Projet_FastArenaShooter/Projet_FastArenaShooter_Trimestre2/FastArenaShooter/Content/MyContent/Level/Prog_Antoine.umap'
[2022.02.11-19.01.02:200][702]AssetCheck: New page: Asset Save: Prog_Antoine
[2022.02.11-19.01.02:200][702]LogContentValidation: Display: Validating World /Game/MyContent/Level/Prog_Antoine.Prog_Antoine
[2022.02.11-19.01.03:075][732]LogUObjectHash: Compacting FUObjectHashTables data took   0.89ms
[2022.02.11-19.01.03:220][732]LogWorld: UWorld::CleanupWorld for World_1, bSessionEnded=true, bCleanupResources=true
[2022.02.11-19.01.03:220][732]LogSlate: InvalidateAllWidgets triggered.  All widgets were invalidated
[2022.02.11-19.01.03:448][732]LogActorComponent: UnregisterComponent: (/Engine/Transient.EditorFloorComp) Not registered. Aborting.
[2022.02.11-19.01.03:449][732]LogWorld: UWorld::CleanupWorld for World_2, bSessionEnded=true, bCleanupResources=true
[2022.02.11-19.01.03:449][732]LogSlate: InvalidateAllWidgets triggered.  All widgets were invalidated
[2022.02.11-19.01.03:537][732]LogActorComponent: UnregisterComponent: (/Engine/Transient.EditorFloorComp) Not registered. Aborting.
[2022.02.11-19.01.03:538][732]LogWorld: UWorld::CleanupWorld for World_3, bSessionEnded=true, bCleanupResources=true
[2022.02.11-19.01.03:538][732]LogSlate: InvalidateAllWidgets triggered.  All widgets were invalidated
[2022.02.11-19.01.03:779][732]LogSlate: Window 'FastArenaShooter - Unreal Editor' being destroyed
[2022.02.11-19.01.03:904][732]LogDirectoryWatcher: A directory notification for '../../../Engine/Plugins/' was aborted.
[2022.02.11-19.01.03:905][732]LogDirectoryWatcher: A directory notification for '../../../../../Ican/Cour ican/ICAN Mastere 1 GP/Projet_FastArenaShooter/Projet_FastArenaShooter_Trimestre2/FastArenaShooter/Plugins/' was aborted.
[2022.02.11-19.01.04:685][733]Cmd: QUIT_EDITOR
[2022.02.11-19.01.04:685][733]LogCore: Engine exit requested (reason: UUnrealEdEngine::CloseEditor())
[2022.02.11-19.01.04:759][733]LogCore: Engine exit requested (reason: EngineExit() was called; note: exit was already requested)
[2022.02.11-19.01.05:038][733]LogAudio: Display: Beginning Audio Device Manager Shutdown (Module: AudioMixerXAudio2)...
[2022.02.11-19.01.05:038][733]LogAudio: Display: Destroying 1 Remaining Audio Device(s)...
[2022.02.11-19.01.05:038][733]LogAudio: Display: Audio Device unregistered from world 'Prog_Antoine'.
[2022.02.11-19.01.05:049][733]LogAudioMixer: FMixerPlatformXAudio2::StopAudioStream() called
[2022.02.11-19.01.05:050][733]LogAudioMixer: FMixerPlatformXAudio2::StopAudioStream() called
[2022.02.11-19.01.05:089][733]LogAudio: Display: Audio Device Manager Shutdown
[2022.02.11-19.01.05:089][733]LogWindowsTextInputMethodSystem: Display: IME system deactivated.
[2022.02.11-19.01.05:103][733]LogExit: Preparing to exit.
[2022.02.11-19.01.05:699][733]LogUObjectHash: Compacting FUObjectHashTables data took   3.08ms
[2022.02.11-19.01.05:905][733]LogWorld: UWorld::CleanupWorld for World_0, bSessionEnded=true, bCleanupResources=true
[2022.02.11-19.01.05:916][733]LogWorld: UWorld::CleanupWorld for World_4, bSessionEnded=true, bCleanupResources=true
[2022.02.11-19.01.06:833][733]LogWorld: UWorld::CleanupWorld for None, bSessionEnded=true, bCleanupResources=true
[2022.02.11-19.01.06:848][733]LogExit: Editor shut down
[2022.02.11-19.01.06:851][733]LogExit: Transaction tracking system shut down
[2022.02.11-19.01.06:906][733]LogDemo: Cleaned up 0 splitscreen connections with owner deletion
[2022.02.11-19.01.09:898][733]LogExit: Object subsystem successfully closed.
[2022.02.11-19.01.09:938][733]LogShaderCompilers: Display: === FShaderJobCache stats ===
[2022.02.11-19.01.09:938][733]LogShaderCompilers: Display: Total job queries 0, among them cache hits 0 (0.00%)
[2022.02.11-19.01.09:939][733]LogShaderCompilers: Display: Tracking 0 distinct input hashes that result in 0 distinct outputs (0.00%)
[2022.02.11-19.01.09:954][733]LogShaderCompilers: Display: RAM used: 0.00 MB (0.00 GB) of 819.20 MB (0.80 GB) budget. Usage: 0.00%
[2022.02.11-19.01.09:955][733]LogShaderCompilers: Display: ================================================
[2022.02.11-19.01.10:199][733]LogShaderCompilers: Display: Shaders left to compile 0
[2022.02.11-19.01.13:001][733]LogModuleManager: Shutting down and abandoning module FastArenaShooter (892)
[2022.02.11-19.01.13:002][733]LogModuleManager: Shutting down and abandoning module BlueprintGraph (890)
[2022.02.11-19.01.13:002][733]LogModuleManager: Shutting down and abandoning module MovieSceneCapture (884)
[2022.02.11-19.01.13:002][733]LogModuleManager: Shutting down and abandoning module Voice (882)
[2022.02.11-19.01.13:030][733]LogModuleManager: Shutting down and abandoning module HierarchicalLODOutliner (880)
[2022.02.11-19.01.13:030][733]LogModuleManager: Shutting down and abandoning module ExternalImagePicker (878)
[2022.02.11-19.01.13:031][733]LogModuleManager: Shutting down and abandoning module SceneOutliner (876)
[2022.02.11-19.01.13:031][733]LogModuleManager: Shutting down and abandoning module AddContentDialog (874)
[2022.02.11-19.01.13:043][733]LogModuleManager: Shutting down and abandoning module WidgetCarousel (873)
[2022.02.11-19.01.13:043][733]LogModuleManager: Shutting down and abandoning module EditorWidgets (870)
[2022.02.11-19.01.13:043][733]LogModuleManager: Shutting down and abandoning module StatsViewer (868)
[2022.02.11-19.01.13:075][733]LogModuleManager: Shutting down and abandoning module PIEPreviewDeviceProfileSelector (866)
[2022.02.11-19.01.13:170][733]LogModuleManager: Shutting down and abandoning module SequenceRecorderSections (864)
[2022.02.11-19.01.13:177][733]LogModuleManager: Shutting down and abandoning module AutomationWorker (862)
[2022.02.11-19.01.13:231][733]LogModuleManager: Shutting down and abandoning module OculusMR (860)
[2022.02.11-19.01.13:231][733]LogModuleManager: Shutting down and abandoning module TakeRecorderSources (858)
[2022.02.11-19.01.13:341][733]LogModuleManager: Shutting down and abandoning module TakeRecorder (857)
[2022.02.11-19.01.13:341][733]LogModuleManager: Shutting down and abandoning module TakeTrackRecorders (854)
[2022.02.11-19.01.13:354][733]LogModuleManager: Shutting down and abandoning module TakesCore (852)
[2022.02.11-19.01.13:380][733]LogModuleManager: Shutting down and abandoning module OpenXRInput (850)
[2022.02.11-19.01.13:380][733]LogModuleManager: Shutting down and abandoning module GooglePADEditor (848)
[2022.02.11-19.01.13:380][733]LogModuleManager: Shutting down and abandoning module AudioCaptureEditor (846)
[2022.02.11-19.01.13:380][733]LogModuleManager: Shutting down and abandoning module TemplateSequenceEditor (844)
[2022.02.11-19.01.13:429][733]LogModuleManager: Shutting down and abandoning module MatineeToLevelSequence (842)
[2022.02.11-19.01.13:505][733]LogModuleManager: Shutting down and abandoning module LevelSequenceEditor (840)
[2022.02.11-19.01.13:505][733]LogModuleManager: Shutting down and abandoning module ActorSequenceEditor (838)
[2022.02.11-19.01.13:557][733]LogModuleManager: Shutting down and abandoning module WmfMediaFactory (836)
[2022.02.11-19.01.13:557][733]LogModuleManager: Shutting down and abandoning module WmfMediaEditor (834)
[2022.02.11-19.01.13:557][733]LogModuleManager: Shutting down and abandoning module WebMMediaFactory (832)
[2022.02.11-19.01.13:557][733]LogModuleManager: Shutting down and abandoning module WebMMediaEditor (830)
[2022.02.11-19.01.13:558][733]LogModuleManager: Shutting down and abandoning module WebMMedia (828)
[2022.02.11-19.01.13:583][733]LogModuleManager: Shutting down and abandoning module MediaPlayerEditor (826)
[2022.02.11-19.01.13:629][733]LogModuleManager: Shutting down and abandoning module MediaCompositingEditor (824)
[2022.02.11-19.01.13:709][733]LogModuleManager: Shutting down and abandoning module SequenceRecorder (823)
[2022.02.11-19.01.13:710][733]LogModuleManager: Shutting down and abandoning module OpenExrWrapper (820)
[2022.02.11-19.01.13:710][733]LogModuleManager: Shutting down and abandoning module ImgMediaFactory (818)
[2022.02.11-19.01.13:711][733]LogModuleManager: Shutting down and abandoning module ImgMediaEditor (816)
[2022.02.11-19.01.13:711][733]LogModuleManager: Shutting down and abandoning module AvfMediaFactory (814)
[2022.02.11-19.01.13:711][733]LogModuleManager: Shutting down and abandoning module AvfMediaEditor (812)
[2022.02.11-19.01.13:711][733]LogModuleManager: Shutting down and abandoning module AndroidMediaFactory (810)
[2022.02.11-19.01.13:711][733]LogModuleManager: Shutting down and abandoning module AndroidMediaEditor (808)
[2022.02.11-19.01.13:712][733]LogModuleManager: Shutting down and abandoning module MagicLeapMediaCodecFactory (806)
[2022.02.11-19.01.13:712][733]LogModuleManager: Shutting down and abandoning module MagicLeapMediaFactory (804)
[2022.02.11-19.01.13:712][733]LogModuleManager: Shutting down and abandoning module MagicLeapMediaEditor (802)
[2022.02.11-19.01.13:712][733]LogModuleManager: Shutting down and abandoning module PlanarCut (800)
[2022.02.11-19.01.13:764][733]LogModuleManager: Shutting down and abandoning module CharacterAI (798)
[2022.02.11-19.01.13:764][733]LogModuleManager: Shutting down and abandoning module CameraShakePreviewer (796)
[2022.02.11-19.01.13:814][733]LogModuleManager: Shutting down and abandoning module TextureAlignMode (794)
[2022.02.11-19.01.13:814][733]LogModuleManager: Shutting down and abandoning module BspMode (792)
[2022.02.11-19.01.13:815][733]LogModuleManager: Shutting down and abandoning module GeometryMode (790)
[2022.02.11-19.01.13:815][733]LogModuleManager: Shutting down and abandoning module SmartSnapping (788)
[2022.02.11-19.01.13:815][733]LogModuleManager: Shutting down and abandoning module SessionServices (786)
[2022.02.11-19.01.13:816][733]LogModuleManager: Shutting down and abandoning module MeshPaint (784)
[2022.02.11-19.01.13:890][733]LogModuleManager: Shutting down and abandoning module VirtualTexturingEditor (782)
[2022.02.11-19.01.13:936][733]LogModuleManager: Shutting down and abandoning module FoliageEdit (780)
[2022.02.11-19.01.13:998][733]LogModuleManager: Shutting down and abandoning module LandscapeEditor (778)
[2022.02.11-19.01.14:106][733]LogModuleManager: Shutting down and abandoning module MeshPaintMode (776)
[2022.02.11-19.01.14:107][733]LogModuleManager: Shutting down and abandoning module SceneDepthPickerMode (774)
[2022.02.11-19.01.14:107][733]LogModuleManager: Shutting down and abandoning module ActorPickerMode (772)
[2022.02.11-19.01.14:107][733]LogModuleManager: Shutting down and abandoning module PlacementMode (770)
[2022.02.11-19.01.14:107][733]LogModuleManager: Shutting down and abandoning module ViewportSnapping (768)
[2022.02.11-19.01.14:107][733]LogModuleManager: Shutting down and abandoning module ViewportInteraction (766)
[2022.02.11-19.01.14:107][733]LogModuleManager: Shutting down and abandoning module ClothPainter (764)
[2022.02.11-19.01.14:216][733]LogModuleManager: Shutting down and abandoning module SkeletalMeshEditor (763)
[2022.02.11-19.01.14:241][733]LogModuleManager: Shutting down and abandoning module LogVisualizer (760)
[2022.02.11-19.01.14:343][733]LogModuleManager: Shutting down and abandoning module IntroTutorials (758)
[2022.02.11-19.01.14:385][733]LogModuleManager: Shutting down and abandoning module GameProjectGeneration (757)
[2022.02.11-19.01.14:385][733]LogModuleManager: Shutting down and abandoning module LuminPlatformEditor (754)
[2022.02.11-19.01.14:385][733]LogModuleManager: Shutting down and abandoning module IOSPlatformEditor (752)
[2022.02.11-19.01.14:385][733]LogModuleManager: Shutting down and abandoning module AndroidPlatformEditor (750)
[2022.02.11-19.01.14:386][733]LogModuleManager: Shutting down and abandoning module AndroidDeviceDetection (749)
[2022.02.11-19.01.15:533][733]LogModuleManager: Shutting down and abandoning module WindowsPlatformEditor (746)
[2022.02.11-19.01.15:533][733]LogModuleManager: Shutting down and abandoning module LuminRuntimeSettings (744)
[2022.02.11-19.01.15:533][733]LogModuleManager: Shutting down and abandoning module IOSRuntimeSettings (742)
[2022.02.11-19.01.15:533][733]LogModuleManager: Shutting down and abandoning module AndroidRuntimeSettings (740)
[2022.02.11-19.01.15:533][733]LogModuleManager: Shutting down and abandoning module TraceInsights (738)
[2022.02.11-19.01.15:577][733]MemoryProfiler: Shutdown
[2022.02.11-19.01.15:577][733]NetworkingProfiler: Shutdown
[2022.02.11-19.01.15:577][733]LoadingProfiler: Shutdown
[2022.02.11-19.01.15:635][733]TimingProfiler: Shutdown
[2022.02.11-19.01.15:645][733]LogModuleManager: Shutting down and abandoning module TraceServices (737)
[2022.02.11-19.01.15:656][733]LogModuleManager: Shutting down and abandoning module EditorInteractiveToolsFramework (734)
[2022.02.11-19.01.15:656][733]LogModuleManager: Shutting down and abandoning module TimeManagementEditor (732)
[2022.02.11-19.01.15:656][733]LogModuleManager: Shutting down and abandoning module InputBindingEditor (730)
[2022.02.11-19.01.15:657][733]LogModuleManager: Shutting down and abandoning module MergeActors (728)
[2022.02.11-19.01.15:666][733]LogModuleManager: Shutting down and abandoning module LocalizationDashboard (726)
[2022.02.11-19.01.15:672][733]LogModuleManager: Shutting down and abandoning module LocalizationService (725)
[2022.02.11-19.01.15:679][733]LogModuleManager: Shutting down and abandoning module HardwareTargeting (722)
[2022.02.11-19.01.15:679][733]LogModuleManager: Shutting down and abandoning module DeviceProfileEditor (720)
[2022.02.11-19.01.15:688][733]LogModuleManager: Shutting down and abandoning module UndoHistory (718)
[2022.02.11-19.01.15:694][733]LogModuleManager: Shutting down and abandoning module XmlParser (716)
[2022.02.11-19.01.15:698][733]LogModuleManager: Shutting down and abandoning module Blutility (714)
[2022.02.11-19.01.15:702][733]LogModuleManager: Shutting down and abandoning module ProjectSettingsViewer (712)
[2022.02.11-19.01.15:702][733]LogModuleManager: Shutting down and abandoning module ProjectTargetPlatformEditor (711)
[2022.02.11-19.01.15:703][733]LogModuleManager: Shutting down and abandoning module EditorSettingsViewer (708)
[2022.02.11-19.01.15:703][733]LogModuleManager: Shutting down and abandoning module InternationalizationSettings (707)
[2022.02.11-19.01.15:703][733]LogModuleManager: Shutting down and abandoning module SettingsEditor (704)
[2022.02.11-19.01.15:703][733]LogModuleManager: Shutting down and abandoning module ProjectLauncher (702)
[2022.02.11-19.01.15:710][733]LogModuleManager: Shutting down and abandoning module SessionFrontend (700)
[2022.02.11-19.01.15:720][733]LogModuleManager: Shutting down and abandoning module ProfilerClient (698)
[2022.02.11-19.01.15:728][733]LogModuleManager: Shutting down and abandoning module DeviceManager (696)
[2022.02.11-19.01.15:741][733]LogModuleManager: Shutting down and abandoning module TargetDeviceServices (695)
[2022.02.11-19.01.15:774][733]LogModuleManager: Shutting down and abandoning module AutomationController (692)
[2022.02.11-19.01.15:790][733]LogModuleManager: Shutting down and abandoning module AutomationWindow (690)
[2022.02.11-19.01.15:797][733]LogModuleManager: Shutting down and abandoning module Layers (688)
[2022.02.11-19.01.15:807][733]LogModuleManager: Shutting down and abandoning module ComponentVisualizers (686)
[2022.02.11-19.01.15:807][733]LogModuleManager: Shutting down and abandoning module DetailCustomizations (684)
[2022.02.11-19.01.15:807][733]LogModuleManager: Shutting down and abandoning module PackagesDialog (682)
[2022.02.11-19.01.15:808][733]LogModuleManager: Shutting down and abandoning module AnimationBlueprintEditor (680)
[2022.02.11-19.01.15:818][733]LogModuleManager: Shutting down and abandoning module Persona (678)
[2022.02.11-19.01.16:177][733]LogModuleManager: Shutting down and abandoning module AdvancedPreviewScene (677)
[2022.02.11-19.01.16:178][733]LogModuleManager: Shutting down and abandoning module Kismet (674)
[2022.02.11-19.01.16:478][733]LogModuleManager: Shutting down and abandoning module KismetWidgets (673)
[2022.02.11-19.01.16:478][733]LogModuleManager: Shutting down and abandoning module GraphEditor (670)
[2022.02.11-19.01.16:479][733]LogModuleManager: Shutting down and abandoning module StructViewer (668)
[2022.02.11-19.01.16:479][733]LogModuleManager: Shutting down and abandoning module ClassViewer (666)
[2022.02.11-19.01.16:481][733]LogModuleManager: Shutting down and abandoning module Toolbox (664)
[2022.02.11-19.01.16:481][733]LogModuleManager: Shutting down and abandoning module ModuleUI (662)
[2022.02.11-19.01.16:481][733]LogModuleManager: Shutting down and abandoning module OutputLog (660)
[2022.02.11-19.01.16:482][733]LogModuleManager: Shutting down and abandoning module GammaUI (658)
[2022.02.11-19.01.16:546][733]LogModuleManager: Shutting down and abandoning module Documentation (656)
[2022.02.11-19.01.16:546][733]LogModuleManager: Shutting down and abandoning module LiveCoding (654)
[2022.02.11-19.01.16:664][733]LogModuleManager: Shutting down and abandoning module LevelSequence (652)
[2022.02.11-19.01.16:665][733]LogModuleManager: Shutting down and abandoning module MovieSceneTracks (650)
[2022.02.11-19.01.16:665][733]LogModuleManager: Shutting down and abandoning module MovieScene (648)
[2022.02.11-19.01.16:989][733]LogModuleManager: Shutting down and abandoning module StreamingPauseRendering (646)
[2022.02.11-19.01.17:072][733]LogModuleManager: Shutting down and abandoning module LauncherPlatform (644)
[2022.02.11-19.01.17:072][733]LogModuleManager: Shutting down and abandoning module AnalyticsET (642)
[2022.02.11-19.01.17:072][733]LogModuleManager: Shutting down and abandoning module PortalServices (640)
[2022.02.11-19.01.17:072][733]LogModuleManager: Shutting down and abandoning module PortalRpc (638)
[2022.02.11-19.01.17:072][733]LogModuleManager: Shutting down and abandoning module MessagingRpc (636)
[2022.02.11-19.01.17:072][733]LogModuleManager: Shutting down and abandoning module AudioMixerXAudio2 (634)
[2022.02.11-19.01.17:073][733]LogModuleManager: Shutting down and abandoning module AudioMixerCore (633)
[2022.02.11-19.01.17:073][733]LogModuleManager: Shutting down and abandoning module AIModule (630)
[2022.02.11-19.01.17:102][733]LogModuleManager: Shutting down and abandoning module GameplayDebugger (629)
[2022.02.11-19.01.17:102][733]LogModuleManager: Shutting down and abandoning module AITestSuite (627)
[2022.02.11-19.01.17:220][733]LogModuleManager: Shutting down and abandoning module NavigationSystem (625)
[2022.02.11-19.01.17:220][733]LogModuleManager: Shutting down and abandoning module ImageWriteQueue (622)
[2022.02.11-19.01.17:226][733]LogModuleManager: Shutting down and abandoning module ProfilerService (620)
[2022.02.11-19.01.17:526][733]LogModuleManager: Shutting down and abandoning module TaskGraph (618)
[2022.02.11-19.01.17:631][733]LogModuleManager: Shutting down and abandoning module AudioSynesthesiaEditor (616)
[2022.02.11-19.01.17:631][733]LogModuleManager: Shutting down and abandoning module FMODStudioEditor (614)
[2022.02.11-19.01.17:643][733]LogModuleManager: Shutting down and abandoning module OculusEditor (612)
[2022.02.11-19.01.18:780][733]LogModuleManager: Shutting down and abandoning module OculusInput (610)
[2022.02.11-19.01.18:780][733]LogModuleManager: Shutting down and abandoning module ContentBrowserFileDataSource (608)
[2022.02.11-19.01.18:780][733]LogModuleManager: Shutting down and abandoning module ContentBrowserClassDataSource (606)
[2022.02.11-19.01.18:781][733]LogModuleManager: Shutting down and abandoning module ContentBrowserAssetDataSource (604)
[2022.02.11-19.01.18:781][733]LogModuleManager: Shutting down and abandoning module CollectionManager (603)
[2022.02.11-19.01.18:888][733]LogModuleManager: Shutting down and abandoning module TakeSequencer (600)
[2022.02.11-19.01.18:888][733]LogModuleManager: Shutting down and abandoning module TakeMovieScene (598)
[2022.02.11-19.01.18:888][733]LogModuleManager: Shutting down and abandoning module OodleNetworkHandlerComponent (596)
[2022.02.11-19.01.18:888][733]LogModuleManager: Shutting down and abandoning module ScreenshotTools (594)
[2022.02.11-19.01.18:888][733]LogModuleManager: Shutting down and abandoning module SynthesisEditor (592)
[2022.02.11-19.01.18:889][733]LogModuleManager: Shutting down and abandoning module Synthesis (590)
[2022.02.11-19.01.19:305][733]LogModuleManager: Shutting down and abandoning module ProceduralMeshComponentEditor (588)
[2022.02.11-19.01.19:354][733]LogModuleManager: Shutting down and abandoning module ProceduralMeshComponent (586)
[2022.02.11-19.01.19:354][733]LogModuleManager: Shutting down and abandoning module OpenXREditor (584)
[2022.02.11-19.01.19:374][733]LogModuleManager: Shutting down and abandoning module MobilePatchingUtils (582)
[2022.02.11-19.01.19:375][733]LogModuleManager: Shutting down and abandoning module GooglePAD (580)
[2022.02.11-19.01.19:375][733]LogModuleManager: Shutting down and abandoning module EditableMesh (578)
[2022.02.11-19.01.19:503][733]LogModuleManager: Shutting down and abandoning module CustomMeshComponent (576)
[2022.02.11-19.01.19:503][733]LogModuleManager: Shutting down and abandoning module CableComponent (574)
[2022.02.11-19.01.19:503][733]LogModuleManager: Shutting down and abandoning module AudioCapture (572)
[2022.02.11-19.01.19:503][733]LogModuleManager: Shutting down and abandoning module AudioCaptureRtAudio (571)
[2022.02.11-19.01.19:567][733]LogModuleManager: Shutting down and abandoning module AssetTags (568)
[2022.02.11-19.01.19:567][733]LogModuleManager: Shutting down and abandoning module ArchVisCharacter (566)
[2022.02.11-19.01.19:567][733]LogModuleManager: Shutting down and abandoning module AppleImageUtilsBlueprintSupport (564)
[2022.02.11-19.01.19:567][733]LogModuleManager: Shutting down and abandoning module AppleImageUtils (562)
[2022.02.11-19.01.19:567][733]LogModuleManager: Shutting down and abandoning module AndroidPermission (560)
[2022.02.11-19.01.19:568][733]LogModuleManager: Shutting down and abandoning module ActorLayerUtilitiesEditor (558)
[2022.02.11-19.01.19:568][733]LogModuleManager: Shutting down and abandoning module ActorLayerUtilities (556)
[2022.02.11-19.01.19:568][733]LogModuleManager: Shutting down and abandoning module TemplateSequence (554)
[2022.02.11-19.01.19:637][733]LogModuleManager: Shutting down and abandoning module MediaCompositing (552)
[2022.02.11-19.01.19:637][733]LogModuleManager: Shutting down and abandoning module ImgMedia (550)
[2022.02.11-19.01.19:638][733]LogModuleManager: Shutting down and abandoning module MagicLeapSharedWorld (548)
[2022.02.11-19.01.19:638][733]LogModuleManager: Shutting down and abandoning module MagicLeapLightEstimation (546)
[2022.02.11-19.01.19:638][733]LogModuleManager: Shutting down and abandoning module MagicLeapHelperVulkan (544)
[2022.02.11-19.01.19:638][733]LogModuleManager: Shutting down and abandoning module MagicLeapHelperOpenGL (542)
[2022.02.11-19.01.19:638][733]LogModuleManager: Shutting down and abandoning module MagicLeapAudio (540)
[2022.02.11-19.01.19:666][733]LogModuleManager: Shutting down and abandoning module OpenImageDenoise (538)
[2022.02.11-19.01.19:667][733]LogOpenImageDenoise: OIDN shutting down
[2022.02.11-19.01.19:667][733]LogModuleManager: Shutting down and abandoning module MotoSynthEditor (536)
[2022.02.11-19.01.19:667][733]LogModuleManager: Shutting down and abandoning module MotoSynth (534)
[2022.02.11-19.01.19:667][733]LogModuleManager: Shutting down and abandoning module MeshConversion (532)
[2022.02.11-19.01.19:695][733]LogModuleManager: Shutting down and abandoning module DynamicMesh (530)
[2022.02.11-19.01.19:793][733]LogModuleManager: Shutting down and abandoning module GeometryAlgorithms (528)
[2022.02.11-19.01.19:875][733]LogModuleManager: Shutting down and abandoning module GeometricObjects (526)
[2022.02.11-19.01.19:931][733]LogModuleManager: Shutting down and abandoning module GeometryCollectionTracks (524)
[2022.02.11-19.01.19:931][733]LogModuleManager: Shutting down and abandoning module GeometryCollectionSequencer (523)
[2022.02.11-19.01.19:931][733]LogModuleManager: Shutting down and abandoning module GeometryCollectionEditor (520)
[2022.02.11-19.01.19:931][733]LogModuleManager: Shutting down and abandoning module GeometryCacheTracks (518)
[2022.02.11-19.01.19:931][733]LogModuleManager: Shutting down and abandoning module GeometryCacheStreamer (516)
[2022.02.11-19.01.20:015][733]LogModuleManager: Shutting down and abandoning module GeometryCacheSequencer (514)
[2022.02.11-19.01.20:015][733]LogModuleManager: Shutting down and abandoning module ChaosSolverEditor (512)
[2022.02.11-19.01.20:015][733]LogModuleManager: Shutting down and abandoning module ChaosNiagara (510)
[2022.02.11-19.01.20:067][733]LogModuleManager: Shutting down and abandoning module FractureEditor (508)
[2022.02.11-19.01.20:180][733]LogModuleManager: Shutting down and abandoning module FieldSystemEngine (507)
[2022.02.11-19.01.20:180][733]LogModuleManager: Shutting down and abandoning module ChaosClothEditor (504)
[2022.02.11-19.01.20:180][733]LogModuleManager: Shutting down and abandoning module BackChannel (502)
[2022.02.11-19.01.20:268][733]LogModuleManager: Shutting down and abandoning module AutomationUtilsEditor (500)
[2022.02.11-19.01.20:269][733]LogModuleManager: Shutting down and abandoning module AutomationUtils (498)
[2022.02.11-19.01.20:269][733]LogModuleManager: Shutting down and abandoning module AlembicImporter (496)
[2022.02.11-19.01.20:269][733]LogModuleManager: Shutting down and abandoning module AlembicLibrary (495)
[2022.02.11-19.01.20:269][733]LogModuleManager: Shutting down and abandoning module GeometryCache (494)
[2022.02.11-19.01.20:269][733]LogModuleManager: Shutting down and abandoning module GeometryCacheEd (493)
[2022.02.11-19.01.20:269][733]LogModuleManager: Shutting down and abandoning module NiagaraEditorWidgets (488)
[2022.02.11-19.01.20:270][733]LogModuleManager: Shutting down and abandoning module VisualStudioSourceCodeAccess (486)
[2022.02.11-19.01.20:426][733]LogModuleManager: Shutting down and abandoning module VisualStudioCodeSourceCodeAccess (484)
[2022.02.11-19.01.20:427][733]LogModuleManager: Shutting down and abandoning module UObjectPlugin (482)
[2022.02.11-19.01.20:427][733]LogModuleManager: Shutting down and abandoning module SubversionSourceControl (480)
[2022.02.11-19.01.20:557][733]LogModuleManager: Shutting down and abandoning module RiderSourceCodeAccess (478)
[2022.02.11-19.01.20:557][733]LogModuleManager: Shutting down and abandoning module RiderGameControlExtension (476)
[2022.02.11-19.01.20:557][733]LogModuleManager: Shutting down and abandoning module RiderBlueprintExtension (474)
[2022.02.11-19.01.20:557][733]LogModuleManager: Shutting down and abandoning module PluginUtils (472)
[2022.02.11-19.01.20:630][733]LogModuleManager: Shutting down and abandoning module PlasticSourceControl (470)
[2022.02.11-19.01.20:645][733]LogModuleManager: Shutting down and abandoning module PerforceSourceControl (468)
[2022.02.11-19.01.20:731][733]LogModuleManager: Shutting down and abandoning module GitSourceControl (466)
[2022.02.11-19.01.20:832][733]LogModuleManager: Shutting down and abandoning module SourceControl (465)
[2022.02.11-19.01.20:930][733]LogModuleManager: Shutting down and abandoning module CLionSourceCodeAccess (462)
[2022.02.11-19.01.20:930][733]LogModuleManager: Shutting down and abandoning module AnimationSharingEd (460)
[2022.02.11-19.01.20:930][733]LogModuleManager: Shutting down and abandoning module VariantManagerContentEditor (458)
[2022.02.11-19.01.20:930][733]LogModuleManager: Shutting down and abandoning module DatasmithContentEditor (456)
[2022.02.11-19.01.20:931][733]LogModuleManager: Shutting down and abandoning module SpeedTreeImporter (454)
[2022.02.11-19.01.20:931][733]LogModuleManager: Shutting down and abandoning module PluginBrowser (452)
[2022.02.11-19.01.20:931][733]LogModuleManager: Shutting down and abandoning module MobileLauncherProfileWizard (450)
[2022.02.11-19.01.20:931][733]LogModuleManager: Shutting down and abandoning module MaterialAnalyzer (448)
[2022.02.11-19.01.20:931][733]LogModuleManager: Shutting down and abandoning module CurveEditorTools (446)
[2022.02.11-19.01.20:931][733]LogModuleManager: Shutting down and abandoning module CryptoKeysOpenSSL (444)
[2022.02.11-19.01.20:931][733]LogModuleManager: Shutting down and abandoning module CryptoKeys (442)
[2022.02.11-19.01.20:931][733]LogModuleManager: Shutting down and abandoning module LiveLinkSequencer (440)
[2022.02.11-19.01.20:932][733]LogModuleManager: Shutting down and abandoning module LiveLinkMovieScene (438)
[2022.02.11-19.01.20:932][733]LogModuleManager: Shutting down and abandoning module LiveLinkGraphNode (436)
[2022.02.11-19.01.20:932][733]LogModuleManager: Shutting down and abandoning module LiveLinkEditor (434)
[2022.02.11-19.01.20:997][733]LogModuleManager: Shutting down and abandoning module LiveLinkComponents (432)
[2022.02.11-19.01.20:997][733]LogModuleManager: Shutting down and abandoning module LiveLink (430)
[2022.02.11-19.01.21:669][733]LogModuleManager: Shutting down and abandoning module LightPropagationVolumeEditor (428)
[2022.02.11-19.01.21:669][733]LogModuleManager: Shutting down and abandoning module PaperTiledImporter (426)
[2022.02.11-19.01.21:669][733]LogModuleManager: Shutting down and abandoning module PaperSpriteSheetImporter (424)
[2022.02.11-19.01.21:669][733]LogModuleManager: Shutting down and abandoning module Paper2DEditor (422)
[2022.02.11-19.01.21:669][733]LogModuleManager: Shutting down and abandoning module MeshPaintingToolset (420)
[2022.02.11-19.01.21:670][733]LogModuleManager: Shutting down and abandoning module MeshPaintEditorMode (418)
[2022.02.11-19.01.21:670][733]LogModuleManager: Shutting down and abandoning module AnimGraph (415)
[2022.02.11-19.01.21:670][733]LogModuleManager: Shutting down and abandoning module FMODStudio (412)
[2022.02.11-19.01.21:945][733]LogModuleManager: Shutting down and abandoning module SoundFields (410)
[2022.02.11-19.01.21:946][733]LogModuleManager: Shutting down and abandoning module SignificanceManager (408)
[2022.02.11-19.01.21:946][733]LogModuleManager: Shutting down and abandoning module RuntimePhysXCooking (406)
[2022.02.11-19.01.21:946][733]LogModuleManager: Shutting down and abandoning module PropertyAccessEditor (404)
[2022.02.11-19.01.21:946][733]LogModuleManager: Shutting down and abandoning module PhysXVehiclesEditor (402)
[2022.02.11-19.01.21:946][733]LogModuleManager: Shutting down and abandoning module LocationServicesBPLibrary (398)
[2022.02.11-19.01.21:946][733]LogModuleManager: Shutting down and abandoning module AudioSynesthesia (396)
[2022.02.11-19.01.21:946][733]LogModuleManager: Shutting down and abandoning module AudioSynesthesiaCore (394)
[2022.02.11-19.01.21:946][733]LogModuleManager: Shutting down and abandoning module ActorSequence (392)
[2022.02.11-19.01.21:946][733]LogModuleManager: Shutting down and abandoning module ImgMediaEngine (390)
[2022.02.11-19.01.21:946][733]LogModuleManager: Shutting down and abandoning module UdpMessaging (388)
[2022.02.11-19.01.22:047][733]LogModuleManager: Shutting down and abandoning module TcpMessaging (386)
[2022.02.11-19.01.22:148][733]LogModuleManager: Shutting down and abandoning module MagicLeapARPin (384)
[2022.02.11-19.01.22:148][733]LogModuleManager: Shutting down and abandoning module MagicLeapHandMeshing (382)
[2022.02.11-19.01.22:148][733]LogModuleManager: Shutting down and abandoning module MagicLeapSecureStorage (380)
[2022.02.11-19.01.22:148][733]LogModuleManager: Shutting down and abandoning module MagicLeapPrivileges (378)
[2022.02.11-19.01.22:148][733]LogModuleManager: Shutting down and abandoning module MagicLeapPlanes (376)
[2022.02.11-19.01.22:148][733]LogMagicLeapPlanes: Planes tracker already destroyed.
[2022.02.11-19.01.22:148][733]LogModuleManager: Shutting down and abandoning module MagicLeapImageTracker (374)
[2022.02.11-19.01.22:148][733]LogModuleManager: Shutting down and abandoning module MagicLeapIdentity (372)
[2022.02.11-19.01.22:149][733]LogModuleManager: Shutting down and abandoning module MagicLeapHandTracking (370)
[2022.02.11-19.01.22:149][733]LogModuleManager: Shutting down and abandoning module MagicLeapEyeTracker (368)
[2022.02.11-19.01.22:149][733]LogModuleManager: Shutting down and abandoning module MagicLeapController (366)
[2022.02.11-19.01.22:149][733]LogModuleManager: Shutting down and abandoning module MagicLeapARPinImpl (364)
[2022.02.11-19.01.22:149][733]LogModuleManager: Shutting down and abandoning module MagicLeapAR (362)
[2022.02.11-19.01.22:149][733]LogModuleManager: Shutting down and abandoning module PythonScriptPlugin (360)
[2022.02.11-19.01.22:149][733]LogModuleManager: Shutting down and abandoning module NiagaraAnimNotifies (358)
[2022.02.11-19.01.22:149][733]LogModuleManager: Shutting down and abandoning module Niagara (356)
[2022.02.11-19.01.22:208][733]LogModuleManager: Shutting down and abandoning module SignalProcessing (355)
[2022.02.11-19.01.22:208][733]LogModuleManager: Shutting down and abandoning module NiagaraEditor (353)
[2022.02.11-19.01.22:236][733]LogModuleManager: Shutting down and abandoning module NiagaraCore (350)
[2022.02.11-19.01.22:236][733]LogModuleManager: Shutting down and abandoning module RiderLoggingExtension (348)
[2022.02.11-19.01.22:237][733]LogModuleManager: Shutting down and abandoning module RiderLink (346)
[2022.02.11-19.01.22:395][733]LogModuleManager: Shutting down and abandoning module RD (344)
[2022.02.11-19.01.22:396][733]LogModuleManager: Shutting down and abandoning module PropertyAccessNode (342)
[2022.02.11-19.01.22:396][733]LogModuleManager: Shutting down and abandoning module AnimationSharing (340)
[2022.02.11-19.01.22:396][733]LogModuleManager: Shutting down and abandoning module GameplayCameras (338)
[2022.02.11-19.01.22:396][733]LogModuleManager: Shutting down and abandoning module GameplayTagsEditor (336)
[2022.02.11-19.01.22:396][733]LogModuleManager: Shutting down and abandoning module FacialAnimationEditor (334)
[2022.02.11-19.01.22:396][733]LogModuleManager: Shutting down and abandoning module FacialAnimation (332)
[2022.02.11-19.01.22:396][733]LogModuleManager: Shutting down and abandoning module DataValidation (330)
[2022.02.11-19.01.22:396][733]LogModuleManager: Shutting down and abandoning module AssetManagerEditor (328)
[2022.02.11-19.01.22:397][733]LogModuleManager: Shutting down and abandoning module LevelEditor (327)
[2022.02.11-19.01.22:398][733]LogModuleManager: Shutting down and abandoning module PixelInspectorModule (326)
[2022.02.11-19.01.22:459][733]LogModuleManager: Shutting down and abandoning module CommonMenuExtensions (324)
[2022.02.11-19.01.22:459][733]LogModuleManager: Shutting down and abandoning module MainFrame (322)
[2022.02.11-19.01.22:469][733]LogModuleManager: Shutting down and abandoning module HotReload (321)
[2022.02.11-19.01.22:469][733]LogModuleManager: Shutting down and abandoning module ToolMenus (317)
[2022.02.11-19.01.22:469][733]LogModuleManager: Shutting down and abandoning module ContentBrowser (315)
[2022.02.11-19.01.22:469][733]LogModuleManager: Shutting down and abandoning module ContentBrowserData (314)
[2022.02.11-19.01.22:470][733]LogModuleManager: Shutting down and abandoning module TreeMap (311)
[2022.02.11-19.01.22:542][733]LogModuleManager: Shutting down and abandoning module EnvironmentQueryEditor (308)
[2022.02.11-19.01.22:559][733]LogModuleManager: Shutting down and abandoning module LightPropagationVolumeRuntime (306)
[2022.02.11-19.01.22:559][733]LogModuleManager: Shutting down and abandoning module Paper2D (304)
[2022.02.11-19.01.22:566][733]LogModuleManager: Shutting down and abandoning module WindowsMoviePlayer (302)
[2022.02.11-19.01.22:575][733]LogModuleManager: Shutting down and abandoning module WebMMoviePlayer (300)
[2022.02.11-19.01.22:577][733]LogModuleManager: Shutting down and abandoning module NetworkReplayStreaming (298)
[2022.02.11-19.01.22:577][733]LogModuleManager: Shutting down and abandoning module PacketHandler (296)
[2022.02.11-19.01.22:577][733]LogModuleManager: Shutting down and abandoning module ClothingSystemEditor (294)
[2022.02.11-19.01.22:577][733]LogModuleManager: Shutting down and abandoning module ClothingSystemRuntimeNv (292)
[2022.02.11-19.01.22:595][733]LogModuleManager: Shutting down and abandoning module MediaAssets (290)
[2022.02.11-19.01.22:595][733]LogModuleManager: Shutting down and abandoning module Overlay (288)
[2022.02.11-19.01.22:595][733]LogModuleManager: Shutting down and abandoning module OverlayEditor (287)
[2022.02.11-19.01.22:596][733]LogModuleManager: Shutting down and abandoning module VREditor (284)
[2022.02.11-19.01.22:613][733]LogModuleManager: Shutting down and abandoning module StringTableEditor (282)
[2022.02.11-19.01.22:764][733]LogModuleManager: Shutting down and abandoning module GameplayTasksEditor (280)
[2022.02.11-19.01.22:764][733]LogModuleManager: Shutting down and abandoning module BehaviorTreeEditor (278)
[2022.02.11-19.01.22:833][733]LogModuleManager: Shutting down and abandoning module FunctionalTesting (276)
[2022.02.11-19.01.22:847][733]LogModuleManager: Shutting down and abandoning module CollisionAnalyzer (274)
[2022.02.11-19.01.22:862][733]LogModuleManager: Shutting down and abandoning module WorkspaceMenuStructure (273)
[2022.02.11-19.01.22:862][733]LogModuleManager: Shutting down and abandoning module UMG (270)
[2022.02.11-19.01.22:874][733]LogModuleManager: Shutting down and abandoning module UMGEditor (269)
[2022.02.11-19.01.22:891][733]LogModuleManager: Shutting down and abandoning module MessageLog (267)
[2022.02.11-19.01.22:891][733]LogModuleManager: Shutting down and abandoning module SlateReflector (262)
[2022.02.11-19.01.22:945][733]LogModuleManager: Shutting down and abandoning module Slate (260)
[2022.02.11-19.01.22:946][733]LogModuleManager: Shutting down and abandoning module SlateCore (258)
[2022.02.11-19.01.22:946][733]LogModuleManager: Shutting down and abandoning module LandscapeEditorUtilities (256)
[2022.02.11-19.01.22:947][733]LogModuleManager: Shutting down and abandoning module UnrealEd (254)
[2022.02.11-19.01.22:981][733]LogModuleManager: Shutting down and abandoning module MRMesh (252)
[2022.02.11-19.01.22:981][733]LogModuleManager: Shutting down and abandoning module SourceCodeAccess (250)
[2022.02.11-19.01.22:981][733]LogModuleManager: Shutting down and abandoning module HeadMountedDisplay (248)
[2022.02.11-19.01.22:981][733]LogModuleManager: Shutting down and abandoning module XAudio2 (246)
[2022.02.11-19.01.23:113][733]LogModuleManager: Shutting down and abandoning module Networking (244)
[2022.02.11-19.01.23:114][733]LogModuleManager: Shutting down and abandoning module Core (242)
[2022.02.11-19.01.23:114][733]LogModuleManager: Shutting down and abandoning module MaterialEditor (240)
[2022.02.11-19.01.23:199][733]LogModuleManager: Shutting down and abandoning module MovieSceneTools (238)
[2022.02.11-19.01.23:224][733]LogModuleManager: Shutting down and abandoning module CurveEditor (237)
[2022.02.11-19.01.23:236][733]LogModuleManager: Shutting down and abandoning module Sequencer (235)
[2022.02.11-19.01.23:332][733]LogModuleManager: Shutting down and abandoning module EditorStyle (234)
[2022.02.11-19.01.23:334][733]LogModuleManager: Shutting down and abandoning module KismetCompiler (230)
[2022.02.11-19.01.23:334][733]LogModuleManager: Shutting down and abandoning module MeshBuilder (228)
[2022.02.11-19.01.23:422][733]LogModuleManager: Shutting down and abandoning module MeshUtilities (226)
[2022.02.11-19.01.23:511][733]LogModuleManager: Shutting down and abandoning module MeshMergeUtilities (225)
[2022.02.11-19.01.23:512][733]LogModuleManager: Shutting down and abandoning module MeshReductionInterface (224)
[2022.02.11-19.01.23:512][733]LogModuleManager: Shutting down and abandoning module MeshBoneReduction (223)
[2022.02.11-19.01.23:513][733]LogModuleManager: Shutting down and abandoning module SkeletalMeshReduction (221)
[2022.02.11-19.01.23:543][733]LogModuleManager: Shutting down and abandoning module ProxyLODMeshReduction (219)
[2022.02.11-19.01.23:601][733]LogModuleManager: Shutting down and abandoning module QuadricMeshReduction (217)
[2022.02.11-19.01.23:754][733]LogModuleManager: Shutting down and abandoning module MaterialBaking (213)
[2022.02.11-19.01.23:829][733]LogModuleManager: Shutting down and abandoning module NullInstallBundleManager (208)
[2022.02.11-19.01.23:829][733]LogModuleManager: Shutting down and abandoning module DerivedDataCache (206)
[2022.02.11-19.01.23:832][733]LogModuleManager: Shutting down and abandoning module TargetPlatform (204)
[2022.02.11-19.01.23:838][733]LogModuleManager: Shutting down and abandoning module VulkanShaderFormat (203)
[2022.02.11-19.01.23:885][733]LogModuleManager: Shutting down and abandoning module ShaderFormatVectorVM (201)
[2022.02.11-19.01.23:903][733]LogModuleManager: Shutting down and abandoning module ShaderFormatOpenGL (199)
[2022.02.11-19.01.23:912][733]LogModuleManager: Shutting down and abandoning module ShaderFormatD3D (197)
[2022.02.11-19.01.23:918][733]LogModuleManager: Shutting down and abandoning module MetalShaderFormat (195)
[2022.02.11-19.01.23:922][733]LogModuleManager: Shutting down and abandoning module TextureFormatOodle (193)
[2022.02.11-19.01.23:937][733]LogModuleManager: Shutting down and abandoning module TextureFormatUncompressed (191)
[2022.02.11-19.01.23:937][733]LogModuleManager: Shutting down and abandoning module TextureFormatPVR (189)
[2022.02.11-19.01.23:937][733]LogModuleManager: Shutting down and abandoning module TextureFormatETC2 (187)
[2022.02.11-19.01.23:937][733]LogModuleManager: Shutting down and abandoning module TextureFormatDXT (185)
[2022.02.11-19.01.23:950][733]LogModuleManager: Shutting down and abandoning module TextureFormatIntelISPCTexComp (183)
[2022.02.11-19.01.24:006][733]LogModuleManager: Shutting down and abandoning module TextureFormatASTC (181)
[2022.02.11-19.01.24:006][733]LogModuleManager: Shutting down and abandoning module ImageWrapper (180)
[2022.02.11-19.01.24:006][733]LogModuleManager: Shutting down and abandoning module AudioFormatOpus (177)
[2022.02.11-19.01.24:006][733]LogModuleManager: Shutting down and abandoning module AudioFormatOgg (175)
[2022.02.11-19.01.24:006][733]LogModuleManager: Shutting down and abandoning module AudioFormatADPCM (173)
[2022.02.11-19.01.24:022][733]LogModuleManager: Shutting down and abandoning module WindowsServerTargetPlatform (171)
[2022.02.11-19.01.24:022][733]LogModuleManager: Shutting down and abandoning module WindowsClientTargetPlatform (169)
[2022.02.11-19.01.24:022][733]LogModuleManager: Shutting down and abandoning module WindowsTargetPlatform (167)
[2022.02.11-19.01.24:022][733]LogModuleManager: Shutting down and abandoning module WindowsNoEditorTargetPlatform (165)
[2022.02.11-19.01.24:022][733]LogModuleManager: Shutting down and abandoning module TVOSTargetPlatform (163)
[2022.02.11-19.01.24:032][733]LogModuleManager: Shutting down and abandoning module MacServerTargetPlatform (161)
[2022.02.11-19.01.24:032][733]LogModuleManager: Shutting down and abandoning module MacClientTargetPlatform (159)
[2022.02.11-19.01.24:032][733]LogModuleManager: Shutting down and abandoning module MacTargetPlatform (157)
[2022.02.11-19.01.24:033][733]LogModuleManager: Shutting down and abandoning module MacNoEditorTargetPlatform (155)
[2022.02.11-19.01.24:033][733]LogModuleManager: Shutting down and abandoning module LuminTargetPlatform (153)
[2022.02.11-19.01.24:043][733]LogModuleManager: Shutting down and abandoning module LinuxAArch64ServerTargetPlatform (151)
[2022.02.11-19.01.24:043][733]LogModuleManager: Shutting down and abandoning module LinuxAArch64ClientTargetPlatform (149)
[2022.02.11-19.01.24:044][733]LogModuleManager: Shutting down and abandoning module LinuxAArch64NoEditorTargetPlatform (147)
[2022.02.11-19.01.24:044][733]LogModuleManager: Shutting down and abandoning module LinuxServerTargetPlatform (145)
[2022.02.11-19.01.24:044][733]LogModuleManager: Shutting down and abandoning module LinuxClientTargetPlatform (143)
[2022.02.11-19.01.24:044][733]LogModuleManager: Shutting down and abandoning module LinuxNoEditorTargetPlatform (141)
[2022.02.11-19.01.24:044][733]LogModuleManager: Shutting down and abandoning module LinuxTargetPlatform (139)
[2022.02.11-19.01.24:044][733]LogModuleManager: Shutting down and abandoning module Messaging (137)
[2022.02.11-19.01.24:044][733]LogModuleManager: Shutting down and abandoning module IOSTargetPlatform (135)
[2022.02.11-19.01.24:050][733]LogModuleManager: Shutting down and abandoning module AndroidTargetPlatform (133)
[2022.02.11-19.01.24:069][733]LogModuleManager: Shutting down and abandoning module AllDesktopTargetPlatform (131)
[2022.02.11-19.01.24:070][733]LogModuleManager: Shutting down and abandoning module D3D11RHI (128)
[2022.02.11-19.01.24:070][733]LogModuleManager: Shutting down and abandoning module InputCore (126)
[2022.02.11-19.01.24:070][733]LogModuleManager: Shutting down and abandoning module Settings (124)
[2022.02.11-19.01.24:070][733]LogModuleManager: Shutting down and abandoning module DirectoryWatcher (122)
[2022.02.11-19.01.24:070][733]LogModuleManager: Shutting down and abandoning module PhysXCooking (120)
[2022.02.11-19.01.24:071][733]LogModuleManager: Shutting down and abandoning module Chaos (118)
[2022.02.11-19.01.24:099][733]LogModuleManager: Shutting down and abandoning module WindowsPlatformFeatures (116)
[2022.02.11-19.01.24:131][733]LogModuleManager: Shutting down and abandoning module GameplayMediaEncoder (115)
[2022.02.11-19.01.24:166][733]LogModuleManager: Shutting down and abandoning module AVEncoder (114)
[2022.02.11-19.01.24:192][733]LogModuleManager: Shutting down and abandoning module OculusHMD (110)
[2022.02.11-19.01.24:221][733]LogModuleManager: Shutting down and abandoning module LauncherChunkInstaller (108)
[2022.02.11-19.01.24:221][733]LogModuleManager: Shutting down and abandoning module OpenXRAR (106)
[2022.02.11-19.01.24:281][733]LogModuleManager: Shutting down and abandoning module AugmentedReality (105)
[2022.02.11-19.01.24:281][733]LogModuleManager: Shutting down and abandoning module OpenXRHandTracking (102)
[2022.02.11-19.01.24:286][733]LogSlate: Slate User Destroyed.  User Index 0, Is Virtual User: 0
[2022.02.11-19.01.24:286][733]LogModuleManager: Shutting down and abandoning module OpenXRHMD (101)
[2022.02.11-19.01.24:357][733]LogModuleManager: Shutting down and abandoning module OpenXREyeTracker (98)
[2022.02.11-19.01.24:357][733]LogModuleManager: Shutting down and abandoning module ExampleDeviceProfileSelector (96)
[2022.02.11-19.01.24:357][733]LogModuleManager: Shutting down and abandoning module ChunkDownloader (94)
[2022.02.11-19.01.24:373][733]LogModuleManager: Shutting down and abandoning module OnlineBlueprintSupport (92)
[2022.02.11-19.01.24:373][733]LogModuleManager: Shutting down and abandoning module OnlineSubsystem (88)
[2022.02.11-19.01.24:398][733]LogModuleManager: Shutting down and abandoning module XMPP (83)
[2022.02.11-19.01.24:449][733]LogModuleManager: Shutting down and abandoning module WebSockets (82)
[2022.02.11-19.01.24:633][733]LogModuleManager: Shutting down and abandoning module HTTP (79)
[2022.02.11-19.01.24:633][733]LogHttp: Display: Http module shutting down, but needs to wait on 1 outstanding Http requests:
[2022.02.11-19.01.24:642][733]LogHttp: Display: 	verb=[POST] url=[https://datarouter.ol.epicgames.com/datarouter/api/v1/public/data?SessionID=%7B1DFBD7C2-408B-8C9C-0198-40A27DE7159E%7D&AppID=UEEditor.Rocket.Release&AppVersion=4.27.1-17735300%2B%2B%2BUE4%2BRelease-4.27&UserID=7537760e4a3697b92dac51b41497bd4a%7Cc023a9fe96ea4b0aadb1ced56addf0fa%7C83f8b501-672d-4f4d-991b-8fa3a727c30e&AppEnvironment=datacollector-binary&UploadType=eteventstream] refs=[1] status=Processing
[2022.02.11-19.01.24:643][733]LogHttp: Display: cleaning up 1 outstanding Http requests.
[2022.02.11-19.01.24:646][733]LogModuleManager: Shutting down and abandoning module SSL (78)
[2022.02.11-19.01.24:648][733]LogModuleManager: Shutting down and abandoning module WmfMedia (74)
[2022.02.11-19.01.24:696][733]LogModuleManager: Shutting down and abandoning module Media (73)
[2022.02.11-19.01.24:698][733]LogModuleManager: Shutting down and abandoning module MediaInfo (72)
[2022.02.11-19.01.24:698][733]LogModuleManager: Shutting down and abandoning module ExrReaderGpu (68)
[2022.02.11-19.01.24:719][733]LogModuleManager: Shutting down and abandoning module MLSDK (66)
[2022.02.11-19.01.24:740][733]LogModuleManager: Shutting down and abandoning module MagicLeap (64)
[2022.02.11-19.01.24:740][733]LogModuleManager: Shutting down and abandoning module ChaosCloth (62)
[2022.02.11-19.01.24:752][733]LogModuleManager: Shutting down and abandoning module NiagaraVertexFactories (60)
[2022.02.11-19.01.24:753][733]LogModuleManager: Shutting down and abandoning module NiagaraShader (58)
[2022.02.11-19.01.24:753][733]LogModuleManager: Shutting down and abandoning module PixWinPlugin (56)
[2022.02.11-19.01.24:788][733]LogModuleManager: Shutting down and abandoning module VariantManagerContent (54)
[2022.02.11-19.01.24:788][733]LogModuleManager: Shutting down and abandoning module DatasmithContent (52)
[2022.02.11-19.01.24:789][733]LogModuleManager: Shutting down and abandoning module AISupportModule (50)
[2022.02.11-19.01.24:789][733]LogModuleManager: Shutting down and abandoning module DesktopPlatform (48)
[2022.02.11-19.01.24:789][733]LogModuleManager: Shutting down and abandoning module OodleDataCompressionFormat (46)
[2022.02.11-19.01.24:845][733]LogModuleManager: Shutting down and abandoning module PythonScriptPluginPreload (44)
[2022.02.11-19.01.24:846][733]LogModuleManager: Shutting down and abandoning module PlatformCryptoOpenSSL (42)
[2022.02.11-19.01.24:864][733]LogModuleManager: Shutting down and abandoning module PlatformCryptoTypes (40)
[2022.02.11-19.01.24:865][733]LogModuleManager: Shutting down and abandoning module PlatformCrypto (38)
[2022.02.11-19.01.24:865][733]LogModuleManager: Shutting down and abandoning module XGEController (36)
[2022.02.11-19.01.24:915][733]LogXGEController: Cleaning working directory: C:/Users/diasa/AppData/Local/Temp/UnrealXGEWorkingDir/
[2022.02.11-19.01.24:915][733]LogModuleManager: Shutting down and abandoning module AnimationModifiers (34)
[2022.02.11-19.01.24:942][733]LogModuleManager: Shutting down and abandoning module AudioEditor (32)
[2022.02.11-19.01.24:983][733]LogModuleManager: Shutting down and abandoning module PropertyEditor (31)
[2022.02.11-19.01.25:006][733]LogModuleManager: Shutting down and abandoning module TextureCompressor (28)
[2022.02.11-19.01.25:032][733]LogModuleManager: Shutting down and abandoning module RenderCore (26)
[2022.02.11-19.01.25:032][733]LogModuleManager: Shutting down and abandoning module Landscape (24)
[2022.02.11-19.01.25:032][733]LogModuleManager: Shutting down and abandoning module SlateRHIRenderer (22)
[2022.02.11-19.01.25:107][733]LogModuleManager: Shutting down and abandoning module AnimGraphRuntime (20)
[2022.02.11-19.01.25:183][733]LogModuleManager: Shutting down and abandoning module Renderer (18)
[2022.02.11-19.01.25:210][733]LogModuleManager: Shutting down and abandoning module Engine (16)
[2022.02.11-19.01.25:235][733]LogModuleManager: Shutting down and abandoning module CoreUObject (14)
[2022.02.11-19.01.25:236][733]LogModuleManager: Shutting down and abandoning module NetworkFile (12)
[2022.02.11-19.01.25:265][733]LogModuleManager: Shutting down and abandoning module CookedIterativeFile (10)
[2022.02.11-19.01.25:266][733]LogModuleManager: Shutting down and abandoning module StreamingFile (8)
[2022.02.11-19.01.25:285][733]LogModuleManager: Shutting down and abandoning module SandboxFile (6)
[2022.02.11-19.01.25:319][733]LogModuleManager: Shutting down and abandoning module PakFile (4)
[2022.02.11-19.01.25:319][733]LogModuleManager: Shutting down and abandoning module RSA (3)
[2022.02.11-19.01.25:319][733]LogContentStreaming: Display: There are 1 unreleased StreamingManagers
[2022.02.11-19.01.25:367][733]LogD3D11RHI: Shutdown
[2022.02.11-19.01.25:367][733]LogD3D11RHI: CleanupD3DDevice
[2022.02.11-19.01.25:569][733]LogExit: Exiting.
[2022.02.11-19.01.25:591][733]Log file closed, 02/11/22 20:01:25
