Log file open, 02/11/22 16:44:35
LogWindows: Failed to load 'aqProf.dll' (GetLastError=126)
LogWindows: File 'aqProf.dll' does not exist
LogWindows: Failed to load 'VtuneApi.dll' (GetLastError=126)
LogWindows: File 'VtuneApi.dll' does not exist
LogWindows: Failed to load 'VtuneApi32e.dll' (GetLastError=126)
LogWindows: File 'VtuneApi32e.dll' does not exist
LogConsoleResponse: Display: Failed to find resolution value strings in scalability ini. Falling back to default.
LogConsoleResponse: Display: Failed to find resolution value strings in scalability ini. Falling back to default.
LogInit: Display: Running engine for game: FastArenaShooter
LogPlatformFile: Not using cached read wrapper
LogTaskGraph: Started task graph with 5 named threads and 35 total threads with 3 sets of task threads.
LogStats: Stats thread started at 0.252406
LogICUInternationalization: ICU TimeZone Detection - Raw Offset: +1:00, Platform Override: ''
LogInit: Display: Loading text-based GConfig....
LogPluginManager: Mounting plugin FMODStudio
LogPluginManager: Mounting plugin MeshPainting
LogPluginManager: Mounting plugin XGEController
LogPluginManager: Mounting plugin Paper2D
LogPluginManager: Mounting plugin LiveLink
LogPluginManager: Mounting plugin AISupport
LogPluginManager: Mounting plugin LightPropagationVolume
LogPluginManager: Mounting plugin EnvironmentQueryEditor
LogPluginManager: Mounting plugin CameraShakePreviewer
LogPluginManager: Mounting plugin GameplayCameras
LogPluginManager: Mounting plugin AnimationSharing
LogPluginManager: Mounting plugin CodeLiteSourceCodeAccess
LogPluginManager: Mounting plugin CLionSourceCodeAccess
LogPluginManager: Mounting plugin GitSourceControl
LogPluginManager: Mounting plugin KDevelopSourceCodeAccess
LogPluginManager: Mounting plugin NullSourceCodeAccess
LogPluginManager: Mounting plugin PixWinPlugin
LogPluginManager: Mounting plugin PerforceSourceControl
LogPluginManager: Mounting plugin PlasticSourceControl
LogPluginManager: Mounting plugin PluginUtils
LogPluginManager: Mounting plugin PropertyAccessNode
LogPluginManager: Mounting plugin RiderLink
LogPluginManager: Mounting plugin OodleData
LogPluginManager: Mounting plugin OodleNetwork
LogPluginManager: Mounting plugin RiderSourceCodeAccess
LogPluginManager: Mounting plugin SubversionSourceControl
LogPluginManager: Mounting plugin AssetManagerEditor
LogPluginManager: Mounting plugin TextureFormatOodle
LogPluginManager: Mounting plugin VisualStudioCodeSourceCodeAccess
LogPluginManager: Mounting plugin UObjectPlugin
LogPluginManager: Mounting plugin VisualStudioSourceCodeAccess
LogPluginManager: Mounting plugin XCodeSourceCodeAccess
LogPluginManager: Mounting plugin CryptoKeys
LogPluginManager: Mounting plugin CurveEditorTools
LogPluginManager: Mounting plugin DataValidation
LogPluginManager: Mounting plugin DatasmithContent
LogPluginManager: Mounting plugin FacialAnimation
LogPluginManager: Mounting plugin GameplayTagsEditor
LogPluginManager: Mounting plugin GeometryMode
LogPluginManager: Mounting plugin MacGraphicsSwitching
LogPluginManager: Mounting plugin MobileLauncherProfileWizard
LogPluginManager: Mounting plugin SpeedTreeImporter
LogPluginManager: Mounting plugin PluginBrowser
LogPluginManager: Mounting plugin MaterialAnalyzer
LogPluginManager: Mounting plugin VariantManagerContent
LogPluginManager: Mounting plugin AlembicImporter
LogPluginManager: Mounting plugin AutomationUtils
LogPluginManager: Mounting plugin BackChannel
LogPluginManager: Mounting plugin ChaosCloth
LogPluginManager: Mounting plugin ChaosClothEditor
LogPluginManager: Mounting plugin ChaosEditor
LogPluginManager: Mounting plugin ChaosNiagara
LogPluginManager: Mounting plugin ChaosSolverPlugin
LogPluginManager: Mounting plugin CharacterAI
LogPluginManager: Mounting plugin GeometryCache
LogPluginManager: Mounting plugin GeometryCollectionPlugin
LogPluginManager: Mounting plugin GeometryProcessing
LogPluginManager: Mounting plugin OpenImageDenoise
LogPluginManager: Mounting plugin MotoSynth
LogPluginManager: Mounting plugin PlanarCut
LogPluginManager: Mounting plugin PlatformCrypto
LogPluginManager: Mounting plugin ProxyLODPlugin
LogPluginManager: Mounting plugin PythonScriptPlugin
LogPluginManager: Mounting plugin SkeletalReduction
LogPluginManager: Mounting plugin Niagara
LogPluginManager: Mounting plugin LuminPlatformFeatures
LogPluginManager: Mounting plugin MagicLeap
LogPluginManager: Mounting plugin MagicLeapLightEstimation
LogPluginManager: Mounting plugin MagicLeapMedia
LogPluginManager: Mounting plugin MagicLeapPassableWorld
LogPluginManager: Mounting plugin MLSDK
LogPluginManager: Mounting plugin AndroidMedia
LogPluginManager: Mounting plugin AvfMedia
LogPluginManager: Mounting plugin ImgMedia
LogPluginManager: Mounting plugin MediaCompositing
LogPluginManager: Mounting plugin MediaPlayerEditor
LogPluginManager: Mounting plugin WebMMedia
LogPluginManager: Mounting plugin WmfMedia
LogPluginManager: Mounting plugin TcpMessaging
LogPluginManager: Mounting plugin UdpMessaging
LogPluginManager: Mounting plugin ActorSequence
LogPluginManager: Mounting plugin LevelSequenceEditor
LogPluginManager: Mounting plugin MatineeToLevelSequence
LogPluginManager: Mounting plugin TemplateSequence
LogPluginManager: Mounting plugin OnlineSubsystem
LogPluginManager: Mounting plugin OnlineSubsystemNull
LogPluginManager: Mounting plugin LauncherChunkInstaller
LogPluginManager: Mounting plugin OnlineSubsystemUtils
LogPluginManager: Mounting plugin ActorLayerUtilities
LogPluginManager: Mounting plugin AndroidMoviePlayer
LogPluginManager: Mounting plugin AndroidDeviceProfileSelector
LogPluginManager: Mounting plugin AndroidPermission
LogPluginManager: Mounting plugin AppleImageUtils
LogPluginManager: Mounting plugin AppleMoviePlayer
LogPluginManager: Mounting plugin ArchVisCharacter
LogPluginManager: Mounting plugin AssetTags
LogPluginManager: Mounting plugin AudioCapture
LogPluginManager: Mounting plugin AudioSynesthesia
LogPluginManager: Mounting plugin ChunkDownloader
LogPluginManager: Mounting plugin CableComponent
LogPluginManager: Mounting plugin CustomMeshComponent
LogPluginManager: Mounting plugin EditableMesh
LogPluginManager: Mounting plugin ExampleDeviceProfileSelector
LogPluginManager: Mounting plugin GoogleCloudMessaging
LogPluginManager: Mounting plugin GooglePAD
LogPluginManager: Mounting plugin IOSDeviceProfileSelector
LogPluginManager: Mounting plugin LinuxDeviceProfileSelector
LogPluginManager: Mounting plugin LocationServicesBPLibrary
LogPluginManager: Mounting plugin MobilePatchingUtils
LogPluginManager: Mounting plugin OpenXR
LogPluginManager: Mounting plugin OpenXRHandTracking
LogPluginManager: Mounting plugin OpenXREyeTracker
LogPluginManager: Mounting plugin PhysXVehicles
LogPluginManager: Mounting plugin ScreenshotTools
LogPluginManager: Mounting plugin PostSplashScreen
LogPluginManager: Mounting plugin ProceduralMeshComponent
LogPluginManager: Mounting plugin PropertyAccessEditor
LogPluginManager: Mounting plugin SignificanceManager
LogPluginManager: Mounting plugin RuntimePhysXCooking
LogPluginManager: Mounting plugin SoundFields
LogPluginManager: Mounting plugin Synthesis
LogPluginManager: Mounting plugin WebMMoviePlayer
LogPluginManager: Mounting plugin WindowsMoviePlayer
LogPluginManager: Mounting plugin Takes
LogPluginManager: Mounting plugin ContentBrowserAssetDataSource
LogPluginManager: Mounting plugin ContentBrowserClassDataSource
LogPluginManager: Mounting plugin ContentBrowserFileDataSource
LogPluginManager: Mounting plugin OnlineSubsystemGooglePlay
LogPluginManager: Mounting plugin OnlineSubsystemIOS
LogPluginManager: Mounting plugin OculusVR
PixWinPlugin: PIX capture plugin failed to initialize! Check that the process is launched from PIX.
LogInit: Using libcurl 7.55.1-DEV
LogInit:  - built for x86_64-pc-win32
LogInit:  - supports SSL with OpenSSL/1.1.1
LogInit:  - supports HTTP deflate (compression) using libz 1.2.8
LogInit:  - other features:
LogInit:      CURL_VERSION_SSL
LogInit:      CURL_VERSION_LIBZ
LogInit:      CURL_VERSION_IPV6
LogInit:      CURL_VERSION_ASYNCHDNS
LogInit:      CURL_VERSION_LARGEFILE
LogInit:      CURL_VERSION_IDN
LogInit:  CurlRequestOptions (configurable via config and command line):
LogInit:  - bVerifyPeer = true  - Libcurl will verify peer certificate
LogInit:  - bUseHttpProxy = false  - Libcurl will NOT use HTTP proxy
LogInit:  - bDontReuseConnections = false  - Libcurl will reuse connections
LogInit:  - MaxHostConnections = 16  - Libcurl will limit the number of connections to a host
LogInit:  - LocalHostAddr = Default
LogInit:  - BufferSize = 65536
LogOnline: OSS: Creating online subsystem instance for: NULL
LogInit: WinSock: version 1.1 (2.2), MaxSocks=32767, MaxUdp=65467
LogOnline: OSS: TryLoadSubsystemAndSetDefault: Loaded subsystem for module [NULL]
LogOculusPluginWrapper: OculusPlugin initialized successfully
LogHMD: Failed initializing OVRPlugin 1.59.0
LogInit: Build: ++UE4+Release-4.27-CL-17735300
LogInit: Engine Version: 4.27.1-17735300+++UE4+Release-4.27
LogInit: Compatible Engine Version: 4.27.0-17155196+++UE4+Release-4.27
LogInit: Net CL: 17155196
LogInit: OS: Windows 10 (Release 2009) (), CPU: Intel(R) Core(TM) i7-8750H CPU @ 2.20GHz, GPU: Intel(R) UHD Graphics 630
LogInit: Compiled (64-bit): Oct  6 2021 14:42:51
LogInit: Compiled with Visual C++: 19.24.28315.00
LogInit: Build Configuration: Development
LogInit: Branch Name: ++UE4+Release-4.27
LogInit: Command Line: 
LogInit: Base Directory: D:/UnrealEnginee/UE_4.27/Engine/Binaries/Win64/
LogInit: Allocator: TBB
LogInit: Installed Engine Build: 1
LogDevObjectVersion: Number of dev versions registered: 29
LogDevObjectVersion:   Dev-Blueprints (B0D832E4-1F89-4F0D-ACCF-7EB736FD4AA2): 10
LogDevObjectVersion:   Dev-Build (E1C64328-A22C-4D53-A36C-8E866417BD8C): 0
LogDevObjectVersion:   Dev-Core (375EC13C-06E4-48FB-B500-84F0262A717E): 4
LogDevObjectVersion:   Dev-Editor (E4B068ED-F494-42E9-A231-DA0B2E46BB41): 40
LogDevObjectVersion:   Dev-Framework (CFFC743F-43B0-4480-9391-14DF171D2073): 37
LogDevObjectVersion:   Dev-Mobile (B02B49B5-BB20-44E9-A304-32B752E40360): 3
LogDevObjectVersion:   Dev-Networking (A4E4105C-59A1-49B5-A7C5-40C4547EDFEE): 0
LogDevObjectVersion:   Dev-Online (39C831C9-5AE6-47DC-9A44-9C173E1C8E7C): 0
LogDevObjectVersion:   Dev-Physics (78F01B33-EBEA-4F98-B9B4-84EACCB95AA2): 14
LogDevObjectVersion:   Dev-Platform (6631380F-2D4D-43E0-8009-CF276956A95A): 0
LogDevObjectVersion:   Dev-Rendering (12F88B9F-8875-4AFC-A67C-D90C383ABD29): 45
LogDevObjectVersion:   Dev-Sequencer (7B5AE74C-D270-4C10-A958-57980B212A5A): 13
LogDevObjectVersion:   Dev-VR (D7296918-1DD6-4BDD-9DE2-64A83CC13884): 3
LogDevObjectVersion:   Dev-LoadTimes (C2A15278-BFE7-4AFE-6C17-90FF531DF755): 1
LogDevObjectVersion:   Private-Geometry (6EACA3D4-40EC-4CC1-B786-8BED09428FC5): 3
LogDevObjectVersion:   Dev-AnimPhys (29E575DD-E0A3-4627-9D10-D276232CDCEA): 17
LogDevObjectVersion:   Dev-Anim (AF43A65D-7FD3-4947-9873-3E8ED9C1BB05): 15
LogDevObjectVersion:   Dev-ReflectionCapture (6B266CEC-1EC7-4B8F-A30B-E4D90942FC07): 1
LogDevObjectVersion:   Dev-Automation (0DF73D61-A23F-47EA-B727-89E90C41499A): 1
LogDevObjectVersion:   FortniteMain (601D1886-AC64-4F84-AA16-D3DE0DEAC7D6): 47
LogDevObjectVersion:   FortniteRelease (E7086368-6B23-4C58-8439-1B7016265E91): 1
LogDevObjectVersion:   Dev-Enterprise (9DFFBCD6-494F-0158-E221-12823C92A888): 10
LogDevObjectVersion:   Dev-Niagara (F2AED0AC-9AFE-416F-8664-AA7FFA26D6FC): 1
LogDevObjectVersion:   Dev-Destruction (174F1F0B-B4C6-45A5-B13F-2EE8D0FB917D): 10
LogDevObjectVersion:   Dev-Physics-Ext (35F94A83-E258-406C-A318-09F59610247C): 41
LogDevObjectVersion:   Dev-PhysicsMaterial-Chaos (B68FC16E-8B1B-42E2-B453-215C058844FE): 1
LogDevObjectVersion:   Dev-CineCamera (B2E18506-4273-CFC2-A54E-F4BB758BBA07): 1
LogDevObjectVersion:   Dev-VirtualProduction (64F58936-FD1B-42BA-BA96-7289D5D0FA4E): 1
LogDevObjectVersion:   Dev-MediaFramework (6F0ED827-A609-4895-9C91-998D90180EA4): 2
LogInit: Presizing for max 25165824 objects, including 0 objects not considered by GC, pre-allocating 0 bytes for permanent pool.
LogConfig: Applying CVar settings from Section [/Script/Engine.StreamingSettings] File [D:/Ican/Cour ican/ICAN Mastere 1 GP/Projet_FastArenaShooter/Projet_FastArenaShooter_Trimestre2/FastArenaShooter/Saved/Config/Windows/Engine.ini]
LogConfig: Setting CVar [[s.MinBulkDataSizeForAsyncLoading:131072]]
LogConfig: Setting CVar [[s.AsyncLoadingThreadEnabled:0]]
LogConfig: Setting CVar [[s.EventDrivenLoaderEnabled:1]]
LogConfig: Setting CVar [[s.WarnIfTimeLimitExceeded:0]]
LogConfig: Setting CVar [[s.TimeLimitExceededMultiplier:1.5]]
LogConfig: Setting CVar [[s.TimeLimitExceededMinTime:0.005]]
LogConfig: Setting CVar [[s.UseBackgroundLevelStreaming:1]]
LogConfig: Setting CVar [[s.PriorityAsyncLoadingExtraTime:15.0]]
LogConfig: Setting CVar [[s.LevelStreamingActorsUpdateTimeLimit:5.0]]
LogConfig: Setting CVar [[s.PriorityLevelStreamingActorsUpdateExtraTime:5.0]]
LogConfig: Setting CVar [[s.LevelStreamingComponentsRegistrationGranularity:10]]
LogConfig: Setting CVar [[s.UnregisterComponentsTimeLimit:1.0]]
LogConfig: Setting CVar [[s.LevelStreamingComponentsUnregistrationGranularity:5]]
LogConfig: Setting CVar [[s.FlushStreamingOnExit:1]]
LogInit: Object subsystem initialized
LogConfig: Setting CVar [[con.DebugEarlyDefault:1]]
LogConfig: Setting CVar [[r.setres:1280x720]]
[2022.02.11-15.44.36:013][  0]LogConfig: Setting CVar [[r.VSync:0]]
[2022.02.11-15.44.36:013][  0]LogConfig: Setting CVar [[r.RHICmdBypass:0]]
[2022.02.11-15.44.36:013][  0]LogConfig: Applying CVar settings from Section [/Script/Engine.RendererSettings] File [D:/Ican/Cour ican/ICAN Mastere 1 GP/Projet_FastArenaShooter/Projet_FastArenaShooter_Trimestre2/FastArenaShooter/Saved/Config/Windows/Engine.ini]
[2022.02.11-15.44.36:013][  0]LogConfig: Setting CVar [[r.GPUCrashDebugging:0]]
[2022.02.11-15.44.36:013][  0]LogConfig: Applying CVar settings from Section [/Script/Engine.RendererOverrideSettings] File [D:/Ican/Cour ican/ICAN Mastere 1 GP/Projet_FastArenaShooter/Projet_FastArenaShooter_Trimestre2/FastArenaShooter/Saved/Config/Windows/Engine.ini]
[2022.02.11-15.44.36:013][  0]LogConfig: Applying CVar settings from Section [/Script/Engine.StreamingSettings] File [D:/Ican/Cour ican/ICAN Mastere 1 GP/Projet_FastArenaShooter/Projet_FastArenaShooter_Trimestre2/FastArenaShooter/Saved/Config/Windows/Engine.ini]
[2022.02.11-15.44.36:013][  0]LogConfig: Setting CVar [[s.MinBulkDataSizeForAsyncLoading:131072]]
[2022.02.11-15.44.36:013][  0]LogConfig: Setting CVar [[s.AsyncLoadingThreadEnabled:0]]
[2022.02.11-15.44.36:013][  0]LogConfig: Setting CVar [[s.EventDrivenLoaderEnabled:1]]
[2022.02.11-15.44.36:013][  0]LogConfig: Setting CVar [[s.WarnIfTimeLimitExceeded:0]]
[2022.02.11-15.44.36:013][  0]LogConfig: Setting CVar [[s.TimeLimitExceededMultiplier:1.5]]
[2022.02.11-15.44.36:013][  0]LogConfig: Setting CVar [[s.TimeLimitExceededMinTime:0.005]]
[2022.02.11-15.44.36:013][  0]LogConfig: Setting CVar [[s.UseBackgroundLevelStreaming:1]]
[2022.02.11-15.44.36:013][  0]LogConfig: Setting CVar [[s.PriorityAsyncLoadingExtraTime:15.0]]
[2022.02.11-15.44.36:013][  0]LogConfig: Setting CVar [[s.LevelStreamingActorsUpdateTimeLimit:5.0]]
[2022.02.11-15.44.36:013][  0]LogConfig: Setting CVar [[s.PriorityLevelStreamingActorsUpdateExtraTime:5.0]]
[2022.02.11-15.44.36:013][  0]LogConfig: Setting CVar [[s.LevelStreamingComponentsRegistrationGranularity:10]]
[2022.02.11-15.44.36:013][  0]LogConfig: Setting CVar [[s.UnregisterComponentsTimeLimit:1.0]]
[2022.02.11-15.44.36:013][  0]LogConfig: Setting CVar [[s.LevelStreamingComponentsUnregistrationGranularity:5]]
[2022.02.11-15.44.36:013][  0]LogConfig: Setting CVar [[s.FlushStreamingOnExit:1]]
[2022.02.11-15.44.36:013][  0]LogConfig: Applying CVar settings from Section [/Script/Engine.GarbageCollectionSettings] File [D:/Ican/Cour ican/ICAN Mastere 1 GP/Projet_FastArenaShooter/Projet_FastArenaShooter_Trimestre2/FastArenaShooter/Saved/Config/Windows/Engine.ini]
[2022.02.11-15.44.36:013][  0]LogConfig: Setting CVar [[gc.MaxObjectsNotConsideredByGC:1]]
[2022.02.11-15.44.36:013][  0]LogConfig: Setting CVar [[gc.SizeOfPermanentObjectPool:0]]
[2022.02.11-15.44.36:013][  0]LogConfig: Setting CVar [[gc.FlushStreamingOnGC:0]]
[2022.02.11-15.44.36:013][  0]LogConfig: Setting CVar [[gc.NumRetriesBeforeForcingGC:10]]
[2022.02.11-15.44.36:013][  0]LogConfig: Setting CVar [[gc.AllowParallelGC:1]]
[2022.02.11-15.44.36:013][  0]LogConfig: Setting CVar [[gc.TimeBetweenPurgingPendingKillObjects:61.1]]
[2022.02.11-15.44.36:013][  0]LogConfig: Setting CVar [[gc.MaxObjectsInEditor:25165824]]
[2022.02.11-15.44.36:013][  0]LogConfig: Setting CVar [[gc.IncrementalBeginDestroyEnabled:1]]
[2022.02.11-15.44.36:013][  0]LogConfig: Setting CVar [[gc.CreateGCClusters:1]]
[2022.02.11-15.44.36:013][  0]LogConfig: Setting CVar [[gc.MinGCClusterSize:5]]
[2022.02.11-15.44.36:013][  0]LogConfig: Setting CVar [[gc.ActorClusteringEnabled:0]]
[2022.02.11-15.44.36:013][  0]LogConfig: Setting CVar [[gc.BlueprintClusteringEnabled:0]]
[2022.02.11-15.44.36:013][  0]LogConfig: Setting CVar [[gc.UseDisregardForGCOnDedicatedServers:0]]
[2022.02.11-15.44.36:013][  0]LogConfig: Setting CVar [[gc.MultithreadedDestructionEnabled:1]]
[2022.02.11-15.44.36:013][  0]LogConfig: Applying CVar settings from Section [/Script/Engine.NetworkSettings] File [D:/Ican/Cour ican/ICAN Mastere 1 GP/Projet_FastArenaShooter/Projet_FastArenaShooter_Trimestre2/FastArenaShooter/Saved/Config/Windows/Engine.ini]
[2022.02.11-15.44.36:013][  0]LogConfig: Applying CVar settings from Section [/Script/UnrealEd.CookerSettings] File [D:/Ican/Cour ican/ICAN Mastere 1 GP/Projet_FastArenaShooter/Projet_FastArenaShooter_Trimestre2/FastArenaShooter/Saved/Config/Windows/Engine.ini]
[2022.02.11-15.44.36:019][  0]LogConfig: Applying CVar settings from Section [ViewDistanceQuality@3] File [D:/Ican/Cour ican/ICAN Mastere 1 GP/Projet_FastArenaShooter/Projet_FastArenaShooter_Trimestre2/FastArenaShooter/Saved/Config/Windows/Scalability.ini]
[2022.02.11-15.44.36:019][  0]LogConfig: Setting CVar [[r.SkeletalMeshLODBias:0]]
[2022.02.11-15.44.36:019][  0]LogConfig: Setting CVar [[r.ViewDistanceScale:1.0]]
[2022.02.11-15.44.36:019][  0]LogConfig: Applying CVar settings from Section [AntiAliasingQuality@3] File [D:/Ican/Cour ican/ICAN Mastere 1 GP/Projet_FastArenaShooter/Projet_FastArenaShooter_Trimestre2/FastArenaShooter/Saved/Config/Windows/Scalability.ini]
[2022.02.11-15.44.36:019][  0]LogConfig: Setting CVar [[r.PostProcessAAQuality:4]]
[2022.02.11-15.44.36:019][  0]LogConfig: Applying CVar settings from Section [ShadowQuality@3] File [D:/Ican/Cour ican/ICAN Mastere 1 GP/Projet_FastArenaShooter/Projet_FastArenaShooter_Trimestre2/FastArenaShooter/Saved/Config/Windows/Scalability.ini]
[2022.02.11-15.44.36:019][  0]LogConfig: Setting CVar [[r.LightFunctionQuality:1]]
[2022.02.11-15.44.36:019][  0]LogConfig: Setting CVar [[r.ShadowQuality:5]]
[2022.02.11-15.44.36:019][  0]LogConfig: Setting CVar [[r.Shadow.CSM.MaxCascades:10]]
[2022.02.11-15.44.36:019][  0]LogConfig: Setting CVar [[r.Shadow.MaxResolution:2048]]
[2022.02.11-15.44.36:019][  0]LogConfig: Setting CVar [[r.Shadow.MaxCSMResolution:2048]]
[2022.02.11-15.44.36:019][  0]LogConfig: Setting CVar [[r.Shadow.RadiusThreshold:0.01]]
[2022.02.11-15.44.36:019][  0]LogConfig: Setting CVar [[r.Shadow.DistanceScale:1.0]]
[2022.02.11-15.44.36:019][  0]LogConfig: Setting CVar [[r.Shadow.CSM.TransitionScale:1.0]]
[2022.02.11-15.44.36:019][  0]LogConfig: Setting CVar [[r.Shadow.PreShadowResolutionFactor:1.0]]
[2022.02.11-15.44.36:019][  0]LogConfig: Setting CVar [[r.DistanceFieldShadowing:1]]
[2022.02.11-15.44.36:019][  0]LogConfig: Setting CVar [[r.DistanceFieldAO:1]]
[2022.02.11-15.44.36:019][  0]LogConfig: Setting CVar [[r.AOQuality:2]]
[2022.02.11-15.44.36:019][  0]LogConfig: Setting CVar [[r.VolumetricFog:1]]
[2022.02.11-15.44.36:019][  0]LogConfig: Setting CVar [[r.VolumetricFog.GridPixelSize:8]]
[2022.02.11-15.44.36:019][  0]LogConfig: Setting CVar [[r.VolumetricFog.GridSizeZ:128]]
[2022.02.11-15.44.36:019][  0]LogConfig: Setting CVar [[r.VolumetricFog.HistoryMissSupersampleCount:4]]
[2022.02.11-15.44.36:019][  0]LogConfig: Setting CVar [[r.LightMaxDrawDistanceScale:1]]
[2022.02.11-15.44.36:019][  0]LogConfig: Setting CVar [[r.CapsuleShadows:1]]
[2022.02.11-15.44.36:019][  0]LogConfig: Applying CVar settings from Section [PostProcessQuality@3] File [D:/Ican/Cour ican/ICAN Mastere 1 GP/Projet_FastArenaShooter/Projet_FastArenaShooter_Trimestre2/FastArenaShooter/Saved/Config/Windows/Scalability.ini]
[2022.02.11-15.44.36:019][  0]LogConfig: Setting CVar [[r.MotionBlurQuality:4]]
[2022.02.11-15.44.36:019][  0]LogConfig: Setting CVar [[r.AmbientOcclusionMipLevelFactor:0.4]]
[2022.02.11-15.44.36:019][  0]LogConfig: Setting CVar [[r.AmbientOcclusionMaxQuality:100]]
[2022.02.11-15.44.36:019][  0]LogConfig: Setting CVar [[r.AmbientOcclusionLevels:-1]]
[2022.02.11-15.44.36:019][  0]LogConfig: Setting CVar [[r.AmbientOcclusionRadiusScale:1.0]]
[2022.02.11-15.44.36:019][  0]LogConfig: Setting CVar [[r.DepthOfFieldQuality:2]]
[2022.02.11-15.44.36:019][  0]LogConfig: Setting CVar [[r.RenderTargetPoolMin:400]]
[2022.02.11-15.44.36:019][  0]LogConfig: Setting CVar [[r.LensFlareQuality:2]]
[2022.02.11-15.44.36:019][  0]LogConfig: Setting CVar [[r.SceneColorFringeQuality:1]]
[2022.02.11-15.44.36:019][  0]LogConfig: Setting CVar [[r.EyeAdaptationQuality:2]]
[2022.02.11-15.44.36:019][  0]LogConfig: Setting CVar [[r.BloomQuality:5]]
[2022.02.11-15.44.36:019][  0]LogConfig: Setting CVar [[r.FastBlurThreshold:100]]
[2022.02.11-15.44.36:019][  0]LogConfig: Setting CVar [[r.Upscale.Quality:3]]
[2022.02.11-15.44.36:019][  0]LogConfig: Setting CVar [[r.Tonemapper.GrainQuantization:1]]
[2022.02.11-15.44.36:019][  0]LogConfig: Setting CVar [[r.LightShaftQuality:1]]
[2022.02.11-15.44.36:019][  0]LogConfig: Setting CVar [[r.Filter.SizeScale:1]]
[2022.02.11-15.44.36:019][  0]LogConfig: Setting CVar [[r.Tonemapper.Quality:5]]
[2022.02.11-15.44.36:019][  0]LogConfig: Setting CVar [[r.DOF.Gather.AccumulatorQuality:1        ; higher gathering accumulator quality]]
[2022.02.11-15.44.36:019][  0]LogConfig: Setting CVar [[r.DOF.Gather.PostfilterMethod:1          ; Median3x3 postfilering method]]
[2022.02.11-15.44.36:019][  0]LogConfig: Setting CVar [[r.DOF.Gather.EnableBokehSettings:0       ; no bokeh simulation when gathering]]
[2022.02.11-15.44.36:019][  0]LogConfig: Setting CVar [[r.DOF.Gather.RingCount:4                 ; medium number of samples when gathering]]
[2022.02.11-15.44.36:019][  0]LogConfig: Setting CVar [[r.DOF.Scatter.ForegroundCompositing:1    ; additive foreground scattering]]
[2022.02.11-15.44.36:019][  0]LogConfig: Setting CVar [[r.DOF.Scatter.BackgroundCompositing:2    ; additive background scattering]]
[2022.02.11-15.44.36:019][  0]LogConfig: Setting CVar [[r.DOF.Scatter.EnableBokehSettings:1      ; bokeh simulation when scattering]]
[2022.02.11-15.44.36:019][  0]LogConfig: Setting CVar [[r.DOF.Scatter.MaxSpriteRatio:0.1         ; only a maximum of 10% of scattered bokeh]]
[2022.02.11-15.44.36:019][  0]LogConfig: Setting CVar [[r.DOF.Recombine.Quality:1                ; cheap slight out of focus]]
[2022.02.11-15.44.36:019][  0]LogConfig: Setting CVar [[r.DOF.Recombine.EnableBokehSettings:0    ; no bokeh simulation on slight out of focus]]
[2022.02.11-15.44.36:019][  0]LogConfig: Setting CVar [[r.DOF.TemporalAAQuality:1                ; more stable temporal accumulation]]
[2022.02.11-15.44.36:019][  0]LogConfig: Setting CVar [[r.DOF.Kernel.MaxForegroundRadius:0.025]]
[2022.02.11-15.44.36:019][  0]LogConfig: Setting CVar [[r.DOF.Kernel.MaxBackgroundRadius:0.025]]
[2022.02.11-15.44.36:019][  0]LogConfig: Applying CVar settings from Section [TextureQuality@3] File [D:/Ican/Cour ican/ICAN Mastere 1 GP/Projet_FastArenaShooter/Projet_FastArenaShooter_Trimestre2/FastArenaShooter/Saved/Config/Windows/Scalability.ini]
[2022.02.11-15.44.36:019][  0]LogConfig: Setting CVar [[r.Streaming.MipBias:0]]
[2022.02.11-15.44.36:019][  0]LogConfig: Setting CVar [[r.Streaming.AmortizeCPUToGPUCopy:0]]
[2022.02.11-15.44.36:019][  0]LogConfig: Setting CVar [[r.Streaming.MaxNumTexturesToStreamPerFrame:0]]
[2022.02.11-15.44.36:019][  0]LogConfig: Setting CVar [[r.Streaming.Boost:1]]
[2022.02.11-15.44.36:019][  0]LogConfig: Setting CVar [[r.MaxAnisotropy:8]]
[2022.02.11-15.44.36:019][  0]LogConfig: Setting CVar [[r.VT.MaxAnisotropy:8]]
[2022.02.11-15.44.36:019][  0]LogConfig: Setting CVar [[r.Streaming.LimitPoolSizeToVRAM:0]]
[2022.02.11-15.44.36:019][  0]LogConfig: Setting CVar [[r.Streaming.PoolSize:1000]]
[2022.02.11-15.44.36:019][  0]LogConfig: Setting CVar [[r.Streaming.MaxEffectiveScreenSize:0]]
[2022.02.11-15.44.36:019][  0]LogConfig: Applying CVar settings from Section [EffectsQuality@3] File [D:/Ican/Cour ican/ICAN Mastere 1 GP/Projet_FastArenaShooter/Projet_FastArenaShooter_Trimestre2/FastArenaShooter/Saved/Config/Windows/Scalability.ini]
[2022.02.11-15.44.36:019][  0]LogConfig: Setting CVar [[r.TranslucencyLightingVolumeDim:64]]
[2022.02.11-15.44.36:019][  0]LogConfig: Setting CVar [[r.RefractionQuality:2]]
[2022.02.11-15.44.36:019][  0]LogConfig: Setting CVar [[r.SSR.Quality:3]]
[2022.02.11-15.44.36:019][  0]LogConfig: Setting CVar [[r.SSR.HalfResSceneColor:0]]
[2022.02.11-15.44.36:019][  0]LogConfig: Setting CVar [[r.SceneColorFormat:4]]
[2022.02.11-15.44.36:019][  0]LogConfig: Setting CVar [[r.DetailMode:2]]
[2022.02.11-15.44.36:019][  0]LogConfig: Setting CVar [[r.TranslucencyVolumeBlur:1]]
[2022.02.11-15.44.36:019][  0]LogConfig: Setting CVar [[r.MaterialQualityLevel:1 ; High quality]]
[2022.02.11-15.44.36:019][  0]LogConfig: Setting CVar [[r.AnisotropicMaterials:1]]
[2022.02.11-15.44.36:019][  0]LogConfig: Setting CVar [[r.SSS.Scale:1]]
[2022.02.11-15.44.36:019][  0]LogConfig: Setting CVar [[r.SSS.SampleSet:2]]
[2022.02.11-15.44.36:019][  0]LogConfig: Setting CVar [[r.SSS.Quality:1]]
[2022.02.11-15.44.36:019][  0]LogConfig: Setting CVar [[r.SSS.HalfRes:0]]
[2022.02.11-15.44.36:019][  0]LogConfig: Setting CVar [[r.SSGI.Quality:3]]
[2022.02.11-15.44.36:019][  0]LogConfig: Setting CVar [[r.EmitterSpawnRateScale:1.0]]
[2022.02.11-15.44.36:019][  0]LogConfig: Setting CVar [[r.ParticleLightQuality:2]]
[2022.02.11-15.44.36:019][  0]LogConfig: Setting CVar [[r.SkyAtmosphere.AerialPerspectiveLUT.FastApplyOnOpaque:1 ; Always have FastSkyLUT 1 in this case to avoid wrong sky]]
[2022.02.11-15.44.36:019][  0]LogConfig: Setting CVar [[r.SkyAtmosphere.AerialPerspectiveLUT.SampleCountMaxPerSlice:4]]
[2022.02.11-15.44.36:019][  0]LogConfig: Setting CVar [[r.SkyAtmosphere.AerialPerspectiveLUT.DepthResolution:16.0]]
[2022.02.11-15.44.36:019][  0]LogConfig: Setting CVar [[r.SkyAtmosphere.FastSkyLUT:1]]
[2022.02.11-15.44.36:020][  0]LogConfig: Setting CVar [[r.SkyAtmosphere.FastSkyLUT.SampleCountMin:4.0]]
[2022.02.11-15.44.36:020][  0]LogConfig: Setting CVar [[r.SkyAtmosphere.FastSkyLUT.SampleCountMax:128.0]]
[2022.02.11-15.44.36:020][  0]LogConfig: Setting CVar [[r.SkyAtmosphere.SampleCountMin:4.0]]
[2022.02.11-15.44.36:020][  0]LogConfig: Setting CVar [[r.SkyAtmosphere.SampleCountMax:128.0]]
[2022.02.11-15.44.36:020][  0]LogConfig: Setting CVar [[r.SkyAtmosphere.TransmittanceLUT.UseSmallFormat:0]]
[2022.02.11-15.44.36:020][  0]LogConfig: Setting CVar [[r.SkyAtmosphere.TransmittanceLUT.SampleCount:10.0]]
[2022.02.11-15.44.36:020][  0]LogConfig: Setting CVar [[r.SkyAtmosphere.MultiScatteringLUT.SampleCount:15.0]]
[2022.02.11-15.44.36:020][  0]LogConfig: Setting CVar [[r.SkyLight.RealTimeReflectionCapture:1]]
[2022.02.11-15.44.36:020][  0]LogConfig: Applying CVar settings from Section [FoliageQuality@3] File [D:/Ican/Cour ican/ICAN Mastere 1 GP/Projet_FastArenaShooter/Projet_FastArenaShooter_Trimestre2/FastArenaShooter/Saved/Config/Windows/Scalability.ini]
[2022.02.11-15.44.36:020][  0]LogConfig: Setting CVar [[foliage.DensityScale:1.0]]
[2022.02.11-15.44.36:020][  0]LogConfig: Setting CVar [[grass.DensityScale:1.0]]
[2022.02.11-15.44.36:020][  0]LogConfig: Applying CVar settings from Section [ShadingQuality@3] File [D:/Ican/Cour ican/ICAN Mastere 1 GP/Projet_FastArenaShooter/Projet_FastArenaShooter_Trimestre2/FastArenaShooter/Saved/Config/Windows/Scalability.ini]
[2022.02.11-15.44.36:020][  0]LogConfig: Setting CVar [[r.HairStrands.SkyLighting.IntegrationType:2]]
[2022.02.11-15.44.36:020][  0]LogConfig: Setting CVar [[r.HairStrands.SkyAO.SampleCount:4]]
[2022.02.11-15.44.36:020][  0]LogConfig: Setting CVar [[r.HairStrands.Visibility.MSAA.SamplePerPixel:4]]
[2022.02.11-15.44.36:020][  0]LogInit: Selected Device Profile: [Windows]
[2022.02.11-15.44.36:020][  0]LogInit: Applying CVar settings loaded from the selected device profile: [Windows]
[2022.02.11-15.44.36:020][  0]LogHAL: Display: Platform has ~ 16 GB [17014509568 / 17179869184 / 16], which maps to Larger [LargestMinGB=32, LargerMinGB=12, DefaultMinGB=8, SmallerMinGB=6, SmallestMinGB=0)
[2022.02.11-15.44.36:020][  0]LogInit: Going up to parent DeviceProfile []
[2022.02.11-15.44.36:020][  0]LogConfig: Applying CVar settings from Section [ViewDistanceQuality@3] File [D:/Ican/Cour ican/ICAN Mastere 1 GP/Projet_FastArenaShooter/Projet_FastArenaShooter_Trimestre2/FastArenaShooter/Saved/Config/Windows/Scalability.ini]
[2022.02.11-15.44.36:020][  0]LogConfig: Setting CVar [[r.SkeletalMeshLODBias:0]]
[2022.02.11-15.44.36:020][  0]LogConfig: Setting CVar [[r.ViewDistanceScale:1.0]]
[2022.02.11-15.44.36:020][  0]LogConfig: Applying CVar settings from Section [AntiAliasingQuality@3] File [D:/Ican/Cour ican/ICAN Mastere 1 GP/Projet_FastArenaShooter/Projet_FastArenaShooter_Trimestre2/FastArenaShooter/Saved/Config/Windows/Scalability.ini]
[2022.02.11-15.44.36:020][  0]LogConfig: Setting CVar [[r.PostProcessAAQuality:4]]
[2022.02.11-15.44.36:020][  0]LogConfig: Applying CVar settings from Section [ShadowQuality@3] File [D:/Ican/Cour ican/ICAN Mastere 1 GP/Projet_FastArenaShooter/Projet_FastArenaShooter_Trimestre2/FastArenaShooter/Saved/Config/Windows/Scalability.ini]
[2022.02.11-15.44.36:020][  0]LogConfig: Setting CVar [[r.LightFunctionQuality:1]]
[2022.02.11-15.44.36:020][  0]LogConfig: Setting CVar [[r.ShadowQuality:5]]
[2022.02.11-15.44.36:020][  0]LogConfig: Setting CVar [[r.Shadow.CSM.MaxCascades:10]]
[2022.02.11-15.44.36:020][  0]LogConfig: Setting CVar [[r.Shadow.MaxResolution:2048]]
[2022.02.11-15.44.36:020][  0]LogConfig: Setting CVar [[r.Shadow.MaxCSMResolution:2048]]
[2022.02.11-15.44.36:020][  0]LogConfig: Setting CVar [[r.Shadow.RadiusThreshold:0.01]]
[2022.02.11-15.44.36:020][  0]LogConfig: Setting CVar [[r.Shadow.DistanceScale:1.0]]
[2022.02.11-15.44.36:020][  0]LogConfig: Setting CVar [[r.Shadow.CSM.TransitionScale:1.0]]
[2022.02.11-15.44.36:020][  0]LogConfig: Setting CVar [[r.Shadow.PreShadowResolutionFactor:1.0]]
[2022.02.11-15.44.36:020][  0]LogConfig: Setting CVar [[r.DistanceFieldShadowing:1]]
[2022.02.11-15.44.36:020][  0]LogConfig: Setting CVar [[r.DistanceFieldAO:1]]
[2022.02.11-15.44.36:020][  0]LogConfig: Setting CVar [[r.AOQuality:2]]
[2022.02.11-15.44.36:020][  0]LogConfig: Setting CVar [[r.VolumetricFog:1]]
[2022.02.11-15.44.36:020][  0]LogConfig: Setting CVar [[r.VolumetricFog.GridPixelSize:8]]
[2022.02.11-15.44.36:020][  0]LogConfig: Setting CVar [[r.VolumetricFog.GridSizeZ:128]]
[2022.02.11-15.44.36:020][  0]LogConfig: Setting CVar [[r.VolumetricFog.HistoryMissSupersampleCount:4]]
[2022.02.11-15.44.36:020][  0]LogConfig: Setting CVar [[r.LightMaxDrawDistanceScale:1]]
[2022.02.11-15.44.36:020][  0]LogConfig: Setting CVar [[r.CapsuleShadows:1]]
[2022.02.11-15.44.36:020][  0]LogConfig: Applying CVar settings from Section [PostProcessQuality@3] File [D:/Ican/Cour ican/ICAN Mastere 1 GP/Projet_FastArenaShooter/Projet_FastArenaShooter_Trimestre2/FastArenaShooter/Saved/Config/Windows/Scalability.ini]
[2022.02.11-15.44.36:020][  0]LogConfig: Setting CVar [[r.MotionBlurQuality:4]]
[2022.02.11-15.44.36:020][  0]LogConfig: Setting CVar [[r.AmbientOcclusionMipLevelFactor:0.4]]
[2022.02.11-15.44.36:020][  0]LogConfig: Setting CVar [[r.AmbientOcclusionMaxQuality:100]]
[2022.02.11-15.44.36:020][  0]LogConfig: Setting CVar [[r.AmbientOcclusionLevels:-1]]
[2022.02.11-15.44.36:020][  0]LogConfig: Setting CVar [[r.AmbientOcclusionRadiusScale:1.0]]
[2022.02.11-15.44.36:020][  0]LogConfig: Setting CVar [[r.DepthOfFieldQuality:2]]
[2022.02.11-15.44.36:020][  0]LogConfig: Setting CVar [[r.RenderTargetPoolMin:400]]
[2022.02.11-15.44.36:020][  0]LogConfig: Setting CVar [[r.LensFlareQuality:2]]
[2022.02.11-15.44.36:020][  0]LogConfig: Setting CVar [[r.SceneColorFringeQuality:1]]
[2022.02.11-15.44.36:020][  0]LogConfig: Setting CVar [[r.EyeAdaptationQuality:2]]
[2022.02.11-15.44.36:020][  0]LogConfig: Setting CVar [[r.BloomQuality:5]]
[2022.02.11-15.44.36:020][  0]LogConfig: Setting CVar [[r.FastBlurThreshold:100]]
[2022.02.11-15.44.36:020][  0]LogConfig: Setting CVar [[r.Upscale.Quality:3]]
[2022.02.11-15.44.36:020][  0]LogConfig: Setting CVar [[r.Tonemapper.GrainQuantization:1]]
[2022.02.11-15.44.36:020][  0]LogConfig: Setting CVar [[r.LightShaftQuality:1]]
[2022.02.11-15.44.36:020][  0]LogConfig: Setting CVar [[r.Filter.SizeScale:1]]
[2022.02.11-15.44.36:020][  0]LogConfig: Setting CVar [[r.Tonemapper.Quality:5]]
[2022.02.11-15.44.36:020][  0]LogConfig: Setting CVar [[r.DOF.Gather.AccumulatorQuality:1        ; higher gathering accumulator quality]]
[2022.02.11-15.44.36:020][  0]LogConfig: Setting CVar [[r.DOF.Gather.PostfilterMethod:1          ; Median3x3 postfilering method]]
[2022.02.11-15.44.36:020][  0]LogConfig: Setting CVar [[r.DOF.Gather.EnableBokehSettings:0       ; no bokeh simulation when gathering]]
[2022.02.11-15.44.36:020][  0]LogConfig: Setting CVar [[r.DOF.Gather.RingCount:4                 ; medium number of samples when gathering]]
[2022.02.11-15.44.36:020][  0]LogConfig: Setting CVar [[r.DOF.Scatter.ForegroundCompositing:1    ; additive foreground scattering]]
[2022.02.11-15.44.36:020][  0]LogConfig: Setting CVar [[r.DOF.Scatter.BackgroundCompositing:2    ; additive background scattering]]
[2022.02.11-15.44.36:020][  0]LogConfig: Setting CVar [[r.DOF.Scatter.EnableBokehSettings:1      ; bokeh simulation when scattering]]
[2022.02.11-15.44.36:020][  0]LogConfig: Setting CVar [[r.DOF.Scatter.MaxSpriteRatio:0.1         ; only a maximum of 10% of scattered bokeh]]
[2022.02.11-15.44.36:020][  0]LogConfig: Setting CVar [[r.DOF.Recombine.Quality:1                ; cheap slight out of focus]]
[2022.02.11-15.44.36:020][  0]LogConfig: Setting CVar [[r.DOF.Recombine.EnableBokehSettings:0    ; no bokeh simulation on slight out of focus]]
[2022.02.11-15.44.36:020][  0]LogConfig: Setting CVar [[r.DOF.TemporalAAQuality:1                ; more stable temporal accumulation]]
[2022.02.11-15.44.36:020][  0]LogConfig: Setting CVar [[r.DOF.Kernel.MaxForegroundRadius:0.025]]
[2022.02.11-15.44.36:020][  0]LogConfig: Setting CVar [[r.DOF.Kernel.MaxBackgroundRadius:0.025]]
[2022.02.11-15.44.36:020][  0]LogConfig: Applying CVar settings from Section [TextureQuality@3] File [D:/Ican/Cour ican/ICAN Mastere 1 GP/Projet_FastArenaShooter/Projet_FastArenaShooter_Trimestre2/FastArenaShooter/Saved/Config/Windows/Scalability.ini]
[2022.02.11-15.44.36:020][  0]LogConfig: Setting CVar [[r.Streaming.MipBias:0]]
[2022.02.11-15.44.36:020][  0]LogConfig: Setting CVar [[r.Streaming.AmortizeCPUToGPUCopy:0]]
[2022.02.11-15.44.36:020][  0]LogConfig: Setting CVar [[r.Streaming.MaxNumTexturesToStreamPerFrame:0]]
[2022.02.11-15.44.36:020][  0]LogConfig: Setting CVar [[r.Streaming.Boost:1]]
[2022.02.11-15.44.36:020][  0]LogConfig: Setting CVar [[r.MaxAnisotropy:8]]
[2022.02.11-15.44.36:021][  0]LogConfig: Setting CVar [[r.VT.MaxAnisotropy:8]]
[2022.02.11-15.44.36:021][  0]LogConfig: Setting CVar [[r.Streaming.LimitPoolSizeToVRAM:0]]
[2022.02.11-15.44.36:021][  0]LogConfig: Setting CVar [[r.Streaming.PoolSize:1000]]
[2022.02.11-15.44.36:021][  0]LogConfig: Setting CVar [[r.Streaming.MaxEffectiveScreenSize:0]]
[2022.02.11-15.44.36:021][  0]LogConfig: Applying CVar settings from Section [EffectsQuality@3] File [D:/Ican/Cour ican/ICAN Mastere 1 GP/Projet_FastArenaShooter/Projet_FastArenaShooter_Trimestre2/FastArenaShooter/Saved/Config/Windows/Scalability.ini]
[2022.02.11-15.44.36:021][  0]LogConfig: Setting CVar [[r.TranslucencyLightingVolumeDim:64]]
[2022.02.11-15.44.36:021][  0]LogConfig: Setting CVar [[r.RefractionQuality:2]]
[2022.02.11-15.44.36:021][  0]LogConfig: Setting CVar [[r.SSR.Quality:3]]
[2022.02.11-15.44.36:021][  0]LogConfig: Setting CVar [[r.SSR.HalfResSceneColor:0]]
[2022.02.11-15.44.36:021][  0]LogConfig: Setting CVar [[r.SceneColorFormat:4]]
[2022.02.11-15.44.36:021][  0]LogConfig: Setting CVar [[r.DetailMode:2]]
[2022.02.11-15.44.36:021][  0]LogConfig: Setting CVar [[r.TranslucencyVolumeBlur:1]]
[2022.02.11-15.44.36:021][  0]LogConfig: Setting CVar [[r.MaterialQualityLevel:1 ; High quality]]
[2022.02.11-15.44.36:021][  0]LogConfig: Setting CVar [[r.AnisotropicMaterials:1]]
[2022.02.11-15.44.36:021][  0]LogConfig: Setting CVar [[r.SSS.Scale:1]]
[2022.02.11-15.44.36:021][  0]LogConfig: Setting CVar [[r.SSS.SampleSet:2]]
[2022.02.11-15.44.36:021][  0]LogConfig: Setting CVar [[r.SSS.Quality:1]]
[2022.02.11-15.44.36:021][  0]LogConfig: Setting CVar [[r.SSS.HalfRes:0]]
[2022.02.11-15.44.36:021][  0]LogConfig: Setting CVar [[r.SSGI.Quality:3]]
[2022.02.11-15.44.36:021][  0]LogConfig: Setting CVar [[r.EmitterSpawnRateScale:1.0]]
[2022.02.11-15.44.36:021][  0]LogConfig: Setting CVar [[r.ParticleLightQuality:2]]
[2022.02.11-15.44.36:021][  0]LogConfig: Setting CVar [[r.SkyAtmosphere.AerialPerspectiveLUT.FastApplyOnOpaque:1 ; Always have FastSkyLUT 1 in this case to avoid wrong sky]]
[2022.02.11-15.44.36:021][  0]LogConfig: Setting CVar [[r.SkyAtmosphere.AerialPerspectiveLUT.SampleCountMaxPerSlice:4]]
[2022.02.11-15.44.36:021][  0]LogConfig: Setting CVar [[r.SkyAtmosphere.AerialPerspectiveLUT.DepthResolution:16.0]]
[2022.02.11-15.44.36:021][  0]LogConfig: Setting CVar [[r.SkyAtmosphere.FastSkyLUT:1]]
[2022.02.11-15.44.36:021][  0]LogConfig: Setting CVar [[r.SkyAtmosphere.FastSkyLUT.SampleCountMin:4.0]]
[2022.02.11-15.44.36:021][  0]LogConfig: Setting CVar [[r.SkyAtmosphere.FastSkyLUT.SampleCountMax:128.0]]
[2022.02.11-15.44.36:021][  0]LogConfig: Setting CVar [[r.SkyAtmosphere.SampleCountMin:4.0]]
[2022.02.11-15.44.36:021][  0]LogConfig: Setting CVar [[r.SkyAtmosphere.SampleCountMax:128.0]]
[2022.02.11-15.44.36:021][  0]LogConfig: Setting CVar [[r.SkyAtmosphere.TransmittanceLUT.UseSmallFormat:0]]
[2022.02.11-15.44.36:021][  0]LogConfig: Setting CVar [[r.SkyAtmosphere.TransmittanceLUT.SampleCount:10.0]]
[2022.02.11-15.44.36:021][  0]LogConfig: Setting CVar [[r.SkyAtmosphere.MultiScatteringLUT.SampleCount:15.0]]
[2022.02.11-15.44.36:021][  0]LogConfig: Setting CVar [[r.SkyLight.RealTimeReflectionCapture:1]]
[2022.02.11-15.44.36:021][  0]LogConfig: Applying CVar settings from Section [FoliageQuality@3] File [D:/Ican/Cour ican/ICAN Mastere 1 GP/Projet_FastArenaShooter/Projet_FastArenaShooter_Trimestre2/FastArenaShooter/Saved/Config/Windows/Scalability.ini]
[2022.02.11-15.44.36:021][  0]LogConfig: Setting CVar [[foliage.DensityScale:1.0]]
[2022.02.11-15.44.36:021][  0]LogConfig: Setting CVar [[grass.DensityScale:1.0]]
[2022.02.11-15.44.36:021][  0]LogConfig: Applying CVar settings from Section [ShadingQuality@3] File [D:/Ican/Cour ican/ICAN Mastere 1 GP/Projet_FastArenaShooter/Projet_FastArenaShooter_Trimestre2/FastArenaShooter/Saved/Config/Windows/Scalability.ini]
[2022.02.11-15.44.36:021][  0]LogConfig: Setting CVar [[r.HairStrands.SkyLighting.IntegrationType:2]]
[2022.02.11-15.44.36:021][  0]LogConfig: Setting CVar [[r.HairStrands.SkyAO.SampleCount:4]]
[2022.02.11-15.44.36:021][  0]LogConfig: Setting CVar [[r.HairStrands.Visibility.MSAA.SamplePerPixel:4]]
[2022.02.11-15.44.36:021][  0]LogConfig: Applying CVar settings from Section [Startup] File [../../../Engine/Config/ConsoleVariables.ini]
[2022.02.11-15.44.36:021][  0]LogConfig: Setting CVar [[net.UseAdaptiveNetUpdateFrequency:0]]
[2022.02.11-15.44.36:021][  0]LogConfig: Setting CVar [[p.chaos.AllowCreatePhysxBodies:1]]
[2022.02.11-15.44.36:021][  0]LogConfig: Setting CVar [[fx.SkipVectorVMBackendOptimizations:1]]
[2022.02.11-15.44.36:021][  0]LogConfig: Applying CVar settings from Section [ConsoleVariables] File [D:/Ican/Cour ican/ICAN Mastere 1 GP/Projet_FastArenaShooter/Projet_FastArenaShooter_Trimestre2/FastArenaShooter/Saved/Config/Windows/Engine.ini]
[2022.02.11-15.44.36:021][  0]LogConfig: Applying CVar settings from Section [ConsoleVariables] File [D:/Ican/Cour ican/ICAN Mastere 1 GP/Projet_FastArenaShooter/Projet_FastArenaShooter_Trimestre2/FastArenaShooter/Saved/Config/Windows/Editor.ini]
[2022.02.11-15.44.36:021][  0]LogInit: Computer: LAPTOP-JECMT6JK
[2022.02.11-15.44.36:021][  0]LogInit: User: diasa
[2022.02.11-15.44.36:021][  0]LogInit: CPU Page size=4096, Cores=6
[2022.02.11-15.44.36:021][  0]LogInit: High frequency timer resolution =10.000000 MHz
[2022.02.11-15.44.36:021][  0]LogMemory: Memory total: Physical=15.8GB (16GB approx)
[2022.02.11-15.44.36:021][  0]LogMemory: Platform Memory Stats for Windows
[2022.02.11-15.44.36:021][  0]LogMemory: Process Physical Memory: 143.46 MB used, 143.46 MB peak
[2022.02.11-15.44.36:021][  0]LogMemory: Process Virtual Memory: 127.79 MB used, 127.79 MB peak
[2022.02.11-15.44.36:021][  0]LogMemory: Physical Memory: 8045.41 MB used,  8180.89 MB free, 16226.30 MB total
[2022.02.11-15.44.36:021][  0]LogMemory: Virtual Memory: 134200168.00 MB used,  17556.09 MB free, 134217728.00 MB total
[2022.02.11-15.44.36:027][  0]LogWindows: WindowsPlatformFeatures enabled
[2022.02.11-15.44.36:078][  0]LogInit: Physics initialised using underlying interface: PhysX
[2022.02.11-15.44.36:081][  0]LogInit: Using OS detected language (fr-FR).
[2022.02.11-15.44.36:081][  0]LogInit: Using OS detected locale (fr-FR).
[2022.02.11-15.44.36:083][  0]LogTextLocalizationManager: No specific localization for 'fr-FR' exists, so the 'fr' localization will be used.
[2022.02.11-15.44.36:084][  0]LogTextLocalizationResource: LocRes '../../../Engine/Content/Localization/Editor/fr/Editor.locres' could not be opened for reading!
[2022.02.11-15.44.36:084][  0]LogTextLocalizationResource: LocRes '../../../Engine/Content/Localization/EditorTutorials/fr/EditorTutorials.locres' could not be opened for reading!
[2022.02.11-15.44.36:084][  0]LogTextLocalizationResource: LocRes '../../../Engine/Content/Localization/Keywords/fr/Keywords.locres' could not be opened for reading!
[2022.02.11-15.44.36:084][  0]LogTextLocalizationResource: LocRes '../../../Engine/Content/Localization/Category/fr/Category.locres' could not be opened for reading!
[2022.02.11-15.44.36:084][  0]LogTextLocalizationResource: LocRes '../../../Engine/Content/Localization/ToolTips/fr/ToolTips.locres' could not be opened for reading!
[2022.02.11-15.44.36:084][  0]LogTextLocalizationResource: LocRes '../../../Engine/Content/Localization/PropertyNames/fr/PropertyNames.locres' could not be opened for reading!
[2022.02.11-15.44.36:084][  0]LogTextLocalizationResource: LocRes '../../../Engine/Content/Localization/Engine/fr/Engine.locres' could not be opened for reading!
[2022.02.11-15.44.36:086][  0]LogInit: Setting process to per monitor DPI aware
[2022.02.11-15.44.36:108][  0]LogWindowsTextInputMethodSystem: Display: IME system deactivated.
[2022.02.11-15.44.36:121][  0]LogSlate: New Slate User Created.  User Index 0, Is Virtual User: 0
[2022.02.11-15.44.36:121][  0]LogSlate: Slate User Registered.  User Index 0, Is Virtual User: 0
[2022.02.11-15.44.36:378][  0]LogD3D11RHI: Loaded GFSDK_Aftermath_Lib.x64.dll
[2022.02.11-15.44.36:472][  0]LogHMD: Failed to enumerate extensions. Please check that you have a valid OpenXR runtime installed.
[2022.02.11-15.44.36:472][  0]LogD3D11RHI: D3D11 min allowed feature level: 11_0
[2022.02.11-15.44.36:472][  0]LogD3D11RHI: D3D11 max allowed feature level: 11_0
[2022.02.11-15.44.36:472][  0]LogD3D11RHI: D3D11 adapters:
[2022.02.11-15.44.36:567][  0]LogD3D11RHI:    0. 'NVIDIA GeForce GTX 1060' (Feature Level 11_0)
[2022.02.11-15.44.36:567][  0]LogD3D11RHI:       6052/0/8113 MB DedicatedVideo/DedicatedSystem/SharedSystem, Outputs:1, VendorId:0x10de
[2022.02.11-15.44.36:588][  0]LogD3D11RHI:    1. 'Intel(R) UHD Graphics 630' (Feature Level 11_0)
[2022.02.11-15.44.36:588][  0]LogD3D11RHI:       128/0/8113 MB DedicatedVideo/DedicatedSystem/SharedSystem, Outputs:0, VendorId:0x8086
[2022.02.11-15.44.36:590][  0]LogD3D11RHI:    2. 'Microsoft Basic Render Driver' (Feature Level 11_0)
[2022.02.11-15.44.36:590][  0]LogD3D11RHI:       0/0/8113 MB DedicatedVideo/DedicatedSystem/SharedSystem, Outputs:0, VendorId:0x1414
[2022.02.11-15.44.36:590][  0]LogD3D11RHI: Chosen D3D11 Adapter:
[2022.02.11-15.44.36:590][  0]LogD3D11RHI:     Description : NVIDIA GeForce GTX 1060
[2022.02.11-15.44.36:590][  0]LogD3D11RHI:     VendorId    : 10de
[2022.02.11-15.44.36:590][  0]LogD3D11RHI:     DeviceId    : 1c20
[2022.02.11-15.44.36:590][  0]LogD3D11RHI:     SubSysId    : 12671025
[2022.02.11-15.44.36:590][  0]LogD3D11RHI:     Revision    : 00a1
[2022.02.11-15.44.36:590][  0]LogD3D11RHI:     DedicatedVideoMemory : 6345981952 bytes
[2022.02.11-15.44.36:590][  0]LogD3D11RHI:     DedicatedSystemMemory : 0 bytes
[2022.02.11-15.44.36:590][  0]LogD3D11RHI:     SharedSystemMemory : 8507254784 bytes
[2022.02.11-15.44.36:590][  0]LogD3D11RHI:     AdapterLuid : 0 60036
[2022.02.11-15.44.36:597][  0]LogD3D11RHI: Creating new Direct3DDevice
[2022.02.11-15.44.36:597][  0]LogD3D11RHI:     GPU DeviceId: 0x1c20 (for the marketing name, search the web for "GPU Device Id")
[2022.02.11-15.44.36:597][  0]LogWindows: EnumDisplayDevices:
[2022.02.11-15.44.36:597][  0]LogWindows:    0. 'Intel(R) UHD Graphics 630' (P:1 D:1)
[2022.02.11-15.44.36:597][  0]LogWindows:    1. 'Intel(R) UHD Graphics 630' (P:0 D:0)
[2022.02.11-15.44.36:597][  0]LogWindows:    2. 'Intel(R) UHD Graphics 630' (P:0 D:0)
[2022.02.11-15.44.36:598][  0]LogWindows:    3. 'NVIDIA GeForce GTX 1060' (P:0 D:0)
[2022.02.11-15.44.36:598][  0]LogWindows: DebugString: PrimaryIsNotTheChoosenAdapter PrimaryIsNotTheChoosenAdapter PrimaryIsNotTheChoosenAdapter 
[2022.02.11-15.44.36:598][  0]LogD3D11RHI:     Adapter Name: NVIDIA GeForce GTX 1060
[2022.02.11-15.44.36:598][  0]LogD3D11RHI:   Driver Version: 497.09 (internal:30.0.14.9709, unified:497.09)
[2022.02.11-15.44.36:598][  0]LogD3D11RHI:      Driver Date: 11-26-2021
[2022.02.11-15.44.36:598][  0]LogRHI: Texture pool is 4236 MB (70% of 6052 MB)
[2022.02.11-15.44.36:598][  0]LogD3D11RHI: Creating D3DDevice using adapter:
[2022.02.11-15.44.36:598][  0]LogD3D11RHI:     Description : NVIDIA GeForce GTX 1060
[2022.02.11-15.44.36:598][  0]LogD3D11RHI:     VendorId    : 10de
[2022.02.11-15.44.36:598][  0]LogD3D11RHI:     DeviceId    : 1c20
[2022.02.11-15.44.36:598][  0]LogD3D11RHI:     SubSysId    : 12671025
[2022.02.11-15.44.36:598][  0]LogD3D11RHI:     Revision    : 00a1
[2022.02.11-15.44.36:598][  0]LogD3D11RHI:     DedicatedVideoMemory : 6345981952 bytes
[2022.02.11-15.44.36:598][  0]LogD3D11RHI:     DedicatedSystemMemory : 0 bytes
[2022.02.11-15.44.36:598][  0]LogD3D11RHI:     SharedSystemMemory : 8507254784 bytes
[2022.02.11-15.44.36:598][  0]LogD3D11RHI:     AdapterLuid : 0 60036
[2022.02.11-15.44.36:650][  0]LogD3D11RHI: RHI has support for 64 bit atomics
[2022.02.11-15.44.36:650][  0]LogD3D11RHI: Async texture creation enabled
[2022.02.11-15.44.36:650][  0]LogD3D11RHI: Array index from any shader is supported
[2022.02.11-15.44.36:675][  0]LogD3D11RHI: GPU Timing Frequency: 1000.000000 (Debug: 2 1)
[2022.02.11-15.44.36:721][  0]LogRHI: GeForceNow SDK initialized: 1
[2022.02.11-15.44.38:068][  0]LogTargetPlatformManager: Display: Loaded TargetPlatform 'AllDesktop'
[2022.02.11-15.44.38:090][  0]LogTargetPlatformManager: Display: Loaded TargetPlatform 'Android'
[2022.02.11-15.44.38:091][  0]LogTargetPlatformManager: Display: Loaded TargetPlatform 'Android_ASTC'
[2022.02.11-15.44.38:091][  0]LogTargetPlatformManager: Display: Loaded TargetPlatform 'Android_DXT'
[2022.02.11-15.44.38:091][  0]LogTargetPlatformManager: Display: Loaded TargetPlatform 'Android_ETC2'
[2022.02.11-15.44.38:091][  0]LogTargetPlatformManager: Display: Loaded TargetPlatform 'AndroidClient'
[2022.02.11-15.44.38:091][  0]LogTargetPlatformManager: Display: Loaded TargetPlatform 'Android_ASTCClient'
[2022.02.11-15.44.38:091][  0]LogTargetPlatformManager: Display: Loaded TargetPlatform 'Android_DXTClient'
[2022.02.11-15.44.38:091][  0]LogTargetPlatformManager: Display: Loaded TargetPlatform 'Android_ETC2Client'
[2022.02.11-15.44.38:091][  0]LogTargetPlatformManager: Display: Loaded TargetPlatform 'Android_Multi'
[2022.02.11-15.44.38:091][  0]LogTargetPlatformManager: Display: Loaded TargetPlatform 'Android_MultiClient'
[2022.02.11-15.44.38:111][  0]LogTargetPlatformManager: Display: Loaded TargetPlatform 'IOSClient'
[2022.02.11-15.44.38:111][  0]LogTargetPlatformManager: Display: Loaded TargetPlatform 'IOS'
[2022.02.11-15.44.38:121][  0]LogTargetPlatformManager: Display: Loaded TargetPlatform 'Linux'
[2022.02.11-15.44.38:126][  0]LogTargetPlatformManager: Display: Loaded TargetPlatform 'LinuxNoEditor'
[2022.02.11-15.44.38:131][  0]LogTargetPlatformManager: Display: Loaded TargetPlatform 'LinuxClient'
[2022.02.11-15.44.38:137][  0]LogTargetPlatformManager: Display: Loaded TargetPlatform 'LinuxServer'
[2022.02.11-15.44.38:248][  0]LogTargetPlatformManager: Display: Loaded TargetPlatform 'LinuxAArch64NoEditor'
[2022.02.11-15.44.38:254][  0]LogTargetPlatformManager: Display: Loaded TargetPlatform 'LinuxAArch64Client'
[2022.02.11-15.44.38:259][  0]LogTargetPlatformManager: Display: Loaded TargetPlatform 'LinuxAArch64Server'
[2022.02.11-15.44.38:282][  0]LogTargetPlatformManager: Display: Loaded TargetPlatform 'Lumin'
[2022.02.11-15.44.38:282][  0]LogTargetPlatformManager: Display: Loaded TargetPlatform 'LuminClient'
[2022.02.11-15.44.38:304][  0]LogTargetPlatformManager: Display: Loaded TargetPlatform 'MacNoEditor'
[2022.02.11-15.44.38:310][  0]LogTargetPlatformManager: Display: Loaded TargetPlatform 'Mac'
[2022.02.11-15.44.38:316][  0]LogTargetPlatformManager: Display: Loaded TargetPlatform 'MacClient'
[2022.02.11-15.44.38:321][  0]LogTargetPlatformManager: Display: Loaded TargetPlatform 'MacServer'
[2022.02.11-15.44.38:331][  0]LogTargetPlatformManager: Display: Loaded TargetPlatform 'TVOSClient'
[2022.02.11-15.44.38:331][  0]LogTargetPlatformManager: Display: Loaded TargetPlatform 'TVOS'
[2022.02.11-15.44.38:340][  0]LogTargetPlatformManager: Display: Loaded TargetPlatform 'WindowsNoEditor'
[2022.02.11-15.44.38:345][  0]LogTargetPlatformManager: Display: Loaded TargetPlatform 'Windows'
[2022.02.11-15.44.38:350][  0]LogTargetPlatformManager: Display: Loaded TargetPlatform 'WindowsClient'
[2022.02.11-15.44.38:355][  0]LogTargetPlatformManager: Display: Loaded TargetPlatform 'WindowsServer'
[2022.02.11-15.44.38:356][  0]LogTargetPlatformManager: Display: Building Assets For Windows
[2022.02.11-15.44.38:366][  0]LogAudioDebug: Display: Lib vorbis DLL was dynamically loaded.
[2022.02.11-15.44.38:408][  0]LogTextureFormatOodle: Display: Oodle Texture 2.9.0 init RDO Off
[2022.02.11-15.44.38:448][  0]LogRendererCore: Ray tracing is disabled. Reason: r.RayTracing=0.
[2022.02.11-15.44.38:448][  0]LogShaderCompilers: Guid format shader working directory is -78 characters bigger than the processId version (../../../../../Ican/Cour ican/ICAN Mastere 1 GP/Projet_FastArenaShooter/Projet_FastArenaShooter_Trimestre2/FastArenaShooter/Intermediate/Shaders/WorkingDirectory/15100/).
[2022.02.11-15.44.38:448][  0]LogShaderCompilers: Cleaned the shader compiler working directory 'C:/Users/diasa/AppData/Local/Temp/UnrealShaderWorkingDir/55C0DC304F9288BE5179EE8258C506B7/'.
[2022.02.11-15.44.38:449][  0]LogXGEController: Cannot use XGE Controller as Incredibuild is not installed on this machine.
[2022.02.11-15.44.38:449][  0]LogShaderCompilers: Cannot use XGE Shader Compiler as Incredibuild is not installed on this machine.
[2022.02.11-15.44.38:449][  0]LogShaderCompilers: Display: Using Local Shader Compiler.
[2022.02.11-15.44.39:710][  0]LogDerivedDataCache: Display: Max Cache Size: 512 MB
[2022.02.11-15.44.39:774][  0]LogDerivedDataCache: Loaded boot cache 0.06s 99MB C:/Users/diasa/AppData/Local/UnrealEngine/4.27/DerivedDataCache/Boot.ddc.
[2022.02.11-15.44.39:774][  0]LogDerivedDataCache: Display: Loaded Boot cache: C:/Users/diasa/AppData/Local/UnrealEngine/4.27/DerivedDataCache/Boot.ddc
[2022.02.11-15.44.39:774][  0]LogDerivedDataCache: FDerivedDataBackendGraph:  Pak pak cache file ../../../../../Ican/Cour ican/ICAN Mastere 1 GP/Projet_FastArenaShooter/Projet_FastArenaShooter_Trimestre2/FastArenaShooter/DerivedDataCache/DDC.ddp not found, will not use a pak cache.
[2022.02.11-15.44.39:774][  0]LogDerivedDataCache: Unable to find inner node Pak for hierarchical cache Hierarchy.
[2022.02.11-15.44.39:774][  0]LogDerivedDataCache: FDerivedDataBackendGraph:  CompressedPak pak cache file ../../../../../Ican/Cour ican/ICAN Mastere 1 GP/Projet_FastArenaShooter/Projet_FastArenaShooter_Trimestre2/FastArenaShooter/DerivedDataCache/Compressed.ddp not found, will not use a pak cache.
[2022.02.11-15.44.39:774][  0]LogDerivedDataCache: Unable to find inner node CompressedPak for hierarchical cache Hierarchy.
[2022.02.11-15.44.39:792][  0]LogDerivedDataCache: Display: Pak cache opened for reading ../../../Engine/DerivedDataCache/Compressed.ddp.
[2022.02.11-15.44.39:792][  0]LogDerivedDataCache: FDerivedDataBackendGraph:  EnterprisePak pak cache file ../../../Enterprise/DerivedDataCache/Compressed.ddp not found, will not use a pak cache.
[2022.02.11-15.44.39:792][  0]LogDerivedDataCache: Unable to find inner node EnterprisePak for hierarchical cache Hierarchy.
[2022.02.11-15.44.39:801][  0]LogDerivedDataCache: Speed tests for C:/Users/diasa/AppData/Local/UnrealEngine/Common/DerivedDataCache took 0.01 seconds
[2022.02.11-15.44.39:802][  0]LogDerivedDataCache: Display: Performance to C:/Users/diasa/AppData/Local/UnrealEngine/Common/DerivedDataCache: Latency=0.03ms. RandomReadSpeed=759.98MBs, RandomWriteSpeed=115.45MBs. Assigned SpeedClass 'Local'
[2022.02.11-15.44.39:802][  0]LogDerivedDataCache: Using Local data cache path C:/Users/diasa/AppData/Local/UnrealEngine/Common/DerivedDataCache: Writable
[2022.02.11-15.44.39:802][  0]LogDerivedDataCache: Shared data cache path not found in *engine.ini, will not use an Shared cache.
[2022.02.11-15.44.39:802][  0]LogDerivedDataCache: Unable to find inner node Shared for hierarchical cache Hierarchy.
[2022.02.11-15.44.39:849][  0]LogSlate: Using FreeType 2.10.0
[2022.02.11-15.44.39:849][  0]LogSlate: SlateFontServices - WITH_FREETYPE: 1, WITH_HARFBUZZ: 1
[2022.02.11-15.44.39:850][  0]LogHMD: Failed to enumerate extensions. Please check that you have a valid OpenXR runtime installed.
[2022.02.11-15.44.39:989][  0]LogAssetRegistry: FAssetRegistry took 0.0026 seconds to start up
[2022.02.11-15.44.40:223][  0]LogInit: Selected Device Profile: [Windows]
[2022.02.11-15.44.40:223][  0]LogInit: Active device profile: [00000275DA3ED400][00000275CE4205C0 49] Windows
[2022.02.11-15.44.40:223][  0]LogInit: Profiles: [00000275DA3ED400][00000275CE4205C0 49] Windows, [00000275DA3DB500][00000275D7A14880 49] WindowsNoEditor, [00000275DA3EE200][00000275D7A18B40 49] WindowsServer, [00000275DA3DA300][00000275D7AE4E00 49] WindowsClient, [00000275DA3EEF00][00000275CE259080 49] IOS, [00000275DA3D9600][00000275D7AE9300 49] iPadAir, [00000275DA3EFC00][00000275D7AF15C0 49] iPadAir2, [00000275DA346600][00000275D7A2DB00 49] IPadPro, [00000275DA346700][00000275D7A1DB40 49] iPadAir3, [00000275DA3D8300][00000275D7A24280 49] iPadAir4, [00000275DA347500][00000275D7A20540 49] iPadMini2, [00000275DA3DB900][00000275D7A28800 49] iPadMini3, [00000275DA346400][00000275CE2DAAC0 49] iPadMini4, [00000275DA3DA800][00000275CE2DED80 49] iPadMini5, [00000275DA37DF00][00000275D4031280 49] iPhone6, [00000275DA37E000][00000275D40252C0 49] iPodTouch6, [00000275DA3EED00][00000275D7D5F7C0 49] iPhone7, [00000275DA3ED500][00000275D7AED800 49] iPodTouch7, [00000275DA347200][00000275D7D57AC0 49] iPhone5S, [00000275DA3EE000][00000275D4028200 49] iPhone6Plus, [00000275DA345200][00000275D7D5A4C0 49] iPhone6S, [00000275DA3EEB00][00000275D7D62780 49] iPhone6SPlus, [00000275DA344A00][00000275D79F8A40 49] iPhone7Plus, [00000275DA3ED100][00000275D79AAD00 49] iPhoneSE, [00000275DA344800][00000275D79FCFC0 49] iPhone8, [00000275DA3EEC00][00000275D7A05280 49] iPhone8Plus, [00000275DA347100][00000275D402D500 49] iPhoneX, [00000275DA3ECF00][00000275D7A0D780 49] iPhoneXS, [00000275DA346F00][00000275C6869A40 49] iPhoneXSMax, [00000275DA3EE900][00000275C686C180 49] iPhoneXR, [00000275DA37C400][00000275C6870440 49] iPhone11, [00000275DA345300][00000275C6874700 49] iPhone11Pro, [00000275DA37CC00][00000275C68849C0 49] iPhone11ProMax, [00000275DA345B00][00000275C6888C80 49] iPhoneSE2, [00000275DA37D400][00000275D507EF40 49] iPhone12Mini, [00000275DA346300][00000275D5083200 49] iPhone12, [00000275DA37DA00][00000275CE2874C0 49] iPhone12Pro, [00000275DA346100][00000275D7A11740 49] iPhone12ProMax, [00000275DA37DD00][00000275CE28B9C0 49] iPadPro105, [00000275DA345C00][00000275CE292100 49] iPadPro129, [00000275DA37FF00][00000275D3FD83C0 49] iPadPro97, [00000275DA344400][00000275D3FDC680 49] iPadPro2_129, [00000275DA3EDD00][00000275D3FE0940 49] iPad5, [00000275DA37DE00][00000275D3FE4C00 49] iPad6, [00000275DA345F00][00000275D3FE8EC0 49] iPad7, [00000275DA37C800][00000275D3FED180 49] iPad8, [00000275DA347C00][00000275D3FF1440 49] iPadPro11, [00000275DA37C900][00000275D3FF5700 49] iPadPro2_11, [00000275DA345400][00000275CE28F980 49] iPadPro3_129, [00000275DA37F500][00000275D3FFC0C0 49] iPadPro4_129, [00000275DA344D00][00000275D4000380 49] AppleTV, [00000275DA37D000][00000275D4004640 49] AppleTV4K, [00000275DA344100][00000275D4008900 49] TVOS, [00000275DA37CD00][00000275D400CBC0 49] Mac, [00000275DA347700][00000275D4010E80 49] MacClient, [00000275DA37E400][00000275D7A77140 49] MacNoEditor, [00000275DA345800][00000275D7A7B400 49] MacServer, [00000275DA37ED00][00000275D7A7F6C0 49] Linux, [00000275DA346500][00000275D3FF9940 49] LinuxAArch64, [00000275DA37CB00][00000275D7A83BC0 49] LinuxNoEditor, [00000275DA347400][00000275D7A8A300 49] LinuxAArch64NoEditor, [00000275DA37D800][00000275D7A8E5C0 49] LinuxClient, [00000275DA344300][00000275D7A92880 49] LinuxAArch64Client, [00000275DA37D200][00000275D7A08B40 49] LinuxServer, [00000275DA347000][00000275D7A00E00 49] LinuxAArch64Server, [00000275DA37E600][00000275D7A970C0 49] Android, [00000275DA345D00][00000275D7D6F380 49] Android_Low, [00000275DA37E900][00000275D7A9B640 49] Android_Mid, [00000275DA345100][00000275D7A9F900 49] Android_High, [00000275DA37C300][00000275D7A87B80 49] Android_Default, [00000275DA344500][00000275D7AA2280 49] Android_Adreno4xx, [00000275DA37D900][00000275D7AAA540 49] Android_Adreno5xx_Low, [00000275DA346900][00000275D7AAE800 49] Android_Adreno5xx, [00000275DA37CA00][00000275D7AB2AC0 49] Android_Adreno6xx, [00000275DA347A00][00000275D7AB6D80 49] Android_Adreno6xx_Vulkan, [00000275DA37FB00][00000275D7ABB040 49] Android_Mali_T6xx, [00000275DA345600][00000275D7ABF300 49] Android_Mali_T7xx, [00000275DA37DC00][00000275D7AC35C0 49] Android_Mali_T8xx, [00000275DA345A00][00000275D7AC7880 49] Android_Mali_G71, [00000275DA37D100][00000275D7ACBB40 49] Android_Mali_G72, [00000275DA344900][00000275D7AA6240 49] Android_Mali_G72_Vulkan, [00000275DA37CF00][00000275D7ACE4C0 49] Android_Mali_G76, [00000275DA346C00][00000275D7AD6780 49] Android_Mali_G76_Vulkan, [00000275DA37D300][00000275D7ADAA40 49] Android_Mali_G77, [00000275DA345000][00000275D7ADED00 49] Android_Mali_G77_Vulkan, [00000275DA37EA00][00000275CE34EFC0 49] Android_Mali_G78, [00000275DA344C00][00000275CE353280 49] Android_Mali_G78_Vulkan, [00000275DA37E800][00000275CE357540 49] Android_Mali_G710, [00000275DA344700][00000275CE35B800 49] Android_Mali_G710_Vulkan, [00000275DA3DA900][00000275CE35FAC0 49] Android_Vulkan_SM5, [00000275DA3ECE00][00000275CE362200 49] Android_PowerVR_G6xxx, [00000275DA3D8B00][00000275D7AD2480 49] Android_PowerVR_GT7xxx, [00000275DA3EC400][00000275CE366700 49] Android_PowerVR_GE8xxx, [00000275DA3DBF00][00000275CE36E9C0 49] Android_PowerVR_GM9xxx, [00000275DA3EFF00][00000275CE372C80 49] Android_PowerVR_GM9xxx_Vulkan, [00000275DA3D8D00][00000275CE376F40 49] Android_TegraK1, [00000275DA3EEA00][00000275CE37B200 49] Android_Unknown_Vulkan, [00000275DA3D9700][00000275CE37F4C0 49] Lumin, [00000275DA3EF400][00000275CE383780 49] Lumin_Desktop, [00000275DA3D8400][00000275CE387A40 49] HoloLens, 
[2022.02.11-15.44.40:353][  0]LogMeshReduction: Using QuadricMeshReduction for automatic static mesh reduction
[2022.02.11-15.44.40:353][  0]LogMeshReduction: Using SimplygonMeshReduction for automatic skeletal mesh reduction
[2022.02.11-15.44.40:353][  0]LogMeshReduction: Using ProxyLODMeshReduction for automatic mesh merging
[2022.02.11-15.44.40:353][  0]LogMeshReduction: No distributed automatic mesh merging module available
[2022.02.11-15.44.40:353][  0]LogMeshMerging: No distributed automatic mesh merging module available
[2022.02.11-15.44.40:474][  0]LogNetVersion: FastArenaShooter 1.0.0, NetCL: 17155196, EngineNetVer: 17, GameNetVer: 0 (Checksum: 1109794476)
[2022.02.11-15.44.41:020][  0]LogTexture: Default maximum texture size for cubemaps generated from long-lat sources has been changed from 512 to unlimited. In order to preserve old behaiour for '/Engine/MapTemplates/Sky/DaylightAmbientCubemap.DaylightAmbientCubemap', its maximum texture size has been explicitly set to 512.
[2022.02.11-15.44.41:091][  0]LogHMD: PokeAHoleMaterial loaded successfully
[2022.02.11-15.44.41:097][  0]LogUObjectArray: 17075 objects as part of root set at end of initial load.
[2022.02.11-15.44.41:097][  0]LogUObjectAllocator: 4275600 out of 0 bytes used by permanent object pool.
[2022.02.11-15.44.41:097][  0]LogUObjectArray: CloseDisregardForGC: 0/0 objects in disregard for GC pool
[2022.02.11-15.44.41:244][  0]LogFMOD: FFMODStudioModule startup
[2022.02.11-15.44.41:244][  0]LogFMOD: Lib path = '../../../Engine/Plugins/FMODStudio/Binaries'
[2022.02.11-15.44.41:244][  0]LogFMOD: FFMODStudioModule::LoadDll: Loading ../../../Engine/Plugins/FMODStudio/Binaries/Win64/fmodL.dll
[2022.02.11-15.44.41:246][  0]LogFMOD: FFMODStudioModule::LoadDll: Loading ../../../Engine/Plugins/FMODStudio/Binaries/Win64/fmodstudioL.dll
[2022.02.11-15.44.41:250][  0]LogFMOD: Display: Loaded bank lookup
[2022.02.11-15.44.41:250][  0]LogFMOD: Display: Loaded asset lookup
[2022.02.11-15.44.41:263][  0]LogFMOD: Default sample rate = 48000
[2022.02.11-15.44.41:263][  0]LogFMOD: System sample rate = 48000
[2022.02.11-15.44.41:263][  0]LogFMOD: Matching system sample rate 48000
[2022.02.11-15.44.41:343][  0]LogFMOD: Default sample rate = 48000
[2022.02.11-15.44.41:343][  0]LogFMOD: System sample rate = 48000
[2022.02.11-15.44.41:343][  0]LogFMOD: Matching system sample rate 48000
[2022.02.11-15.44.41:584][  0]LogPython: Using Python 3.7.7
[2022.02.11-15.44.42:265][  0]LogNiagaraDebuggerClient: Niagara Debugger Client Initialized | Session: B6F20BE2461A30CB3289F59B61E290C6 | Instance: AD8EAD4748101EF638846CA55191EC18 (LAPTOP-JECMT6JK-15100).
[2022.02.11-15.44.42:468][  0]LogImageWrapper: Warning: PNG Warning: Duplicate iCCP chunk
[2022.02.11-15.44.42:468][  0]LogImageWrapper: Warning: PNG Warning: Duplicate iCCP chunk
[2022.02.11-15.44.42:468][  0]LogTcpMessaging: Initializing TcpMessaging bridge
[2022.02.11-15.44.42:474][  0]LogUdpMessaging: Initializing bridge on interface 0.0.0.0:0 to multicast group 230.0.0.1:6666.
[2022.02.11-15.44.43:477][  0]LogLinker: Warning: Failed to load '/Game/ThirdPersonBP/ThirdPersonOverview': Can't find file.
[2022.02.11-15.44.43:478][  0]LogLinker: Warning: Failed to load '/Game/ThirdPersonBP/ThirdPersonOverview': Can't find file.
[2022.02.11-15.44.43:478][  0]LogUObjectGlobals: Warning: Failed to find object 'Class /Game/ThirdPersonBP/ThirdPersonOverview.ThirdPersonOverview_C'
[2022.02.11-15.44.43:600][  0]SourceControl: Source control is disabled
[2022.02.11-15.44.43:600][  0]SourceControl: Source control is disabled
[2022.02.11-15.44.43:605][  0]SourceControl: Source control is disabled
[2022.02.11-15.44.43:608][  0]SourceControl: Source control is disabled
[2022.02.11-15.44.43:630][  0]SourceControl: Source control is disabled
[2022.02.11-15.44.43:633][  0]LogUProjectInfo: Found projects:
[2022.02.11-15.44.44:076][  0]LogOpenImageDenoise: OIDN starting up
[2022.02.11-15.44.44:146][  0]LogAndroidPermission: UAndroidPermissionCallbackProxy::GetInstance
[2022.02.11-15.44.44:173][  0]LogAudioCaptureCore: Display: No Audio Capture implementations found. Audio input will be silent.
[2022.02.11-15.44.44:173][  0]LogAudioCaptureCore: Display: No Audio Capture implementations found. Audio input will be silent.
[2022.02.11-15.44.44:368][  0]LogCollectionManager: Loaded 0 collections in 0.000737 seconds
[2022.02.11-15.44.44:396][  0]LogFileCache: Scanning file cache for directory 'D:/Ican/Cour ican/ICAN Mastere 1 GP/Projet_FastArenaShooter/Projet_FastArenaShooter_Trimestre2/FastArenaShooter/Saved/Collections/' took 0.00s
[2022.02.11-15.44.44:396][  0]LogFileCache: Scanning file cache for directory 'D:/Ican/Cour ican/ICAN Mastere 1 GP/Projet_FastArenaShooter/Projet_FastArenaShooter_Trimestre2/FastArenaShooter/Content/Developers/diasa/Collections/' took 0.00s
[2022.02.11-15.44.44:396][  0]LogFileCache: Scanning file cache for directory 'D:/Ican/Cour ican/ICAN Mastere 1 GP/Projet_FastArenaShooter/Projet_FastArenaShooter_Trimestre2/FastArenaShooter/Content/Collections/' took 0.00s
[2022.02.11-15.44.44:396][  0]LogOcInput: OculusInput pre-init called
[2022.02.11-15.44.44:663][  0]LogImageWrapper: Warning: PNG Warning: Duplicate iCCP chunk
[2022.02.11-15.44.44:663][  0]LogImageWrapper: Warning: PNG Warning: Duplicate iCCP chunk
[2022.02.11-15.44.44:663][  0]LogClass: Warning: ObjectProperty FFMODLocalizedBankTable::Banks is not initialized properly. Module:FMODStudio File:Private/FMODBankLookup.h
[2022.02.11-15.44.44:663][  0]LogClass: Display: BoolProperty FFMODProjectLocale::bDefault is not initialized properly. Module:FMODStudio File:Classes/FMODSettings.h
[2022.02.11-15.44.44:664][  0]LogClass: Display: 2 Uninitialized script struct members found including 1 object properties
[2022.02.11-15.44.44:664][  0]LogAutomationTest: Warning: PNG Warning: Duplicate iCCP chunk
[2022.02.11-15.44.44:664][  0]LogAutomationTest: Warning: PNG Warning: Duplicate iCCP chunk
[2022.02.11-15.44.44:664][  0]LogAutomationTest: Warning: ObjectProperty FFMODLocalizedBankTable::Banks is not initialized properly. Module:FMODStudio File:Private/FMODBankLookup.h
[2022.02.11-15.44.44:665][  0]LogEngine: Initializing Engine...
[2022.02.11-15.44.44:665][  0]LogHMD: Failed to enumerate extensions. Please check that you have a valid OpenXR runtime installed.
[2022.02.11-15.44.44:666][  0]LogMagicLeap: Warning: VR disabled because ZI is not enabled.  To enable, in the editor, Edit -> Project Settings -> Plugins -> Magic Leap Plugin -> Enable Zero Iteration
[2022.02.11-15.44.44:666][  0]LogStats: UGameplayTagsManager::InitializeManager -  0.000 s
[2022.02.11-15.44.44:845][  0]LogInit: Initializing FReadOnlyCVARCache
[2022.02.11-15.44.44:856][  0]LogAIModule: Creating AISystem for world Untitled
[2022.02.11-15.44.44:865][  0]LogAudio: Display: Initializing Audio Device Manager...
[2022.02.11-15.44.44:869][  0]LogAudio: Display: Loading Default Audio Settings Objects...
[2022.02.11-15.44.44:870][  0]LogAudio: Display: No default SoundConcurrencyObject specified (or failed to load).
[2022.02.11-15.44.44:870][  0]LogAudio: Display: Audio Device Manager Initialized
[2022.02.11-15.44.44:870][  0]LogAudio: Display: Creating Audio Device:                 Id: 1, Scope: Shared, Realtime: True
[2022.02.11-15.44.44:870][  0]LogAudioMixer: Display: Audio Mixer Platform Settings:
[2022.02.11-15.44.44:870][  0]LogAudioMixer: Display: 	Sample Rate:						  48000
[2022.02.11-15.44.44:870][  0]LogAudioMixer: Display: 	Callback Buffer Frame Size Requested: 1024
[2022.02.11-15.44.44:870][  0]LogAudioMixer: Display: 	Callback Buffer Frame Size To Use:	  1024
[2022.02.11-15.44.44:870][  0]LogAudioMixer: Display: 	Number of buffers to queue:			  2
[2022.02.11-15.44.44:870][  0]LogAudioMixer: Display: 	Max Channels (voices):				  32
[2022.02.11-15.44.44:870][  0]LogAudioMixer: Display: 	Number of Async Source Workers:		  0
[2022.02.11-15.44.44:871][  0]LogAudio: Display: AudioDevice MaxSources: 32
[2022.02.11-15.44.44:871][  0]LogAudio: Display: Audio Spatialization Plugin: None (built-in).
[2022.02.11-15.44.44:871][  0]LogAudio: Display: Audio Reverb Plugin: None (built-in).
[2022.02.11-15.44.44:871][  0]LogAudio: Display: Audio Occlusion Plugin: None (built-in).
[2022.02.11-15.44.44:871][  0]LogAudioMixer: Display: Initializing audio mixer.
[2022.02.11-15.44.44:878][  0]LogAudioMixer: Display: 0: FrontLeft
[2022.02.11-15.44.44:878][  0]LogAudioMixer: Display: 1: FrontRight
[2022.02.11-15.44.44:878][  0]LogAudioMixer: Display: 2: FrontCenter
[2022.02.11-15.44.44:878][  0]LogAudioMixer: Display: 3: LowFrequency
[2022.02.11-15.44.44:878][  0]LogAudioMixer: Display: 4: BackLeft
[2022.02.11-15.44.44:878][  0]LogAudioMixer: Display: 5: BackRight
[2022.02.11-15.44.44:878][  0]LogAudioMixer: Display: 6: SideLeft
[2022.02.11-15.44.44:878][  0]LogAudioMixer: Display: 7: SideRight
[2022.02.11-15.44.44:887][  0]LogAudioMixer: Display: Using Audio Device Haut-parleurs (THX Spatial Audio)
[2022.02.11-15.44.44:890][  0]LogAudioMixer: Display: Initializing Sound Submixes...
[2022.02.11-15.44.44:893][  0]LogAudioMixer: Display: Creating Master Submix 'MasterSubmixDefault'
[2022.02.11-15.44.44:893][  0]LogAudioMixer: Display: Creating Master Submix 'MasterReverbSubmixDefault'
[2022.02.11-15.44.44:894][  0]LogAudioMixer: Display: Creating Master Submix 'MasterEQSubmixDefault'
[2022.02.11-15.44.44:894][  0]LogAudioMixer: FMixerPlatformXAudio2::StartAudioStream() called
[2022.02.11-15.44.44:894][  0]LogAudioMixer: Display: Output buffers initialized: Frames=1024, Channels=8, Samples=8192
[2022.02.11-15.44.44:895][  0]LogAudioMixer: Display: Starting AudioMixerPlatformInterface::RunInternal()
[2022.02.11-15.44.44:895][  0]LogAudioMixer: Display: FMixerPlatformXAudio2::SubmitBuffer() called for the first time
[2022.02.11-15.44.44:895][  0]LogInit: FAudioDevice initialized.
[2022.02.11-15.44.44:895][  0]LogAudio: Display: Audio Device (ID: 1) registered with world 'Untitled'.
[2022.02.11-15.44.44:895][  0]LogNetVersion: Set ProjectVersion to 1.0.0.0. Version Checksum will be recalculated on next use.
[2022.02.11-15.44.44:961][  0]LogDerivedDataCache: Saved boot cache 0.07s 99MB C:/Users/diasa/AppData/Local/UnrealEngine/4.27/DerivedDataCache/Boot.ddc.
[2022.02.11-15.44.44:961][  0]LogInit: Texture streaming: Enabled
[2022.02.11-15.44.44:976][  0]LogAnalytics: Display: [UEEditor.Rocket.Release] APIServer = https://datarouter.ol.epicgames.com/. AppVersion = 4.27.1-17735300+++UE4+Release-4.27
[2022.02.11-15.44.44:982][  0]LogEngineSessionManager: EngineSessionManager initialized
[2022.02.11-15.44.44:982][  0]LogEditorSessionSummary: Verbose: Initializing EditorSessionSummaryWriter for editor session tracking
[2022.02.11-15.44.44:991][  0]LogEditorSessionSummary: EditorSessionSummaryWriter initialized
[2022.02.11-15.44.45:045][  0]LogInit: Transaction tracking system initialized
[2022.02.11-15.44.45:071][  0]BlueprintLog: New page: Editor Load
[2022.02.11-15.44.45:143][  0]LocalizationService: Localization service is disabled
[2022.02.11-15.44.45:172][  0]TimingProfiler: Initialize
[2022.02.11-15.44.45:172][  0]TimingProfiler: OnSessionChanged
[2022.02.11-15.44.45:172][  0]LoadingProfiler: Initialize
[2022.02.11-15.44.45:172][  0]LoadingProfiler: OnSessionChanged
[2022.02.11-15.44.45:172][  0]NetworkingProfiler: Initialize
[2022.02.11-15.44.45:172][  0]NetworkingProfiler: OnSessionChanged
[2022.02.11-15.44.45:172][  0]MemoryProfiler: Initialize
[2022.02.11-15.44.45:173][  0]MemoryProfiler: OnSessionChanged
[2022.02.11-15.44.45:356][  0]LogCook: Display: CookSettings for Memory: MemoryMaxUsedVirtual 0MiB, MemoryMaxUsedPhysical 16384MiB, MemoryMinFreeVirtual 0MiB, MemoryMinFreePhysical 1024MiB
[2022.02.11-15.44.45:356][  0]LogCook: Display: Mobile HDR setting 1
[2022.02.11-15.44.45:422][  0]LogFileCache: Scanning file cache for directory 'D:/Ican/Cour ican/ICAN Mastere 1 GP/Projet_FastArenaShooter/Projet_FastArenaShooter_Trimestre2/FastArenaShooter/Content/' took 0.00s
[2022.02.11-15.44.45:422][  0]LogFMOD: FFMODStudioEditorModule startup
[2022.02.11-15.44.45:713][  0]LogInit: Display: Engine is initialized. Leaving FEngineLoop::Init()
[2022.02.11-15.44.45:719][  0]SourceControl: Source control is disabled
[2022.02.11-15.44.45:720][  0]LogUnrealEdMisc: Loading editor; pre map load, took 14.559
[2022.02.11-15.44.45:720][  0]LightingResults: New page: Lighting Build
[2022.02.11-15.44.45:721][  0]LogWorld: UWorld::CleanupWorld for Untitled, bSessionEnded=true, bCleanupResources=true
[2022.02.11-15.44.45:721][  0]LogSlate: InvalidateAllWidgets triggered.  All widgets were invalidated
[2022.02.11-15.44.45:722][  0]MapCheck: New page: Map Check
[2022.02.11-15.44.45:722][  0]LightingResults: New page: Lighting Build
[2022.02.11-15.44.45:727][  0]LogAudio: Display: Audio Device unregistered from world 'None'.
[2022.02.11-15.44.45:730][  0]LogUObjectHash: Compacting FUObjectHashTables data took   0.92ms
[2022.02.11-15.44.45:836][  0]LogAudio: Display: Audio Device (ID: 1) registered with world 'Prog_Antoine'.
[2022.02.11-15.44.45:836][  0]LogAIModule: Creating AISystem for world Prog_Antoine
[2022.02.11-15.44.45:842][  0]LogEditorServer: Finished looking for orphan Actors (0.000 secs)
[2022.02.11-15.44.45:849][  0]LogUObjectHash: Compacting FUObjectHashTables data took   0.90ms
[2022.02.11-15.44.45:850][  0]Cmd: MAP CHECKDEP NOCLEARLOG
[2022.02.11-15.44.45:850][  0]MapCheck: Map check complete: 0 Error(s), 0 Warning(s), took 0,083ms to complete.
[2022.02.11-15.44.45:850][  0]LogFileHelpers: Loading map 'Prog_Antoine' took 0.130
[2022.02.11-15.44.45:852][  0]LogUnrealEdMisc: Total Editor Startup Time, took 14.691
[2022.02.11-15.44.46:177][  0]LogSlate: Updating window title bar state: overlay mode, drag disabled, window buttons hidden, title bar hidden
[2022.02.11-15.44.46:184][  0]LogSlate: Updating window title bar state: overlay mode, drag disabled, window buttons hidden, title bar hidden
[2022.02.11-15.44.46:190][  0]LogSlate: Updating window title bar state: overlay mode, drag disabled, window buttons hidden, title bar hidden
[2022.02.11-15.44.46:196][  0]LogSlate: Updating window title bar state: overlay mode, drag disabled, window buttons hidden, title bar hidden
[2022.02.11-15.44.46:212][  0]LogNativeClassHierarchy: Verbose: Native class hierarchy populated in 0.0087 seconds. Added 3836 classes and 930 folders.
[2022.02.11-15.44.46:214][  0]LogNativeClassHierarchy: Verbose: Native class hierarchy updated for 'WidgetCarousel' in 0.0003 seconds. Added 0 classes and 0 folders.
[2022.02.11-15.44.46:216][  0]LogPakFile: PakFile PrimaryIndexSize=187
[2022.02.11-15.44.46:216][  0]LogPakFile: PakFile PathHashIndexSize=101
[2022.02.11-15.44.46:216][  0]LogPakFile: PakFile FullDirectoryIndexSize=148
[2022.02.11-15.44.46:216][  0]LogShaderLibrary: Display: ShaderCodeLibraryPakFileMountedCallback: PakFile 'D:/UnrealEnginee/UE_4.27/FeaturePacks/FP_FirstPerson.upack' (chunk index -1, root 'root:/') mounted
[2022.02.11-15.44.46:216][  0]LogShaderLibrary: Display: ShaderCodeLibraryPakFileMountedCallback: pending pak file info (ChunkID:-1 Root:root:/ File:D:/UnrealEnginee/UE_4.27/FeaturePacks/FP_FirstPerson.upack)
[2022.02.11-15.44.46:216][  0]LogPakFile: OnPakFileMounted2Time == 0.000097
[2022.02.11-15.44.46:239][  0]LogPakFile: PakFile PrimaryIndexSize=189
[2022.02.11-15.44.46:239][  0]LogPakFile: PakFile PathHashIndexSize=101
[2022.02.11-15.44.46:239][  0]LogPakFile: PakFile FullDirectoryIndexSize=152
[2022.02.11-15.44.46:239][  0]LogShaderLibrary: Display: ShaderCodeLibraryPakFileMountedCallback: PakFile 'D:/UnrealEnginee/UE_4.27/FeaturePacks/FP_FirstPersonBP.upack' (chunk index -1, root 'root:/') mounted
[2022.02.11-15.44.46:239][  0]LogShaderLibrary: Display: ShaderCodeLibraryPakFileMountedCallback: pending pak file info (ChunkID:-1 Root:root:/ File:D:/UnrealEnginee/UE_4.27/FeaturePacks/FP_FirstPersonBP.upack)
[2022.02.11-15.44.46:239][  0]LogPakFile: OnPakFileMounted2Time == 0.000049
[2022.02.11-15.44.46:239][  0]LogPakFile: PakFile PrimaryIndexSize=191
[2022.02.11-15.44.46:239][  0]LogPakFile: PakFile PathHashIndexSize=101
[2022.02.11-15.44.46:239][  0]LogPakFile: PakFile FullDirectoryIndexSize=160
[2022.02.11-15.44.46:240][  0]LogShaderLibrary: Display: ShaderCodeLibraryPakFileMountedCallback: PakFile 'D:/UnrealEnginee/UE_4.27/FeaturePacks/MobileStarterContent.upack' (chunk index -1, root 'root:/') mounted
[2022.02.11-15.44.46:240][  0]LogShaderLibrary: Display: ShaderCodeLibraryPakFileMountedCallback: pending pak file info (ChunkID:-1 Root:root:/ File:D:/UnrealEnginee/UE_4.27/FeaturePacks/MobileStarterContent.upack)
[2022.02.11-15.44.46:240][  0]LogPakFile: OnPakFileMounted2Time == 0.000040
[2022.02.11-15.44.46:241][  0]LogPakFile: PakFile PrimaryIndexSize=185
[2022.02.11-15.44.46:241][  0]LogPakFile: PakFile PathHashIndexSize=101
[2022.02.11-15.44.46:241][  0]LogPakFile: PakFile FullDirectoryIndexSize=148
[2022.02.11-15.44.46:241][  0]LogShaderLibrary: Display: ShaderCodeLibraryPakFileMountedCallback: PakFile 'D:/UnrealEnginee/UE_4.27/FeaturePacks/StarterContent.upack' (chunk index -1, root 'root:/') mounted
[2022.02.11-15.44.46:241][  0]LogShaderLibrary: Display: ShaderCodeLibraryPakFileMountedCallback: pending pak file info (ChunkID:-1 Root:root:/ File:D:/UnrealEnginee/UE_4.27/FeaturePacks/StarterContent.upack)
[2022.02.11-15.44.46:241][  0]LogPakFile: OnPakFileMounted2Time == 0.000060
[2022.02.11-15.44.46:241][  0]LogPakFile: PakFile PrimaryIndexSize=190
[2022.02.11-15.44.46:242][  0]LogPakFile: PakFile PathHashIndexSize=101
[2022.02.11-15.44.46:242][  0]LogPakFile: PakFile FullDirectoryIndexSize=154
[2022.02.11-15.44.46:242][  0]LogShaderLibrary: Display: ShaderCodeLibraryPakFileMountedCallback: PakFile 'D:/UnrealEnginee/UE_4.27/FeaturePacks/TP_2DSideScroller.upack' (chunk index -1, root 'root:/') mounted
[2022.02.11-15.44.46:242][  0]LogShaderLibrary: Display: ShaderCodeLibraryPakFileMountedCallback: pending pak file info (ChunkID:-1 Root:root:/ File:D:/UnrealEnginee/UE_4.27/FeaturePacks/TP_2DSideScroller.upack)
[2022.02.11-15.44.46:242][  0]LogPakFile: OnPakFileMounted2Time == 0.000039
[2022.02.11-15.44.46:245][  0]LogPakFile: PakFile PrimaryIndexSize=192
[2022.02.11-15.44.46:245][  0]LogPakFile: PakFile PathHashIndexSize=101
[2022.02.11-15.44.46:245][  0]LogPakFile: PakFile FullDirectoryIndexSize=158
[2022.02.11-15.44.46:245][  0]LogShaderLibrary: Display: ShaderCodeLibraryPakFileMountedCallback: PakFile 'D:/UnrealEnginee/UE_4.27/FeaturePacks/TP_2DSideScrollerBP.upack' (chunk index -1, root 'root:/') mounted
[2022.02.11-15.44.46:245][  0]LogShaderLibrary: Display: ShaderCodeLibraryPakFileMountedCallback: pending pak file info (ChunkID:-1 Root:root:/ File:D:/UnrealEnginee/UE_4.27/FeaturePacks/TP_2DSideScrollerBP.upack)
[2022.02.11-15.44.46:245][  0]LogPakFile: OnPakFileMounted2Time == 0.000046
[2022.02.11-15.44.46:248][  0]LogPakFile: PakFile PrimaryIndexSize=182
[2022.02.11-15.44.46:248][  0]LogPakFile: PakFile PathHashIndexSize=101
[2022.02.11-15.44.46:248][  0]LogPakFile: PakFile FullDirectoryIndexSize=138
[2022.02.11-15.44.46:248][  0]LogShaderLibrary: Display: ShaderCodeLibraryPakFileMountedCallback: PakFile 'D:/UnrealEnginee/UE_4.27/FeaturePacks/TP_Flying.upack' (chunk index -1, root 'root:/') mounted
[2022.02.11-15.44.46:248][  0]LogShaderLibrary: Display: ShaderCodeLibraryPakFileMountedCallback: pending pak file info (ChunkID:-1 Root:root:/ File:D:/UnrealEnginee/UE_4.27/FeaturePacks/TP_Flying.upack)
[2022.02.11-15.44.46:248][  0]LogPakFile: OnPakFileMounted2Time == 0.000076
[2022.02.11-15.44.46:253][  0]LogPakFile: PakFile PrimaryIndexSize=184
[2022.02.11-15.44.46:253][  0]LogPakFile: PakFile PathHashIndexSize=101
[2022.02.11-15.44.46:253][  0]LogPakFile: PakFile FullDirectoryIndexSize=142
[2022.02.11-15.44.46:253][  0]LogShaderLibrary: Display: ShaderCodeLibraryPakFileMountedCallback: PakFile 'D:/UnrealEnginee/UE_4.27/FeaturePacks/TP_FlyingBP.upack' (chunk index -1, root 'root:/') mounted
[2022.02.11-15.44.46:253][  0]LogShaderLibrary: Display: ShaderCodeLibraryPakFileMountedCallback: pending pak file info (ChunkID:-1 Root:root:/ File:D:/UnrealEnginee/UE_4.27/FeaturePacks/TP_FlyingBP.upack)
[2022.02.11-15.44.46:253][  0]LogPakFile: OnPakFileMounted2Time == 0.000044
[2022.02.11-15.44.46:254][  0]LogPakFile: PakFile PrimaryIndexSize=188
[2022.02.11-15.44.46:254][  0]LogPakFile: PakFile PathHashIndexSize=101
[2022.02.11-15.44.46:254][  0]LogPakFile: PakFile FullDirectoryIndexSize=150
[2022.02.11-15.44.46:254][  0]LogShaderLibrary: Display: ShaderCodeLibraryPakFileMountedCallback: PakFile 'D:/UnrealEnginee/UE_4.27/FeaturePacks/TP_HandheldARBP.upack' (chunk index -1, root 'root:/') mounted
[2022.02.11-15.44.46:254][  0]LogShaderLibrary: Display: ShaderCodeLibraryPakFileMountedCallback: pending pak file info (ChunkID:-1 Root:root:/ File:D:/UnrealEnginee/UE_4.27/FeaturePacks/TP_HandheldARBP.upack)
[2022.02.11-15.44.46:254][  0]LogPakFile: OnPakFileMounted2Time == 0.000042
[2022.02.11-15.44.46:255][  0]LogPakFile: PakFile PrimaryIndexSize=182
[2022.02.11-15.44.46:255][  0]LogPakFile: PakFile PathHashIndexSize=101
[2022.02.11-15.44.46:255][  0]LogPakFile: PakFile FullDirectoryIndexSize=138
[2022.02.11-15.44.46:255][  0]LogShaderLibrary: Display: ShaderCodeLibraryPakFileMountedCallback: PakFile 'D:/UnrealEnginee/UE_4.27/FeaturePacks/TP_Puzzle.upack' (chunk index -1, root 'root:/') mounted
[2022.02.11-15.44.46:255][  0]LogShaderLibrary: Display: ShaderCodeLibraryPakFileMountedCallback: pending pak file info (ChunkID:-1 Root:root:/ File:D:/UnrealEnginee/UE_4.27/FeaturePacks/TP_Puzzle.upack)
[2022.02.11-15.44.46:255][  0]LogPakFile: OnPakFileMounted2Time == 0.000037
[2022.02.11-15.44.46:256][  0]LogPakFile: PakFile PrimaryIndexSize=184
[2022.02.11-15.44.46:256][  0]LogPakFile: PakFile PathHashIndexSize=101
[2022.02.11-15.44.46:256][  0]LogPakFile: PakFile FullDirectoryIndexSize=142
[2022.02.11-15.44.46:256][  0]LogShaderLibrary: Display: ShaderCodeLibraryPakFileMountedCallback: PakFile 'D:/UnrealEnginee/UE_4.27/FeaturePacks/TP_PuzzleBP.upack' (chunk index -1, root 'root:/') mounted
[2022.02.11-15.44.46:256][  0]LogShaderLibrary: Display: ShaderCodeLibraryPakFileMountedCallback: pending pak file info (ChunkID:-1 Root:root:/ File:D:/UnrealEnginee/UE_4.27/FeaturePacks/TP_PuzzleBP.upack)
[2022.02.11-15.44.46:256][  0]LogPakFile: OnPakFileMounted2Time == 0.000038
[2022.02.11-15.44.46:258][  0]LogPakFile: PakFile PrimaryIndexSize=183
[2022.02.11-15.44.46:258][  0]LogPakFile: PakFile PathHashIndexSize=101
[2022.02.11-15.44.46:258][  0]LogPakFile: PakFile FullDirectoryIndexSize=140
[2022.02.11-15.44.46:258][  0]LogShaderLibrary: Display: ShaderCodeLibraryPakFileMountedCallback: PakFile 'D:/UnrealEnginee/UE_4.27/FeaturePacks/TP_Rolling.upack' (chunk index -1, root 'root:/') mounted
[2022.02.11-15.44.46:258][  0]LogShaderLibrary: Display: ShaderCodeLibraryPakFileMountedCallback: pending pak file info (ChunkID:-1 Root:root:/ File:D:/UnrealEnginee/UE_4.27/FeaturePacks/TP_Rolling.upack)
[2022.02.11-15.44.46:258][  0]LogPakFile: OnPakFileMounted2Time == 0.000039
[2022.02.11-15.44.46:259][  0]LogPakFile: PakFile PrimaryIndexSize=185
[2022.02.11-15.44.46:259][  0]LogPakFile: PakFile PathHashIndexSize=101
[2022.02.11-15.44.46:259][  0]LogPakFile: PakFile FullDirectoryIndexSize=144
[2022.02.11-15.44.46:259][  0]LogShaderLibrary: Display: ShaderCodeLibraryPakFileMountedCallback: PakFile 'D:/UnrealEnginee/UE_4.27/FeaturePacks/TP_RollingBP.upack' (chunk index -1, root 'root:/') mounted
[2022.02.11-15.44.46:259][  0]LogShaderLibrary: Display: ShaderCodeLibraryPakFileMountedCallback: pending pak file info (ChunkID:-1 Root:root:/ File:D:/UnrealEnginee/UE_4.27/FeaturePacks/TP_RollingBP.upack)
[2022.02.11-15.44.46:259][  0]LogPakFile: OnPakFileMounted2Time == 0.000036
[2022.02.11-15.44.46:260][  0]LogPakFile: PakFile PrimaryIndexSize=188
[2022.02.11-15.44.46:260][  0]LogPakFile: PakFile PathHashIndexSize=101
[2022.02.11-15.44.46:260][  0]LogPakFile: PakFile FullDirectoryIndexSize=150
[2022.02.11-15.44.46:260][  0]LogShaderLibrary: Display: ShaderCodeLibraryPakFileMountedCallback: PakFile 'D:/UnrealEnginee/UE_4.27/FeaturePacks/TP_SideScroller.upack' (chunk index -1, root 'root:/') mounted
[2022.02.11-15.44.46:260][  0]LogShaderLibrary: Display: ShaderCodeLibraryPakFileMountedCallback: pending pak file info (ChunkID:-1 Root:root:/ File:D:/UnrealEnginee/UE_4.27/FeaturePacks/TP_SideScroller.upack)
[2022.02.11-15.44.46:260][  0]LogPakFile: OnPakFileMounted2Time == 0.000042
[2022.02.11-15.44.46:261][  0]LogPakFile: PakFile PrimaryIndexSize=190
[2022.02.11-15.44.46:261][  0]LogPakFile: PakFile PathHashIndexSize=101
[2022.02.11-15.44.46:261][  0]LogPakFile: PakFile FullDirectoryIndexSize=154
[2022.02.11-15.44.46:261][  0]LogShaderLibrary: Display: ShaderCodeLibraryPakFileMountedCallback: PakFile 'D:/UnrealEnginee/UE_4.27/FeaturePacks/TP_SideScrollerBP.upack' (chunk index -1, root 'root:/') mounted
[2022.02.11-15.44.46:261][  0]LogShaderLibrary: Display: ShaderCodeLibraryPakFileMountedCallback: pending pak file info (ChunkID:-1 Root:root:/ File:D:/UnrealEnginee/UE_4.27/FeaturePacks/TP_SideScrollerBP.upack)
[2022.02.11-15.44.46:261][  0]LogPakFile: OnPakFileMounted2Time == 0.000037
[2022.02.11-15.44.46:262][  0]LogPakFile: PakFile PrimaryIndexSize=187
[2022.02.11-15.44.46:262][  0]LogPakFile: PakFile PathHashIndexSize=101
[2022.02.11-15.44.46:262][  0]LogPakFile: PakFile FullDirectoryIndexSize=148
[2022.02.11-15.44.46:262][  0]LogShaderLibrary: Display: ShaderCodeLibraryPakFileMountedCallback: PakFile 'D:/UnrealEnginee/UE_4.27/FeaturePacks/TP_ThirdPerson.upack' (chunk index -1, root 'root:/') mounted
[2022.02.11-15.44.46:262][  0]LogShaderLibrary: Display: ShaderCodeLibraryPakFileMountedCallback: pending pak file info (ChunkID:-1 Root:root:/ File:D:/UnrealEnginee/UE_4.27/FeaturePacks/TP_ThirdPerson.upack)
[2022.02.11-15.44.46:262][  0]LogPakFile: OnPakFileMounted2Time == 0.000040
[2022.02.11-15.44.46:263][  0]LogPakFile: PakFile PrimaryIndexSize=189
[2022.02.11-15.44.46:263][  0]LogPakFile: PakFile PathHashIndexSize=101
[2022.02.11-15.44.46:263][  0]LogPakFile: PakFile FullDirectoryIndexSize=152
[2022.02.11-15.44.46:263][  0]LogShaderLibrary: Display: ShaderCodeLibraryPakFileMountedCallback: PakFile 'D:/UnrealEnginee/UE_4.27/FeaturePacks/TP_ThirdPersonBP.upack' (chunk index -1, root 'root:/') mounted
[2022.02.11-15.44.46:263][  0]LogShaderLibrary: Display: ShaderCodeLibraryPakFileMountedCallback: pending pak file info (ChunkID:-1 Root:root:/ File:D:/UnrealEnginee/UE_4.27/FeaturePacks/TP_ThirdPersonBP.upack)
[2022.02.11-15.44.46:263][  0]LogPakFile: OnPakFileMounted2Time == 0.000037
[2022.02.11-15.44.46:264][  0]LogPakFile: PakFile PrimaryIndexSize=183
[2022.02.11-15.44.46:264][  0]LogPakFile: PakFile PathHashIndexSize=101
[2022.02.11-15.44.46:264][  0]LogPakFile: PakFile FullDirectoryIndexSize=140
[2022.02.11-15.44.46:264][  0]LogShaderLibrary: Display: ShaderCodeLibraryPakFileMountedCallback: PakFile 'D:/UnrealEnginee/UE_4.27/FeaturePacks/TP_TopDown.upack' (chunk index -1, root 'root:/') mounted
[2022.02.11-15.44.46:264][  0]LogShaderLibrary: Display: ShaderCodeLibraryPakFileMountedCallback: pending pak file info (ChunkID:-1 Root:root:/ File:D:/UnrealEnginee/UE_4.27/FeaturePacks/TP_TopDown.upack)
[2022.02.11-15.44.46:264][  0]LogPakFile: OnPakFileMounted2Time == 0.000045
[2022.02.11-15.44.46:265][  0]LogPakFile: PakFile PrimaryIndexSize=185
[2022.02.11-15.44.46:265][  0]LogPakFile: PakFile PathHashIndexSize=101
[2022.02.11-15.44.46:265][  0]LogPakFile: PakFile FullDirectoryIndexSize=144
[2022.02.11-15.44.46:265][  0]LogShaderLibrary: Display: ShaderCodeLibraryPakFileMountedCallback: PakFile 'D:/UnrealEnginee/UE_4.27/FeaturePacks/TP_TopDownBP.upack' (chunk index -1, root 'root:/') mounted
[2022.02.11-15.44.46:265][  0]LogShaderLibrary: Display: ShaderCodeLibraryPakFileMountedCallback: pending pak file info (ChunkID:-1 Root:root:/ File:D:/UnrealEnginee/UE_4.27/FeaturePacks/TP_TopDownBP.upack)
[2022.02.11-15.44.46:265][  0]LogPakFile: OnPakFileMounted2Time == 0.000066
[2022.02.11-15.44.46:266][  0]LogPakFile: PakFile PrimaryIndexSize=185
[2022.02.11-15.44.46:266][  0]LogPakFile: PakFile PathHashIndexSize=101
[2022.02.11-15.44.46:266][  0]LogPakFile: PakFile FullDirectoryIndexSize=144
[2022.02.11-15.44.46:266][  0]LogShaderLibrary: Display: ShaderCodeLibraryPakFileMountedCallback: PakFile 'D:/UnrealEnginee/UE_4.27/FeaturePacks/TP_TwinStick.upack' (chunk index -1, root 'root:/') mounted
[2022.02.11-15.44.46:266][  0]LogShaderLibrary: Display: ShaderCodeLibraryPakFileMountedCallback: pending pak file info (ChunkID:-1 Root:root:/ File:D:/UnrealEnginee/UE_4.27/FeaturePacks/TP_TwinStick.upack)
[2022.02.11-15.44.46:266][  0]LogPakFile: OnPakFileMounted2Time == 0.000048
[2022.02.11-15.44.46:267][  0]LogPakFile: PakFile PrimaryIndexSize=187
[2022.02.11-15.44.46:267][  0]LogPakFile: PakFile PathHashIndexSize=101
[2022.02.11-15.44.46:267][  0]LogPakFile: PakFile FullDirectoryIndexSize=148
[2022.02.11-15.44.46:267][  0]LogShaderLibrary: Display: ShaderCodeLibraryPakFileMountedCallback: PakFile 'D:/UnrealEnginee/UE_4.27/FeaturePacks/TP_TwinStickBP.upack' (chunk index -1, root 'root:/') mounted
[2022.02.11-15.44.46:267][  0]LogShaderLibrary: Display: ShaderCodeLibraryPakFileMountedCallback: pending pak file info (ChunkID:-1 Root:root:/ File:D:/UnrealEnginee/UE_4.27/FeaturePacks/TP_TwinStickBP.upack)
[2022.02.11-15.44.46:267][  0]LogPakFile: OnPakFileMounted2Time == 0.000042
[2022.02.11-15.44.46:268][  0]LogPakFile: PakFile PrimaryIndexSize=183
[2022.02.11-15.44.46:268][  0]LogPakFile: PakFile PathHashIndexSize=101
[2022.02.11-15.44.46:268][  0]LogPakFile: PakFile FullDirectoryIndexSize=140
[2022.02.11-15.44.46:268][  0]LogShaderLibrary: Display: ShaderCodeLibraryPakFileMountedCallback: PakFile 'D:/UnrealEnginee/UE_4.27/FeaturePacks/TP_Vehicle.upack' (chunk index -1, root 'root:/') mounted
[2022.02.11-15.44.46:268][  0]LogShaderLibrary: Display: ShaderCodeLibraryPakFileMountedCallback: pending pak file info (ChunkID:-1 Root:root:/ File:D:/UnrealEnginee/UE_4.27/FeaturePacks/TP_Vehicle.upack)
[2022.02.11-15.44.46:268][  0]LogPakFile: OnPakFileMounted2Time == 0.000057
[2022.02.11-15.44.46:269][  0]LogPakFile: PakFile PrimaryIndexSize=186
[2022.02.11-15.44.46:269][  0]LogPakFile: PakFile PathHashIndexSize=101
[2022.02.11-15.44.46:269][  0]LogPakFile: PakFile FullDirectoryIndexSize=146
[2022.02.11-15.44.46:269][  0]LogShaderLibrary: Display: ShaderCodeLibraryPakFileMountedCallback: PakFile 'D:/UnrealEnginee/UE_4.27/FeaturePacks/TP_VehicleAdv.upack' (chunk index -1, root 'root:/') mounted
[2022.02.11-15.44.46:269][  0]LogShaderLibrary: Display: ShaderCodeLibraryPakFileMountedCallback: pending pak file info (ChunkID:-1 Root:root:/ File:D:/UnrealEnginee/UE_4.27/FeaturePacks/TP_VehicleAdv.upack)
[2022.02.11-15.44.46:269][  0]LogPakFile: OnPakFileMounted2Time == 0.000055
[2022.02.11-15.44.46:271][  0]LogPakFile: PakFile PrimaryIndexSize=188
[2022.02.11-15.44.46:271][  0]LogPakFile: PakFile PathHashIndexSize=101
[2022.02.11-15.44.46:271][  0]LogPakFile: PakFile FullDirectoryIndexSize=150
[2022.02.11-15.44.46:271][  0]LogShaderLibrary: Display: ShaderCodeLibraryPakFileMountedCallback: PakFile 'D:/UnrealEnginee/UE_4.27/FeaturePacks/TP_VehicleAdvBP.upack' (chunk index -1, root 'root:/') mounted
[2022.02.11-15.44.46:271][  0]LogShaderLibrary: Display: ShaderCodeLibraryPakFileMountedCallback: pending pak file info (ChunkID:-1 Root:root:/ File:D:/UnrealEnginee/UE_4.27/FeaturePacks/TP_VehicleAdvBP.upack)
[2022.02.11-15.44.46:271][  0]LogPakFile: OnPakFileMounted2Time == 0.000067
[2022.02.11-15.44.46:272][  0]LogPakFile: PakFile PrimaryIndexSize=185
[2022.02.11-15.44.46:272][  0]LogPakFile: PakFile PathHashIndexSize=101
[2022.02.11-15.44.46:272][  0]LogPakFile: PakFile FullDirectoryIndexSize=144
[2022.02.11-15.44.46:272][  0]LogShaderLibrary: Display: ShaderCodeLibraryPakFileMountedCallback: PakFile 'D:/UnrealEnginee/UE_4.27/FeaturePacks/TP_VehicleBP.upack' (chunk index -1, root 'root:/') mounted
[2022.02.11-15.44.46:272][  0]LogShaderLibrary: Display: ShaderCodeLibraryPakFileMountedCallback: pending pak file info (ChunkID:-1 Root:root:/ File:D:/UnrealEnginee/UE_4.27/FeaturePacks/TP_VehicleBP.upack)
[2022.02.11-15.44.46:272][  0]LogPakFile: OnPakFileMounted2Time == 0.000041
[2022.02.11-15.44.46:273][  0]LogPakFile: PakFile PrimaryIndexSize=192
[2022.02.11-15.44.46:273][  0]LogPakFile: PakFile PathHashIndexSize=101
[2022.02.11-15.44.46:273][  0]LogPakFile: PakFile FullDirectoryIndexSize=158
[2022.02.11-15.44.46:273][  0]LogShaderLibrary: Display: ShaderCodeLibraryPakFileMountedCallback: PakFile 'D:/UnrealEnginee/UE_4.27/FeaturePacks/TP_VirtualRealityBP.upack' (chunk index -1, root 'root:/') mounted
[2022.02.11-15.44.46:273][  0]LogShaderLibrary: Display: ShaderCodeLibraryPakFileMountedCallback: pending pak file info (ChunkID:-1 Root:root:/ File:D:/UnrealEnginee/UE_4.27/FeaturePacks/TP_VirtualRealityBP.upack)
[2022.02.11-15.44.46:273][  0]LogPakFile: OnPakFileMounted2Time == 0.000049
[2022.02.11-15.44.46:628][  0]LogNativeClassHierarchy: Verbose: Native class hierarchy updated for 'AddContentDialog' in 0.0003 seconds. Added 0 classes and 0 folders.
[2022.02.11-15.44.46:633][  0]LogNativeClassHierarchy: Verbose: Native class hierarchy updated for 'SceneOutliner' in 0.0003 seconds. Added 2 classes and 0 folders.
[2022.02.11-15.44.47:615][  0]LogSlate: Only BGRA pngs, bmps or icos are supported in by External Image Picker
[2022.02.11-15.44.47:704][  0]LogSlate: Took 0.000233 seconds to synchronously load lazily loaded font '../../../Engine/Content/Slate/Fonts/Roboto-Regular.ttf' (155K)
[2022.02.11-15.44.48:299][  0]LogSlate: Took 0.000308 seconds to synchronously load lazily loaded font '../../../Engine/Content/Editor/Slate/Fonts/FontAwesome.ttf' (139K)
[2022.02.11-15.44.48:300][  0]LogSlate: Took 0.000231 seconds to synchronously load lazily loaded font '../../../Engine/Content/Slate/Fonts/Roboto-Bold.ttf' (160K)
[2022.02.11-15.44.48:471][  0]LogRenderer: Reallocating scene render targets to support 1128x568 Format 10 NumSamples 1 (Frame:1).
[2022.02.11-15.44.48:534][  0]LogSlate: Took 0.000635 seconds to synchronously load lazily loaded font '../../../Engine/Content/Slate/Fonts/Roboto-Light.ttf' (167K)
[2022.02.11-15.44.48:607][  0]LogNativeClassHierarchy: Verbose: Native class hierarchy updated for 'HierarchicalLODOutliner' in 0.0008 seconds. Added 0 classes and 0 folders.
[2022.02.11-15.44.48:607][  0]LogLoad: (Engine Initialization) Total time: 17.45 seconds
[2022.02.11-15.44.48:607][  0]LogLoad: (Engine Initialization) Total Blueprint compile time: 0.00 seconds
[2022.02.11-15.44.48:698][  0]LogAssetRegistry: Asset discovery search completed in 8.7100 seconds
[2022.02.11-15.44.48:712][  0]LogFMOD: Loading strings bank: ../../../../../Ican/Cour ican/ICAN Mastere 1 GP/Projet_FastArenaShooter/Projet_FastArenaShooter_Trimestre2/FastArenaShooter/Content/MyContent/FMOD/Desktop/Master.strings.bank
[2022.02.11-15.44.48:805][  0]LogFMOD: Display: Loaded bank lookup
[2022.02.11-15.44.48:805][  0]LogFMOD: Display: Loaded asset lookup
[2022.02.11-15.44.48:808][  0]LogFMOD: Default sample rate = 48000
[2022.02.11-15.44.48:808][  0]LogFMOD: System sample rate = 48000
[2022.02.11-15.44.48:808][  0]LogFMOD: Matching system sample rate 48000
[2022.02.11-15.44.48:968][  0]LogFMOD: Default sample rate = 48000
[2022.02.11-15.44.48:968][  0]LogFMOD: System sample rate = 48000
[2022.02.11-15.44.48:968][  0]LogFMOD: Matching system sample rate 48000
[2022.02.11-15.44.49:021][  0]LogFMOD: Display: Loaded bank lookup
[2022.02.11-15.44.49:021][  0]LogFMOD: Display: Loaded asset lookup
[2022.02.11-15.44.49:023][  0]LogCollectionManager: Fixed up redirectors for 0 collections in 0.000004 seconds (updated 0 objects)
[2022.02.11-15.44.49:024][  0]LogContentStreaming: Texture pool size now 1000 MB
[2022.02.11-15.46.26:433][480]LogUObjectHash: Compacting FUObjectHashTables data took   1.39ms
[2022.02.11-15.46.26:459][480]LogSlate: Window 'FastArenaShooter - Unreal Editor' being destroyed
[2022.02.11-15.46.26:683][480]LogDirectoryWatcher: A directory notification for '../../../Engine/Plugins/' was aborted.
[2022.02.11-15.46.26:861][481]Cmd: QUIT_EDITOR
[2022.02.11-15.46.26:861][481]LogCore: Engine exit requested (reason: UUnrealEdEngine::CloseEditor())
[2022.02.11-15.46.26:873][481]LogCore: Engine exit requested (reason: EngineExit() was called; note: exit was already requested)
[2022.02.11-15.46.26:878][481]LogAudio: Display: Beginning Audio Device Manager Shutdown (Module: AudioMixerXAudio2)...
[2022.02.11-15.46.26:878][481]LogAudio: Display: Destroying 1 Remaining Audio Device(s)...
[2022.02.11-15.46.26:878][481]LogAudio: Display: Audio Device unregistered from world 'Prog_Antoine'.
[2022.02.11-15.46.26:878][481]LogAudioMixer: FMixerPlatformXAudio2::StopAudioStream() called
[2022.02.11-15.46.26:880][481]LogAudioMixer: FMixerPlatformXAudio2::StopAudioStream() called
[2022.02.11-15.46.26:881][481]LogAudio: Display: Audio Device Manager Shutdown
[2022.02.11-15.46.26:882][481]LogWindowsTextInputMethodSystem: Display: IME system deactivated.
[2022.02.11-15.46.26:890][481]LogExit: Preparing to exit.
[2022.02.11-15.46.27:593][481]LogUObjectHash: Compacting FUObjectHashTables data took   0.75ms
[2022.02.11-15.46.27:825][481]LogActorComponent: UnregisterComponent: (None.None) Not registered. Aborting.
[2022.02.11-15.46.27:825][481]LogActorComponent: UnregisterComponent: (None.None) Not registered. Aborting.
[2022.02.11-15.46.27:825][481]LogActorComponent: UnregisterComponent: (None.None) Not registered. Aborting.
[2022.02.11-15.46.27:825][481]LogActorComponent: UnregisterComponent: (None.None) Not registered. Aborting.
[2022.02.11-15.46.27:825][481]LogActorComponent: UnregisterComponent: (None.None) Not registered. Aborting.
[2022.02.11-15.46.27:825][481]LogActorComponent: UnregisterComponent: (None.None) Not registered. Aborting.
[2022.02.11-15.46.27:825][481]LogActorComponent: UnregisterComponent: (None.None) Not registered. Aborting.
[2022.02.11-15.46.27:825][481]LogWorld: UWorld::CleanupWorld for None, bSessionEnded=true, bCleanupResources=true
[2022.02.11-15.46.27:847][481]LogDemo: Cleaned up 0 splitscreen connections with owner deletion
[2022.02.11-15.46.27:854][481]LogWorld: UWorld::CleanupWorld for None, bSessionEnded=true, bCleanupResources=true
[2022.02.11-15.46.27:854][481]LogExit: Editor shut down
[2022.02.11-15.46.27:858][481]LogExit: Transaction tracking system shut down
[2022.02.11-15.46.27:946][481]LogExit: Object subsystem successfully closed.
[2022.02.11-15.46.27:966][481]LogShaderCompilers: Display: === FShaderJobCache stats ===
[2022.02.11-15.46.27:966][481]LogShaderCompilers: Display: Total job queries 0, among them cache hits 0 (0.00%)
[2022.02.11-15.46.27:966][481]LogShaderCompilers: Display: Tracking 0 distinct input hashes that result in 0 distinct outputs (0.00%)
[2022.02.11-15.46.27:967][481]LogShaderCompilers: Display: RAM used: 0.00 MB (0.00 GB) of 819.20 MB (0.80 GB) budget. Usage: 0.00%
[2022.02.11-15.46.27:967][481]LogShaderCompilers: Display: ================================================
[2022.02.11-15.46.27:975][481]LogShaderCompilers: Display: Shaders left to compile 0
[2022.02.11-15.46.27:995][481]LogModuleManager: Shutting down and abandoning module HierarchicalLODOutliner (880)
[2022.02.11-15.46.27:995][481]LogModuleManager: Shutting down and abandoning module ExternalImagePicker (878)
[2022.02.11-15.46.27:995][481]LogModuleManager: Shutting down and abandoning module SceneOutliner (876)
[2022.02.11-15.46.27:995][481]LogModuleManager: Shutting down and abandoning module AddContentDialog (874)
[2022.02.11-15.46.27:996][481]LogModuleManager: Shutting down and abandoning module WidgetCarousel (873)
[2022.02.11-15.46.27:996][481]LogModuleManager: Shutting down and abandoning module EditorWidgets (870)
[2022.02.11-15.46.27:996][481]LogModuleManager: Shutting down and abandoning module StatsViewer (868)
[2022.02.11-15.46.27:996][481]LogModuleManager: Shutting down and abandoning module PIEPreviewDeviceProfileSelector (866)
[2022.02.11-15.46.27:996][481]LogModuleManager: Shutting down and abandoning module SequenceRecorderSections (864)
[2022.02.11-15.46.27:996][481]LogModuleManager: Shutting down and abandoning module AutomationWorker (862)
[2022.02.11-15.46.27:996][481]LogModuleManager: Shutting down and abandoning module OculusMR (860)
[2022.02.11-15.46.27:996][481]LogModuleManager: Shutting down and abandoning module TakeRecorderSources (858)
[2022.02.11-15.46.27:996][481]LogModuleManager: Shutting down and abandoning module TakeRecorder (857)
[2022.02.11-15.46.27:996][481]LogModuleManager: Shutting down and abandoning module TakeTrackRecorders (854)
[2022.02.11-15.46.27:996][481]LogModuleManager: Shutting down and abandoning module TakesCore (852)
[2022.02.11-15.46.27:996][481]LogModuleManager: Shutting down and abandoning module OpenXRInput (850)
[2022.02.11-15.46.27:996][481]LogModuleManager: Shutting down and abandoning module GooglePADEditor (848)
[2022.02.11-15.46.27:996][481]LogModuleManager: Shutting down and abandoning module AudioCaptureEditor (846)
[2022.02.11-15.46.27:996][481]LogModuleManager: Shutting down and abandoning module TemplateSequenceEditor (844)
[2022.02.11-15.46.27:996][481]LogModuleManager: Shutting down and abandoning module MatineeToLevelSequence (842)
[2022.02.11-15.46.27:996][481]LogModuleManager: Shutting down and abandoning module LevelSequenceEditor (840)
[2022.02.11-15.46.27:996][481]LogModuleManager: Shutting down and abandoning module ActorSequenceEditor (838)
[2022.02.11-15.46.27:997][481]LogModuleManager: Shutting down and abandoning module WmfMediaFactory (836)
[2022.02.11-15.46.27:997][481]LogModuleManager: Shutting down and abandoning module WmfMediaEditor (834)
[2022.02.11-15.46.27:997][481]LogModuleManager: Shutting down and abandoning module WebMMediaFactory (832)
[2022.02.11-15.46.27:997][481]LogModuleManager: Shutting down and abandoning module WebMMediaEditor (830)
[2022.02.11-15.46.27:997][481]LogModuleManager: Shutting down and abandoning module WebMMedia (828)
[2022.02.11-15.46.27:997][481]LogModuleManager: Shutting down and abandoning module MediaPlayerEditor (826)
[2022.02.11-15.46.27:997][481]LogModuleManager: Shutting down and abandoning module MediaCompositingEditor (824)
[2022.02.11-15.46.27:997][481]LogModuleManager: Shutting down and abandoning module SequenceRecorder (823)
[2022.02.11-15.46.27:997][481]LogModuleManager: Shutting down and abandoning module OpenExrWrapper (820)
[2022.02.11-15.46.27:997][481]LogModuleManager: Shutting down and abandoning module ImgMediaFactory (818)
[2022.02.11-15.46.27:997][481]LogModuleManager: Shutting down and abandoning module ImgMediaEditor (816)
[2022.02.11-15.46.27:997][481]LogModuleManager: Shutting down and abandoning module AvfMediaFactory (814)
[2022.02.11-15.46.27:997][481]LogModuleManager: Shutting down and abandoning module AvfMediaEditor (812)
[2022.02.11-15.46.27:997][481]LogModuleManager: Shutting down and abandoning module AndroidMediaFactory (810)
[2022.02.11-15.46.27:997][481]LogModuleManager: Shutting down and abandoning module AndroidMediaEditor (808)
[2022.02.11-15.46.27:997][481]LogModuleManager: Shutting down and abandoning module MagicLeapMediaCodecFactory (806)
[2022.02.11-15.46.27:997][481]LogModuleManager: Shutting down and abandoning module MagicLeapMediaFactory (804)
[2022.02.11-15.46.27:997][481]LogModuleManager: Shutting down and abandoning module MagicLeapMediaEditor (802)
[2022.02.11-15.46.27:997][481]LogModuleManager: Shutting down and abandoning module PlanarCut (800)
[2022.02.11-15.46.27:997][481]LogModuleManager: Shutting down and abandoning module CharacterAI (798)
[2022.02.11-15.46.27:997][481]LogModuleManager: Shutting down and abandoning module TextureAlignMode (796)
[2022.02.11-15.46.27:997][481]LogModuleManager: Shutting down and abandoning module BspMode (794)
[2022.02.11-15.46.27:997][481]LogModuleManager: Shutting down and abandoning module GeometryMode (792)
[2022.02.11-15.46.27:997][481]LogModuleManager: Shutting down and abandoning module CameraShakePreviewer (790)
[2022.02.11-15.46.27:997][481]LogModuleManager: Shutting down and abandoning module SmartSnapping (788)
[2022.02.11-15.46.27:998][481]LogModuleManager: Shutting down and abandoning module SessionServices (786)
[2022.02.11-15.46.27:998][481]LogModuleManager: Shutting down and abandoning module MeshPaint (784)
[2022.02.11-15.46.27:998][481]LogModuleManager: Shutting down and abandoning module VirtualTexturingEditor (782)
[2022.02.11-15.46.27:998][481]LogModuleManager: Shutting down and abandoning module FoliageEdit (780)
[2022.02.11-15.46.27:998][481]LogModuleManager: Shutting down and abandoning module LandscapeEditor (778)
[2022.02.11-15.46.27:998][481]LogModuleManager: Shutting down and abandoning module MeshPaintMode (776)
[2022.02.11-15.46.27:998][481]LogModuleManager: Shutting down and abandoning module SceneDepthPickerMode (774)
[2022.02.11-15.46.27:998][481]LogModuleManager: Shutting down and abandoning module ActorPickerMode (772)
[2022.02.11-15.46.27:998][481]LogModuleManager: Shutting down and abandoning module PlacementMode (770)
[2022.02.11-15.46.27:998][481]LogModuleManager: Shutting down and abandoning module ViewportSnapping (768)
[2022.02.11-15.46.27:998][481]LogModuleManager: Shutting down and abandoning module ViewportInteraction (766)
[2022.02.11-15.46.27:998][481]LogModuleManager: Shutting down and abandoning module ClothPainter (764)
[2022.02.11-15.46.27:998][481]LogModuleManager: Shutting down and abandoning module SkeletalMeshEditor (763)
[2022.02.11-15.46.27:998][481]LogModuleManager: Shutting down and abandoning module LogVisualizer (760)
[2022.02.11-15.46.27:998][481]LogModuleManager: Shutting down and abandoning module IntroTutorials (758)
[2022.02.11-15.46.27:998][481]LogModuleManager: Shutting down and abandoning module GameProjectGeneration (757)
[2022.02.11-15.46.27:998][481]LogModuleManager: Shutting down and abandoning module LuminPlatformEditor (754)
[2022.02.11-15.46.27:998][481]LogModuleManager: Shutting down and abandoning module IOSPlatformEditor (752)
[2022.02.11-15.46.27:999][481]LogModuleManager: Shutting down and abandoning module AndroidPlatformEditor (750)
[2022.02.11-15.46.27:999][481]LogModuleManager: Shutting down and abandoning module AndroidDeviceDetection (749)
[2022.02.11-15.46.29:307][481]LogModuleManager: Shutting down and abandoning module WindowsPlatformEditor (746)
[2022.02.11-15.46.29:307][481]LogModuleManager: Shutting down and abandoning module LuminRuntimeSettings (744)
[2022.02.11-15.46.29:308][481]LogModuleManager: Shutting down and abandoning module IOSRuntimeSettings (742)
[2022.02.11-15.46.29:308][481]LogModuleManager: Shutting down and abandoning module AndroidRuntimeSettings (740)
[2022.02.11-15.46.29:308][481]LogModuleManager: Shutting down and abandoning module TraceInsights (738)
[2022.02.11-15.46.29:308][481]MemoryProfiler: Shutdown
[2022.02.11-15.46.29:308][481]NetworkingProfiler: Shutdown
[2022.02.11-15.46.29:308][481]LoadingProfiler: Shutdown
[2022.02.11-15.46.29:308][481]TimingProfiler: Shutdown
[2022.02.11-15.46.29:308][481]LogModuleManager: Shutting down and abandoning module TraceServices (737)
[2022.02.11-15.46.29:308][481]LogModuleManager: Shutting down and abandoning module EditorInteractiveToolsFramework (734)
[2022.02.11-15.46.29:308][481]LogModuleManager: Shutting down and abandoning module TimeManagementEditor (732)
[2022.02.11-15.46.29:308][481]LogModuleManager: Shutting down and abandoning module InputBindingEditor (730)
[2022.02.11-15.46.29:308][481]LogModuleManager: Shutting down and abandoning module MergeActors (728)
[2022.02.11-15.46.29:308][481]LogModuleManager: Shutting down and abandoning module LocalizationDashboard (726)
[2022.02.11-15.46.29:308][481]LogModuleManager: Shutting down and abandoning module LocalizationService (725)
[2022.02.11-15.46.29:308][481]LogModuleManager: Shutting down and abandoning module HardwareTargeting (722)
[2022.02.11-15.46.29:308][481]LogModuleManager: Shutting down and abandoning module DeviceProfileEditor (720)
[2022.02.11-15.46.29:308][481]LogModuleManager: Shutting down and abandoning module UndoHistory (718)
[2022.02.11-15.46.29:308][481]LogModuleManager: Shutting down and abandoning module XmlParser (716)
[2022.02.11-15.46.29:308][481]LogModuleManager: Shutting down and abandoning module Blutility (714)
[2022.02.11-15.46.29:308][481]LogModuleManager: Shutting down and abandoning module ProjectSettingsViewer (712)
[2022.02.11-15.46.29:308][481]LogModuleManager: Shutting down and abandoning module ProjectTargetPlatformEditor (711)
[2022.02.11-15.46.29:308][481]LogModuleManager: Shutting down and abandoning module EditorSettingsViewer (708)
[2022.02.11-15.46.29:308][481]LogModuleManager: Shutting down and abandoning module InternationalizationSettings (707)
[2022.02.11-15.46.29:308][481]LogModuleManager: Shutting down and abandoning module SettingsEditor (704)
[2022.02.11-15.46.29:308][481]LogModuleManager: Shutting down and abandoning module ProjectLauncher (702)
[2022.02.11-15.46.29:308][481]LogModuleManager: Shutting down and abandoning module SessionFrontend (700)
[2022.02.11-15.46.29:308][481]LogModuleManager: Shutting down and abandoning module ProfilerClient (698)
[2022.02.11-15.46.29:308][481]LogModuleManager: Shutting down and abandoning module DeviceManager (696)
[2022.02.11-15.46.29:308][481]LogModuleManager: Shutting down and abandoning module TargetDeviceServices (695)
[2022.02.11-15.46.29:341][481]LogModuleManager: Shutting down and abandoning module AutomationController (692)
[2022.02.11-15.46.29:341][481]LogModuleManager: Shutting down and abandoning module AutomationWindow (690)
[2022.02.11-15.46.29:341][481]LogModuleManager: Shutting down and abandoning module Layers (688)
[2022.02.11-15.46.29:341][481]LogModuleManager: Shutting down and abandoning module ComponentVisualizers (686)
[2022.02.11-15.46.29:341][481]LogModuleManager: Shutting down and abandoning module DetailCustomizations (684)
[2022.02.11-15.46.29:341][481]LogModuleManager: Shutting down and abandoning module PackagesDialog (682)
[2022.02.11-15.46.29:341][481]LogModuleManager: Shutting down and abandoning module AnimationBlueprintEditor (680)
[2022.02.11-15.46.29:341][481]LogModuleManager: Shutting down and abandoning module Persona (678)
[2022.02.11-15.46.29:341][481]LogModuleManager: Shutting down and abandoning module AdvancedPreviewScene (677)
[2022.02.11-15.46.29:341][481]LogModuleManager: Shutting down and abandoning module Kismet (674)
[2022.02.11-15.46.29:341][481]LogModuleManager: Shutting down and abandoning module KismetWidgets (673)
[2022.02.11-15.46.29:341][481]LogModuleManager: Shutting down and abandoning module GraphEditor (670)
[2022.02.11-15.46.29:341][481]LogModuleManager: Shutting down and abandoning module StructViewer (668)
[2022.02.11-15.46.29:341][481]LogModuleManager: Shutting down and abandoning module ClassViewer (666)
[2022.02.11-15.46.29:341][481]LogModuleManager: Shutting down and abandoning module Toolbox (664)
[2022.02.11-15.46.29:341][481]LogModuleManager: Shutting down and abandoning module ModuleUI (662)
[2022.02.11-15.46.29:341][481]LogModuleManager: Shutting down and abandoning module OutputLog (660)
[2022.02.11-15.46.29:341][481]LogModuleManager: Shutting down and abandoning module GammaUI (658)
[2022.02.11-15.46.29:341][481]LogModuleManager: Shutting down and abandoning module Documentation (656)
[2022.02.11-15.46.29:341][481]LogModuleManager: Shutting down and abandoning module LiveCoding (654)
[2022.02.11-15.46.29:342][481]LogModuleManager: Shutting down and abandoning module LevelSequence (652)
[2022.02.11-15.46.29:342][481]LogModuleManager: Shutting down and abandoning module MovieSceneTracks (650)
[2022.02.11-15.46.29:342][481]LogModuleManager: Shutting down and abandoning module MovieScene (648)
[2022.02.11-15.46.29:342][481]LogModuleManager: Shutting down and abandoning module StreamingPauseRendering (646)
[2022.02.11-15.46.29:342][481]LogModuleManager: Shutting down and abandoning module LauncherPlatform (644)
[2022.02.11-15.46.29:342][481]LogModuleManager: Shutting down and abandoning module AnalyticsET (642)
[2022.02.11-15.46.29:342][481]LogModuleManager: Shutting down and abandoning module PortalServices (640)
[2022.02.11-15.46.29:342][481]LogModuleManager: Shutting down and abandoning module PortalRpc (638)
[2022.02.11-15.46.29:342][481]LogModuleManager: Shutting down and abandoning module MessagingRpc (636)
[2022.02.11-15.46.29:342][481]LogModuleManager: Shutting down and abandoning module AudioMixerXAudio2 (634)
[2022.02.11-15.46.29:342][481]LogModuleManager: Shutting down and abandoning module AudioMixerCore (633)
[2022.02.11-15.46.29:342][481]LogModuleManager: Shutting down and abandoning module AIModule (630)
[2022.02.11-15.46.29:342][481]LogModuleManager: Shutting down and abandoning module GameplayDebugger (629)
[2022.02.11-15.46.29:342][481]LogModuleManager: Shutting down and abandoning module AITestSuite (627)
[2022.02.11-15.46.29:342][481]LogModuleManager: Shutting down and abandoning module NavigationSystem (625)
[2022.02.11-15.46.29:342][481]LogModuleManager: Shutting down and abandoning module ImageWriteQueue (622)
[2022.02.11-15.46.29:346][481]LogModuleManager: Shutting down and abandoning module ProfilerService (620)
[2022.02.11-15.46.29:459][481]LogModuleManager: Shutting down and abandoning module TaskGraph (618)
[2022.02.11-15.46.29:460][481]LogModuleManager: Shutting down and abandoning module AudioSynesthesiaEditor (616)
[2022.02.11-15.46.29:460][481]LogModuleManager: Shutting down and abandoning module OculusEditor (614)
[2022.02.11-15.46.29:460][481]LogModuleManager: Shutting down and abandoning module OculusInput (612)
[2022.02.11-15.46.29:460][481]LogModuleManager: Shutting down and abandoning module ContentBrowserFileDataSource (610)
[2022.02.11-15.46.29:460][481]LogModuleManager: Shutting down and abandoning module ContentBrowserClassDataSource (608)
[2022.02.11-15.46.29:460][481]LogModuleManager: Shutting down and abandoning module ContentBrowserAssetDataSource (606)
[2022.02.11-15.46.29:460][481]LogModuleManager: Shutting down and abandoning module CollectionManager (605)
[2022.02.11-15.46.29:460][481]LogModuleManager: Shutting down and abandoning module TakeSequencer (602)
[2022.02.11-15.46.29:460][481]LogModuleManager: Shutting down and abandoning module TakeMovieScene (600)
[2022.02.11-15.46.29:460][481]LogModuleManager: Shutting down and abandoning module SynthesisEditor (598)
[2022.02.11-15.46.29:460][481]LogModuleManager: Shutting down and abandoning module Synthesis (596)
[2022.02.11-15.46.29:460][481]LogModuleManager: Shutting down and abandoning module ProceduralMeshComponentEditor (594)
[2022.02.11-15.46.29:460][481]LogModuleManager: Shutting down and abandoning module ProceduralMeshComponent (592)
[2022.02.11-15.46.29:460][481]LogModuleManager: Shutting down and abandoning module ScreenshotTools (590)
[2022.02.11-15.46.29:460][481]LogModuleManager: Shutting down and abandoning module OpenXREditor (588)
[2022.02.11-15.46.29:460][481]LogModuleManager: Shutting down and abandoning module MobilePatchingUtils (586)
[2022.02.11-15.46.29:460][481]LogModuleManager: Shutting down and abandoning module GooglePAD (584)
[2022.02.11-15.46.29:460][481]LogModuleManager: Shutting down and abandoning module EditableMesh (582)
[2022.02.11-15.46.29:460][481]LogModuleManager: Shutting down and abandoning module CustomMeshComponent (580)
[2022.02.11-15.46.29:460][481]LogModuleManager: Shutting down and abandoning module CableComponent (578)
[2022.02.11-15.46.29:460][481]LogModuleManager: Shutting down and abandoning module AudioCapture (576)
[2022.02.11-15.46.29:460][481]LogModuleManager: Shutting down and abandoning module AudioCaptureRtAudio (575)
[2022.02.11-15.46.29:460][481]LogModuleManager: Shutting down and abandoning module AssetTags (572)
[2022.02.11-15.46.29:460][481]LogModuleManager: Shutting down and abandoning module ArchVisCharacter (570)
[2022.02.11-15.46.29:460][481]LogModuleManager: Shutting down and abandoning module AppleImageUtilsBlueprintSupport (568)
[2022.02.11-15.46.29:460][481]LogModuleManager: Shutting down and abandoning module AppleImageUtils (566)
[2022.02.11-15.46.29:460][481]LogModuleManager: Shutting down and abandoning module AndroidPermission (564)
[2022.02.11-15.46.29:460][481]LogModuleManager: Shutting down and abandoning module ActorLayerUtilitiesEditor (562)
[2022.02.11-15.46.29:460][481]LogModuleManager: Shutting down and abandoning module ActorLayerUtilities (560)
[2022.02.11-15.46.29:460][481]LogModuleManager: Shutting down and abandoning module TemplateSequence (558)
[2022.02.11-15.46.29:460][481]LogModuleManager: Shutting down and abandoning module MediaCompositing (556)
[2022.02.11-15.46.29:460][481]LogModuleManager: Shutting down and abandoning module ImgMedia (554)
[2022.02.11-15.46.29:460][481]LogModuleManager: Shutting down and abandoning module MagicLeapSharedWorld (552)
[2022.02.11-15.46.29:460][481]LogModuleManager: Shutting down and abandoning module MagicLeapLightEstimation (550)
[2022.02.11-15.46.29:460][481]LogModuleManager: Shutting down and abandoning module MagicLeapHelperVulkan (548)
[2022.02.11-15.46.29:460][481]LogModuleManager: Shutting down and abandoning module MagicLeapHelperOpenGL (546)
[2022.02.11-15.46.29:460][481]LogModuleManager: Shutting down and abandoning module MagicLeapAudio (544)
[2022.02.11-15.46.29:460][481]LogModuleManager: Shutting down and abandoning module NiagaraEditorWidgets (542)
[2022.02.11-15.46.29:461][481]LogModuleManager: Shutting down and abandoning module MotoSynthEditor (540)
[2022.02.11-15.46.29:461][481]LogModuleManager: Shutting down and abandoning module MotoSynth (538)
[2022.02.11-15.46.29:461][481]LogModuleManager: Shutting down and abandoning module OpenImageDenoise (536)
[2022.02.11-15.46.29:461][481]LogOpenImageDenoise: OIDN shutting down
[2022.02.11-15.46.29:461][481]LogModuleManager: Shutting down and abandoning module MeshConversion (534)
[2022.02.11-15.46.29:461][481]LogModuleManager: Shutting down and abandoning module DynamicMesh (532)
[2022.02.11-15.46.29:461][481]LogModuleManager: Shutting down and abandoning module GeometryAlgorithms (530)
[2022.02.11-15.46.29:461][481]LogModuleManager: Shutting down and abandoning module GeometricObjects (528)
[2022.02.11-15.46.29:461][481]LogModuleManager: Shutting down and abandoning module GeometryCollectionTracks (526)
[2022.02.11-15.46.29:461][481]LogModuleManager: Shutting down and abandoning module GeometryCollectionSequencer (525)
[2022.02.11-15.46.29:461][481]LogModuleManager: Shutting down and abandoning module GeometryCollectionEditor (522)
[2022.02.11-15.46.29:461][481]LogModuleManager: Shutting down and abandoning module GeometryCacheTracks (520)
[2022.02.11-15.46.29:461][481]LogModuleManager: Shutting down and abandoning module GeometryCacheStreamer (518)
[2022.02.11-15.46.29:461][481]LogModuleManager: Shutting down and abandoning module GeometryCacheSequencer (516)
[2022.02.11-15.46.29:461][481]LogModuleManager: Shutting down and abandoning module ChaosSolverEditor (514)
[2022.02.11-15.46.29:461][481]LogModuleManager: Shutting down and abandoning module ChaosNiagara (512)
[2022.02.11-15.46.29:461][481]LogModuleManager: Shutting down and abandoning module FractureEditor (510)
[2022.02.11-15.46.29:461][481]LogModuleManager: Shutting down and abandoning module FieldSystemEngine (509)
[2022.02.11-15.46.29:461][481]LogModuleManager: Shutting down and abandoning module ChaosClothEditor (506)
[2022.02.11-15.46.29:461][481]LogModuleManager: Shutting down and abandoning module BackChannel (504)
[2022.02.11-15.46.29:461][481]LogModuleManager: Shutting down and abandoning module AutomationUtilsEditor (502)
[2022.02.11-15.46.29:461][481]LogModuleManager: Shutting down and abandoning module AutomationUtils (500)
[2022.02.11-15.46.29:461][481]LogModuleManager: Shutting down and abandoning module AlembicImporter (498)
[2022.02.11-15.46.29:461][481]LogModuleManager: Shutting down and abandoning module AlembicLibrary (497)
[2022.02.11-15.46.29:461][481]LogModuleManager: Shutting down and abandoning module GeometryCache (496)
[2022.02.11-15.46.29:461][481]LogModuleManager: Shutting down and abandoning module GeometryCacheEd (495)
[2022.02.11-15.46.29:461][481]LogModuleManager: Shutting down and abandoning module VariantManagerContentEditor (490)
[2022.02.11-15.46.29:461][481]LogModuleManager: Shutting down and abandoning module MaterialAnalyzer (488)
[2022.02.11-15.46.29:461][481]LogModuleManager: Shutting down and abandoning module PluginBrowser (486)
[2022.02.11-15.46.29:461][481]LogModuleManager: Shutting down and abandoning module SpeedTreeImporter (484)
[2022.02.11-15.46.29:461][481]LogModuleManager: Shutting down and abandoning module MobileLauncherProfileWizard (482)
[2022.02.11-15.46.29:461][481]LogModuleManager: Shutting down and abandoning module DatasmithContentEditor (480)
[2022.02.11-15.46.29:461][481]LogModuleManager: Shutting down and abandoning module CurveEditorTools (478)
[2022.02.11-15.46.29:461][481]LogModuleManager: Shutting down and abandoning module CryptoKeysOpenSSL (476)
[2022.02.11-15.46.29:461][481]LogModuleManager: Shutting down and abandoning module CryptoKeys (474)
[2022.02.11-15.46.29:461][481]LogModuleManager: Shutting down and abandoning module VisualStudioSourceCodeAccess (472)
[2022.02.11-15.46.29:461][481]LogModuleManager: Shutting down and abandoning module UObjectPlugin (470)
[2022.02.11-15.46.29:461][481]LogModuleManager: Shutting down and abandoning module VisualStudioCodeSourceCodeAccess (468)
[2022.02.11-15.46.29:461][481]LogModuleManager: Shutting down and abandoning module SubversionSourceControl (466)
[2022.02.11-15.46.29:461][481]LogModuleManager: Shutting down and abandoning module RiderSourceCodeAccess (464)
[2022.02.11-15.46.29:461][481]LogModuleManager: Shutting down and abandoning module OodleNetworkHandlerComponent (462)
[2022.02.11-15.46.29:461][481]LogModuleManager: Shutting down and abandoning module RiderGameControlExtension (460)
[2022.02.11-15.46.29:461][481]LogModuleManager: Shutting down and abandoning module RiderBlueprintExtension (458)
[2022.02.11-15.46.29:461][481]LogModuleManager: Shutting down and abandoning module PluginUtils (456)
[2022.02.11-15.46.29:461][481]LogModuleManager: Shutting down and abandoning module PlasticSourceControl (454)
[2022.02.11-15.46.29:461][481]LogModuleManager: Shutting down and abandoning module PerforceSourceControl (452)
[2022.02.11-15.46.29:461][481]LogModuleManager: Shutting down and abandoning module GitSourceControl (450)
[2022.02.11-15.46.29:461][481]LogModuleManager: Shutting down and abandoning module SourceControl (449)
[2022.02.11-15.46.29:462][481]LogModuleManager: Shutting down and abandoning module CLionSourceCodeAccess (446)
[2022.02.11-15.46.29:462][481]LogModuleManager: Shutting down and abandoning module AnimationSharingEd (444)
[2022.02.11-15.46.29:462][481]LogModuleManager: Shutting down and abandoning module LightPropagationVolumeEditor (442)
[2022.02.11-15.46.29:462][481]LogModuleManager: Shutting down and abandoning module LiveLinkSequencer (440)
[2022.02.11-15.46.29:462][481]LogModuleManager: Shutting down and abandoning module LiveLinkMovieScene (438)
[2022.02.11-15.46.29:462][481]LogModuleManager: Shutting down and abandoning module LiveLinkGraphNode (436)
[2022.02.11-15.46.29:462][481]LogModuleManager: Shutting down and abandoning module LiveLinkEditor (434)
[2022.02.11-15.46.29:462][481]LogModuleManager: Shutting down and abandoning module LiveLinkComponents (432)
[2022.02.11-15.46.29:462][481]LogModuleManager: Shutting down and abandoning module LiveLink (430)
[2022.02.11-15.46.29:574][481]LogModuleManager: Shutting down and abandoning module PaperTiledImporter (428)
[2022.02.11-15.46.29:574][481]LogModuleManager: Shutting down and abandoning module PaperSpriteSheetImporter (426)
[2022.02.11-15.46.29:574][481]LogModuleManager: Shutting down and abandoning module Paper2DEditor (424)
[2022.02.11-15.46.29:574][481]LogModuleManager: Shutting down and abandoning module MeshPaintingToolset (422)
[2022.02.11-15.46.29:574][481]LogModuleManager: Shutting down and abandoning module MeshPaintEditorMode (420)
[2022.02.11-15.46.29:574][481]LogModuleManager: Shutting down and abandoning module FMODStudioEditor (418)
[2022.02.11-15.46.29:584][481]LogModuleManager: Shutting down and abandoning module FastArenaShooter (416)
[2022.02.11-15.46.29:584][481]LogModuleManager: Shutting down and abandoning module AnimGraph (415)
[2022.02.11-15.46.29:584][481]LogModuleManager: Shutting down and abandoning module SoundFields (412)
[2022.02.11-15.46.29:584][481]LogModuleManager: Shutting down and abandoning module RuntimePhysXCooking (410)
[2022.02.11-15.46.29:584][481]LogModuleManager: Shutting down and abandoning module SignificanceManager (408)
[2022.02.11-15.46.29:584][481]LogModuleManager: Shutting down and abandoning module PropertyAccessEditor (406)
[2022.02.11-15.46.29:584][481]LogModuleManager: Shutting down and abandoning module PhysXVehiclesEditor (404)
[2022.02.11-15.46.29:584][481]LogModuleManager: Shutting down and abandoning module LocationServicesBPLibrary (400)
[2022.02.11-15.46.29:584][481]LogModuleManager: Shutting down and abandoning module AudioSynesthesia (398)
[2022.02.11-15.46.29:584][481]LogModuleManager: Shutting down and abandoning module AudioSynesthesiaCore (396)
[2022.02.11-15.46.29:584][481]LogModuleManager: Shutting down and abandoning module ActorSequence (394)
[2022.02.11-15.46.29:584][481]LogModuleManager: Shutting down and abandoning module UdpMessaging (392)
[2022.02.11-15.46.29:685][481]LogModuleManager: Shutting down and abandoning module TcpMessaging (390)
[2022.02.11-15.46.29:785][481]LogModuleManager: Shutting down and abandoning module ImgMediaEngine (388)
[2022.02.11-15.46.29:785][481]LogModuleManager: Shutting down and abandoning module MagicLeapARPin (386)
[2022.02.11-15.46.29:785][481]LogModuleManager: Shutting down and abandoning module MagicLeapHandMeshing (384)
[2022.02.11-15.46.29:785][481]LogModuleManager: Shutting down and abandoning module MagicLeapSecureStorage (382)
[2022.02.11-15.46.29:785][481]LogModuleManager: Shutting down and abandoning module MagicLeapPrivileges (380)
[2022.02.11-15.46.29:785][481]LogModuleManager: Shutting down and abandoning module MagicLeapPlanes (378)
[2022.02.11-15.46.29:785][481]LogMagicLeapPlanes: Planes tracker already destroyed.
[2022.02.11-15.46.29:785][481]LogModuleManager: Shutting down and abandoning module MagicLeapImageTracker (376)
[2022.02.11-15.46.29:785][481]LogModuleManager: Shutting down and abandoning module MagicLeapIdentity (374)
[2022.02.11-15.46.29:785][481]LogModuleManager: Shutting down and abandoning module MagicLeapHandTracking (372)
[2022.02.11-15.46.29:785][481]LogModuleManager: Shutting down and abandoning module MagicLeapEyeTracker (370)
[2022.02.11-15.46.29:785][481]LogModuleManager: Shutting down and abandoning module MagicLeapController (368)
[2022.02.11-15.46.29:785][481]LogModuleManager: Shutting down and abandoning module MagicLeapARPinImpl (366)
[2022.02.11-15.46.29:785][481]LogModuleManager: Shutting down and abandoning module MagicLeapAR (364)
[2022.02.11-15.46.29:785][481]LogModuleManager: Shutting down and abandoning module NiagaraAnimNotifies (362)
[2022.02.11-15.46.29:785][481]LogModuleManager: Shutting down and abandoning module Niagara (360)
[2022.02.11-15.46.29:785][481]LogModuleManager: Shutting down and abandoning module SignalProcessing (359)
[2022.02.11-15.46.29:785][481]LogModuleManager: Shutting down and abandoning module NiagaraEditor (357)
[2022.02.11-15.46.29:785][481]LogModuleManager: Shutting down and abandoning module NiagaraCore (354)
[2022.02.11-15.46.29:785][481]LogModuleManager: Shutting down and abandoning module PythonScriptPlugin (352)
[2022.02.11-15.46.29:786][481]LogModuleManager: Shutting down and abandoning module GameplayTagsEditor (350)
[2022.02.11-15.46.29:786][481]LogModuleManager: Shutting down and abandoning module FacialAnimationEditor (348)
[2022.02.11-15.46.29:786][481]LogModuleManager: Shutting down and abandoning module FacialAnimation (346)
[2022.02.11-15.46.29:786][481]LogModuleManager: Shutting down and abandoning module DataValidation (344)
[2022.02.11-15.46.29:786][481]LogModuleManager: Shutting down and abandoning module AssetManagerEditor (342)
[2022.02.11-15.46.29:786][481]LogModuleManager: Shutting down and abandoning module LevelEditor (341)
[2022.02.11-15.46.29:787][481]LogModuleManager: Shutting down and abandoning module PixelInspectorModule (340)
[2022.02.11-15.46.29:787][481]LogModuleManager: Shutting down and abandoning module CommonMenuExtensions (338)
[2022.02.11-15.46.29:787][481]LogModuleManager: Shutting down and abandoning module MainFrame (336)
[2022.02.11-15.46.29:787][481]LogModuleManager: Shutting down and abandoning module HotReload (335)
[2022.02.11-15.46.29:788][481]LogModuleManager: Shutting down and abandoning module ToolMenus (331)
[2022.02.11-15.46.29:788][481]LogModuleManager: Shutting down and abandoning module ContentBrowser (329)
[2022.02.11-15.46.29:788][481]LogModuleManager: Shutting down and abandoning module ContentBrowserData (328)
[2022.02.11-15.46.29:788][481]LogModuleManager: Shutting down and abandoning module TreeMap (325)
[2022.02.11-15.46.29:788][481]LogModuleManager: Shutting down and abandoning module RiderLoggingExtension (322)
[2022.02.11-15.46.29:789][481]LogModuleManager: Shutting down and abandoning module RiderLink (320)
[2022.02.11-15.46.29:791][481]LogModuleManager: Shutting down and abandoning module RD (318)
[2022.02.11-15.46.29:791][481]LogModuleManager: Shutting down and abandoning module PropertyAccessNode (316)
[2022.02.11-15.46.29:791][481]LogModuleManager: Shutting down and abandoning module AnimationSharing (314)
[2022.02.11-15.46.29:791][481]LogModuleManager: Shutting down and abandoning module GameplayCameras (312)
[2022.02.11-15.46.29:791][481]LogModuleManager: Shutting down and abandoning module EnvironmentQueryEditor (310)
[2022.02.11-15.46.29:791][481]LogModuleManager: Shutting down and abandoning module LightPropagationVolumeRuntime (308)
[2022.02.11-15.46.29:791][481]LogModuleManager: Shutting down and abandoning module Paper2D (306)
[2022.02.11-15.46.29:791][481]LogModuleManager: Shutting down and abandoning module FMODStudio (304)
[2022.02.11-15.46.29:967][481]LogModuleManager: Shutting down and abandoning module WindowsMoviePlayer (302)
[2022.02.11-15.46.29:968][481]LogModuleManager: Shutting down and abandoning module WebMMoviePlayer (300)
[2022.02.11-15.46.29:968][481]LogModuleManager: Shutting down and abandoning module NetworkReplayStreaming (298)
[2022.02.11-15.46.29:968][481]LogModuleManager: Shutting down and abandoning module PacketHandler (296)
[2022.02.11-15.46.29:968][481]LogModuleManager: Shutting down and abandoning module ClothingSystemEditor (294)
[2022.02.11-15.46.29:968][481]LogModuleManager: Shutting down and abandoning module ClothingSystemRuntimeNv (292)
[2022.02.11-15.46.29:968][481]LogModuleManager: Shutting down and abandoning module MediaAssets (290)
[2022.02.11-15.46.29:968][481]LogModuleManager: Shutting down and abandoning module Overlay (288)
[2022.02.11-15.46.29:968][481]LogModuleManager: Shutting down and abandoning module OverlayEditor (287)
[2022.02.11-15.46.29:968][481]LogModuleManager: Shutting down and abandoning module VREditor (284)
[2022.02.11-15.46.29:968][481]LogModuleManager: Shutting down and abandoning module StringTableEditor (282)
[2022.02.11-15.46.29:968][481]LogModuleManager: Shutting down and abandoning module GameplayTasksEditor (280)
[2022.02.11-15.46.29:968][481]LogModuleManager: Shutting down and abandoning module BehaviorTreeEditor (278)
[2022.02.11-15.46.29:968][481]LogModuleManager: Shutting down and abandoning module FunctionalTesting (276)
[2022.02.11-15.46.29:968][481]LogModuleManager: Shutting down and abandoning module CollisionAnalyzer (274)
[2022.02.11-15.46.29:968][481]LogModuleManager: Shutting down and abandoning module WorkspaceMenuStructure (273)
[2022.02.11-15.46.29:968][481]LogModuleManager: Shutting down and abandoning module UMG (270)
[2022.02.11-15.46.29:968][481]LogModuleManager: Shutting down and abandoning module UMGEditor (269)
[2022.02.11-15.46.29:968][481]LogModuleManager: Shutting down and abandoning module MessageLog (267)
[2022.02.11-15.46.29:968][481]LogModuleManager: Shutting down and abandoning module SlateReflector (262)
[2022.02.11-15.46.29:968][481]LogModuleManager: Shutting down and abandoning module Slate (260)
[2022.02.11-15.46.29:968][481]LogModuleManager: Shutting down and abandoning module SlateCore (258)
[2022.02.11-15.46.29:969][481]LogModuleManager: Shutting down and abandoning module LandscapeEditorUtilities (256)
[2022.02.11-15.46.29:969][481]LogModuleManager: Shutting down and abandoning module UnrealEd (254)
[2022.02.11-15.46.29:969][481]LogModuleManager: Shutting down and abandoning module MRMesh (252)
[2022.02.11-15.46.29:969][481]LogModuleManager: Shutting down and abandoning module SourceCodeAccess (250)
[2022.02.11-15.46.29:969][481]LogModuleManager: Shutting down and abandoning module HeadMountedDisplay (248)
[2022.02.11-15.46.29:969][481]LogModuleManager: Shutting down and abandoning module XAudio2 (246)
[2022.02.11-15.46.29:969][481]LogModuleManager: Shutting down and abandoning module Networking (244)
[2022.02.11-15.46.29:969][481]LogModuleManager: Shutting down and abandoning module Core (242)
[2022.02.11-15.46.29:969][481]LogModuleManager: Shutting down and abandoning module MaterialEditor (240)
[2022.02.11-15.46.29:969][481]LogModuleManager: Shutting down and abandoning module MovieSceneTools (238)
[2022.02.11-15.46.29:969][481]LogModuleManager: Shutting down and abandoning module CurveEditor (237)
[2022.02.11-15.46.29:969][481]LogModuleManager: Shutting down and abandoning module Sequencer (235)
[2022.02.11-15.46.29:970][481]LogModuleManager: Shutting down and abandoning module EditorStyle (234)
[2022.02.11-15.46.29:970][481]LogModuleManager: Shutting down and abandoning module KismetCompiler (230)
[2022.02.11-15.46.29:970][481]LogModuleManager: Shutting down and abandoning module MeshBuilder (228)
[2022.02.11-15.46.29:970][481]LogModuleManager: Shutting down and abandoning module MeshUtilities (226)
[2022.02.11-15.46.29:970][481]LogModuleManager: Shutting down and abandoning module MeshMergeUtilities (225)
[2022.02.11-15.46.29:970][481]LogModuleManager: Shutting down and abandoning module MeshReductionInterface (224)
[2022.02.11-15.46.29:970][481]LogModuleManager: Shutting down and abandoning module MeshBoneReduction (223)
[2022.02.11-15.46.29:970][481]LogModuleManager: Shutting down and abandoning module SkeletalMeshReduction (221)
[2022.02.11-15.46.29:970][481]LogModuleManager: Shutting down and abandoning module ProxyLODMeshReduction (219)
[2022.02.11-15.46.29:970][481]LogModuleManager: Shutting down and abandoning module QuadricMeshReduction (217)
[2022.02.11-15.46.29:970][481]LogModuleManager: Shutting down and abandoning module MaterialBaking (213)
[2022.02.11-15.46.29:970][481]LogModuleManager: Shutting down and abandoning module NullInstallBundleManager (208)
[2022.02.11-15.46.29:970][481]LogModuleManager: Shutting down and abandoning module DerivedDataCache (206)
[2022.02.11-15.46.29:971][481]LogModuleManager: Shutting down and abandoning module TargetPlatform (204)
[2022.02.11-15.46.29:971][481]LogModuleManager: Shutting down and abandoning module VulkanShaderFormat (203)
[2022.02.11-15.46.29:971][481]LogModuleManager: Shutting down and abandoning module ShaderFormatVectorVM (201)
[2022.02.11-15.46.29:971][481]LogModuleManager: Shutting down and abandoning module ShaderFormatOpenGL (199)
[2022.02.11-15.46.29:971][481]LogModuleManager: Shutting down and abandoning module ShaderFormatD3D (197)
[2022.02.11-15.46.29:971][481]LogModuleManager: Shutting down and abandoning module MetalShaderFormat (195)
[2022.02.11-15.46.29:971][481]LogModuleManager: Shutting down and abandoning module TextureFormatOodle (193)
[2022.02.11-15.46.29:971][481]LogModuleManager: Shutting down and abandoning module TextureFormatUncompressed (191)
[2022.02.11-15.46.29:971][481]LogModuleManager: Shutting down and abandoning module TextureFormatPVR (189)
[2022.02.11-15.46.29:971][481]LogModuleManager: Shutting down and abandoning module TextureFormatETC2 (187)
[2022.02.11-15.46.29:971][481]LogModuleManager: Shutting down and abandoning module TextureFormatDXT (185)
[2022.02.11-15.46.29:971][481]LogModuleManager: Shutting down and abandoning module TextureFormatIntelISPCTexComp (183)
[2022.02.11-15.46.29:971][481]LogModuleManager: Shutting down and abandoning module TextureFormatASTC (181)
[2022.02.11-15.46.29:971][481]LogModuleManager: Shutting down and abandoning module ImageWrapper (180)
[2022.02.11-15.46.29:971][481]LogModuleManager: Shutting down and abandoning module AudioFormatOpus (177)
[2022.02.11-15.46.29:971][481]LogModuleManager: Shutting down and abandoning module AudioFormatOgg (175)
[2022.02.11-15.46.29:971][481]LogModuleManager: Shutting down and abandoning module AudioFormatADPCM (173)
[2022.02.11-15.46.29:971][481]LogModuleManager: Shutting down and abandoning module WindowsServerTargetPlatform (171)
[2022.02.11-15.46.29:971][481]LogModuleManager: Shutting down and abandoning module WindowsClientTargetPlatform (169)
[2022.02.11-15.46.29:971][481]LogModuleManager: Shutting down and abandoning module WindowsTargetPlatform (167)
[2022.02.11-15.46.29:971][481]LogModuleManager: Shutting down and abandoning module WindowsNoEditorTargetPlatform (165)
[2022.02.11-15.46.29:971][481]LogModuleManager: Shutting down and abandoning module TVOSTargetPlatform (163)
[2022.02.11-15.46.29:972][481]LogModuleManager: Shutting down and abandoning module MacServerTargetPlatform (161)
[2022.02.11-15.46.29:972][481]LogModuleManager: Shutting down and abandoning module MacClientTargetPlatform (159)
[2022.02.11-15.46.29:972][481]LogModuleManager: Shutting down and abandoning module MacTargetPlatform (157)
[2022.02.11-15.46.29:972][481]LogModuleManager: Shutting down and abandoning module MacNoEditorTargetPlatform (155)
[2022.02.11-15.46.29:972][481]LogModuleManager: Shutting down and abandoning module LuminTargetPlatform (153)
[2022.02.11-15.46.29:972][481]LogModuleManager: Shutting down and abandoning module LinuxAArch64ServerTargetPlatform (151)
[2022.02.11-15.46.29:972][481]LogModuleManager: Shutting down and abandoning module LinuxAArch64ClientTargetPlatform (149)
[2022.02.11-15.46.29:972][481]LogModuleManager: Shutting down and abandoning module LinuxAArch64NoEditorTargetPlatform (147)
[2022.02.11-15.46.29:972][481]LogModuleManager: Shutting down and abandoning module LinuxServerTargetPlatform (145)
[2022.02.11-15.46.29:972][481]LogModuleManager: Shutting down and abandoning module LinuxClientTargetPlatform (143)
[2022.02.11-15.46.29:972][481]LogModuleManager: Shutting down and abandoning module LinuxNoEditorTargetPlatform (141)
[2022.02.11-15.46.29:972][481]LogModuleManager: Shutting down and abandoning module LinuxTargetPlatform (139)
[2022.02.11-15.46.29:972][481]LogModuleManager: Shutting down and abandoning module Messaging (137)
[2022.02.11-15.46.29:972][481]LogModuleManager: Shutting down and abandoning module IOSTargetPlatform (135)
[2022.02.11-15.46.29:973][481]LogModuleManager: Shutting down and abandoning module AndroidTargetPlatform (133)
[2022.02.11-15.46.29:975][481]LogModuleManager: Shutting down and abandoning module AllDesktopTargetPlatform (131)
[2022.02.11-15.46.29:976][481]LogModuleManager: Shutting down and abandoning module D3D11RHI (128)
[2022.02.11-15.46.29:976][481]LogModuleManager: Shutting down and abandoning module InputCore (126)
[2022.02.11-15.46.29:976][481]LogModuleManager: Shutting down and abandoning module Settings (124)
[2022.02.11-15.46.29:976][481]LogModuleManager: Shutting down and abandoning module DirectoryWatcher (122)
[2022.02.11-15.46.29:976][481]LogModuleManager: Shutting down and abandoning module PhysXCooking (120)
[2022.02.11-15.46.29:976][481]LogModuleManager: Shutting down and abandoning module Chaos (118)
[2022.02.11-15.46.29:976][481]LogModuleManager: Shutting down and abandoning module WindowsPlatformFeatures (116)
[2022.02.11-15.46.29:976][481]LogModuleManager: Shutting down and abandoning module GameplayMediaEncoder (115)
[2022.02.11-15.46.29:976][481]LogModuleManager: Shutting down and abandoning module AVEncoder (114)
[2022.02.11-15.46.29:976][481]LogModuleManager: Shutting down and abandoning module OculusHMD (110)
[2022.02.11-15.46.29:976][481]LogModuleManager: Shutting down and abandoning module OpenXREyeTracker (108)
[2022.02.11-15.46.29:976][481]LogModuleManager: Shutting down and abandoning module OpenXRHandTracking (106)
[2022.02.11-15.46.29:976][481]LogSlate: Slate User Destroyed.  User Index 0, Is Virtual User: 0
[2022.02.11-15.46.29:976][481]LogModuleManager: Shutting down and abandoning module OpenXRAR (104)
[2022.02.11-15.46.29:976][481]LogModuleManager: Shutting down and abandoning module AugmentedReality (103)
[2022.02.11-15.46.29:976][481]LogModuleManager: Shutting down and abandoning module OpenXRHMD (100)
[2022.02.11-15.46.29:976][481]LogModuleManager: Shutting down and abandoning module ExampleDeviceProfileSelector (98)
[2022.02.11-15.46.29:976][481]LogModuleManager: Shutting down and abandoning module ChunkDownloader (96)
[2022.02.11-15.46.29:976][481]LogModuleManager: Shutting down and abandoning module OnlineBlueprintSupport (94)
[2022.02.11-15.46.29:976][481]LogModuleManager: Shutting down and abandoning module LauncherChunkInstaller (90)
[2022.02.11-15.46.29:976][481]LogModuleManager: Shutting down and abandoning module OnlineSubsystem (88)
[2022.02.11-15.46.29:977][481]LogModuleManager: Shutting down and abandoning module XMPP (83)
[2022.02.11-15.46.29:977][481]LogModuleManager: Shutting down and abandoning module WebSockets (82)
[2022.02.11-15.46.29:986][481]LogModuleManager: Shutting down and abandoning module HTTP (79)
[2022.02.11-15.46.29:986][481]LogHttp: Display: Http module shutting down, but needs to wait on 1 outstanding Http requests:
[2022.02.11-15.46.29:986][481]LogHttp: Display: 	verb=[POST] url=[https://datarouter.ol.epicgames.com/datarouter/api/v1/public/data?SessionID=%7B897168BB-40DD-CF5F-0FEA-338BC2B4401C%7D&AppID=UEEditor.Rocket.Release&AppVersion=4.27.1-17735300%2B%2B%2BUE4%2BRelease-4.27&UserID=7537760e4a3697b92dac51b41497bd4a%7Cc023a9fe96ea4b0aadb1ced56addf0fa%7C83f8b501-672d-4f4d-991b-8fa3a727c30e&AppEnvironment=datacollector-binary&UploadType=eteventstream] refs=[1] status=Processing
[2022.02.11-15.46.29:986][481]LogHttp: Display: cleaning up 1 outstanding Http requests.
[2022.02.11-15.46.30:005][481]LogModuleManager: Shutting down and abandoning module SSL (78)
[2022.02.11-15.46.30:006][481]LogModuleManager: Shutting down and abandoning module WmfMedia (74)
[2022.02.11-15.46.30:008][481]LogModuleManager: Shutting down and abandoning module Media (73)
[2022.02.11-15.46.30:009][481]LogModuleManager: Shutting down and abandoning module MediaInfo (72)
[2022.02.11-15.46.30:009][481]LogModuleManager: Shutting down and abandoning module ExrReaderGpu (68)
[2022.02.11-15.46.30:009][481]LogModuleManager: Shutting down and abandoning module MLSDK (66)
[2022.02.11-15.46.30:009][481]LogModuleManager: Shutting down and abandoning module MagicLeap (64)
[2022.02.11-15.46.30:009][481]LogModuleManager: Shutting down and abandoning module NiagaraVertexFactories (62)
[2022.02.11-15.46.30:009][481]LogModuleManager: Shutting down and abandoning module NiagaraShader (60)
[2022.02.11-15.46.30:009][481]LogModuleManager: Shutting down and abandoning module ChaosCloth (58)
[2022.02.11-15.46.30:009][481]LogModuleManager: Shutting down and abandoning module VariantManagerContent (56)
[2022.02.11-15.46.30:009][481]LogModuleManager: Shutting down and abandoning module DatasmithContent (54)
[2022.02.11-15.46.30:009][481]LogModuleManager: Shutting down and abandoning module PixWinPlugin (52)
[2022.02.11-15.46.30:009][481]LogModuleManager: Shutting down and abandoning module AISupportModule (50)
[2022.02.11-15.46.30:009][481]LogModuleManager: Shutting down and abandoning module DesktopPlatform (48)
[2022.02.11-15.46.30:009][481]LogModuleManager: Shutting down and abandoning module PythonScriptPluginPreload (46)
[2022.02.11-15.46.30:009][481]LogModuleManager: Shutting down and abandoning module PlatformCryptoOpenSSL (44)
[2022.02.11-15.46.30:009][481]LogModuleManager: Shutting down and abandoning module PlatformCryptoTypes (42)
[2022.02.11-15.46.30:009][481]LogModuleManager: Shutting down and abandoning module PlatformCrypto (40)
[2022.02.11-15.46.30:010][481]LogModuleManager: Shutting down and abandoning module OodleDataCompressionFormat (38)
[2022.02.11-15.46.30:010][481]LogModuleManager: Shutting down and abandoning module XGEController (36)
[2022.02.11-15.46.30:010][481]LogXGEController: Cleaning working directory: C:/Users/diasa/AppData/Local/Temp/UnrealXGEWorkingDir/
[2022.02.11-15.46.30:010][481]LogModuleManager: Shutting down and abandoning module AnimationModifiers (34)
[2022.02.11-15.46.30:010][481]LogModuleManager: Shutting down and abandoning module AudioEditor (32)
[2022.02.11-15.46.30:010][481]LogModuleManager: Shutting down and abandoning module PropertyEditor (31)
[2022.02.11-15.46.30:010][481]LogModuleManager: Shutting down and abandoning module TextureCompressor (28)
[2022.02.11-15.46.30:010][481]LogModuleManager: Shutting down and abandoning module RenderCore (26)
[2022.02.11-15.46.30:010][481]LogModuleManager: Shutting down and abandoning module Landscape (24)
[2022.02.11-15.46.30:010][481]LogModuleManager: Shutting down and abandoning module SlateRHIRenderer (22)
[2022.02.11-15.46.30:011][481]LogModuleManager: Shutting down and abandoning module AnimGraphRuntime (20)
[2022.02.11-15.46.30:011][481]LogModuleManager: Shutting down and abandoning module Renderer (18)
[2022.02.11-15.46.30:011][481]LogModuleManager: Shutting down and abandoning module Engine (16)
[2022.02.11-15.46.30:011][481]LogModuleManager: Shutting down and abandoning module CoreUObject (14)
[2022.02.11-15.46.30:011][481]LogModuleManager: Shutting down and abandoning module NetworkFile (12)
[2022.02.11-15.46.30:011][481]LogModuleManager: Shutting down and abandoning module CookedIterativeFile (10)
[2022.02.11-15.46.30:011][481]LogModuleManager: Shutting down and abandoning module StreamingFile (8)
[2022.02.11-15.46.30:011][481]LogModuleManager: Shutting down and abandoning module SandboxFile (6)
[2022.02.11-15.46.30:011][481]LogModuleManager: Shutting down and abandoning module PakFile (4)
[2022.02.11-15.46.30:011][481]LogModuleManager: Shutting down and abandoning module RSA (3)
[2022.02.11-15.46.30:444][481]LogContentStreaming: Display: There are 1 unreleased StreamingManagers
[2022.02.11-15.46.30:445][481]LogD3D11RHI: Shutdown
[2022.02.11-15.46.30:445][481]LogD3D11RHI: CleanupD3DDevice
[2022.02.11-15.46.30:467][481]LogExit: Exiting.
[2022.02.11-15.46.30:509][481]Log file closed, 02/11/22 16:46:30
